Workbook
Name Testing_status: #REF!
Name Testing_status: #REF!
Name Testing_status: #REF!
Name Testing_status: #REF!
Name Testing_status: #REF!
Name Display_Week: #REF!
Name Project_Start: #REF!

Sheet Cover
B6: ECP
B7: TESTCASE
F9: Mã hiệu
F10: Phiên bản | I10: 1.0
F11: Ngày hiệu lực

Sheet Revision history
C1: REVISION HISTORY - TESTCASE
B4: Phiên bản testcase (Testcase version) | C4: Ngày cập nhật (Date Update) | D4: Người tạo (Author) | E4: Người xem xét (Reviewer) | F4: Tên chức năng (Function name) | G4: Mô tả chức năng (Function description) | H4: Tình trạng (Status)
B5: v1.0
B6: v1.0_Sprint 10 | C6: 20/03/2026 | D6: GiangDC2, AnhDC4 | E6: HuyenNHK | F6: Luồng checkout Net,Combo net | G6: Luồng checkout Net,Combo net | H6: Thêm mới
B7: v1.0 Sprint 12 | C7: 46026 | D7: GiangDC2, AnhDC4 | E7: HuyenNHK | F7: Thông tin chung | G7: Các TC dùng chung cho tất cả dịch vụ (UI, navigation, form validation cơ bản...) | H7: Thêm mới
F8: FPL SA | G8: Luồng checkout FPL SA | H8: Thêm mới
F9: Ultra Fast | G9: Luồng checkout Ultra Fast | H9: Thêm mới
F10: Hyper Fast | G10: Luồng checkout Hyper Fast | H10: Thêm mới
F11: Chi tiết các dịch vụ SA | G11: Chi tiết các dịch vụ SA(FPTPlay, UltraFast, HyperFast) | H11: Thêm mới
F12: Trang tổng hợp dịch vụ | G12: Trang tổng hợp dịch vụ số (UltraFast, HyperFast) | H12: Thêm mới
B13: v1.1
B14: v1.1 sprint 2 | D14: GiangDC2, AnhDC4 | E14: HuyenNHK | F14: Quản lý nội dung gói bán | G14: giangdc2 update
F15: Quản lý gói bán
F16: Quản lý đặc tính | G16: giangdc2 update
F17: Chi tiết thiết bị | G17: Chi tiết thiết bị: AP, Smart Home, Smart Tivi, Camera
C29: REVISION HISTORY - TEMPLATE
B30: [Phần này chỉ giành cho QA update]
B32: Ngày hiệu lực | C32: Version | D32: Người tạo | E32: Người xem xét | F32: Người phê duyệt | G32: Nội dung thay đổi
C33: 1.0 | G33: Tạo mới

Sheet Guideline
B3: QUY ĐỊNH CHUNG
B4: 1. Tên File Testcase/Report đặt theo chuẩn:
B5: ISC_[Tên Dự Án]_[Version Dự Án]_TC_[Version File TC theo Revision history]_R[Số vòng test khi report].xlsx
B6: ISC_[Tên Dự Án]_[Version Dự Án]_Report.xlsx
B7: VD: ISC_Salary FTI_V2.2_TC_V1.0_R1.xlsx ISC_Salary FTI_V2.2_Report.xlsx
B8: 2. Khi update nội dung File Testcase (Add/Update/Delete các Function/Screen) phải tăng [Version File TC] và quản lý lịch sử thay đổi trong Revision history.
B9: 3. Các Function/ Screen khác nhau được tách ra thành từng sheet.
B10: - [Nội Dung Test/Test Title] trongTestcase tách ra từng case riêng biệt không gộp lại thành 1 case nhưng kết quả test khác nhau.
B11: - [Người thực hiện]: sử dụng tên email, chỉ duy nhất một người thực hiện.
B13: BẢNG PHÂN LOẠI TRẠNG THÁI TESTCASE
B15: Trạng thái | C15: Ý nghĩa
B16: (Blank) | C16: Trạng thái mặc định khi chưa thực hiện test
B17: Pass | C17: Thực hiện thành công case
B18: Fail | C18: Không thành công case, có lỗi phát sinh
B19: Block | C19: Case này không thể thực hiện/Pending, ghi rõ lý do trong phần ghi chú: (VD: Do chưa dev xong, Không có điều kiện - dữ liệu test, Tài liệu đặc tả sai, Đã thay đổi yêu cầu...).
B20: N/A | C20: - Case Suggest - Case Won't fix
B23: BẢNG PHÂN LOẠI ĐỘ ƯU TIÊN
B25: Trạng thái | C25: Ý nghĩa
B26: High | C26: - Phải thực hiện trong bất kỳ vòng nào - Case ảnh hưởng trực tiếp đến nhiều người dùng - Chức năng, nghiệp vụ
B27: Medium | C27: - Phải thực hiện ít nhất một lần - Ảnh hưởng đến người dùng
B28: Low | C28: - Có thể bỏ qua khi rút ngắn thời gian test - Case không gây ảnh hưởng nhiều đến người dùng - Case phụ thêm - Không quy định trong tài liệu

Sheet Summary
D1: SUMMARY
A5: Project name | C5: ECP | D5: Version | E5: V1.0 - Sprint 12
A6: Division | C6: ECOM | D6: Project Manager - PM | E6: TaiTT13
B8: STT | C8: Mã chức năng | D8: Sheet Name | E8: Function/ Screen | F8: Số Testcase | G8: Round 1 (09/04/2026 - 15/04/2026) | K8: G:I | L8: Round 2 (dd/mm/yyyy - dd/mm/yyyy) | P8: K:K | Q8: Round 3(dd/mm/yyyy - dd/mm/yyyy) | U8: O:O | V8: Round 4 (dd/mm/yyyy - dd/mm/yyyy) | Z8: S:S | AA8: Round 5 (dd/mm/yyyy - dd/mm/yyyy) | AE8: W:W | AF8: Round 6 (dd/mm/yyyy - dd/mm/yyyy) | AJ8: AA:AA | AK8: Round 7 (dd/mm/yyyy - dd/mm/yyyy) | AO8: AE:AE | AP8: Round 8 (dd/mm/yyyy - dd/mm/yyyy) | AT8: AI:AI | AU8: Round 9 (dd/mm/yyyy - dd/mm/yyyy) | AY8: AM:AM | AZ8: Round 10 (dd/mm/yyyy - dd/mm/yyyy) | BD8: AQ:AQ
G9: Excute Testcase | H9: Pass | I9: Fail | J9: N/A | K9: Block | L9: Excute Testcase | M9: Pass | N9: Fail | O9: N/A | P9: Block | Q9: Excute Testcase | R9: Pass | S9: Fail | T9: N/A | U9: Block | V9: Excute Testcase | W9: Pass | X9: Fail | Y9: N/A | Z9: Block | AA9: Excute Testcase | AB9: Pass | AC9: Fail | AD9: N/A | AE9: Block | AF9: Excute Testcase | AG9: Pass | AH9: Fail | AI9: N/A | AJ9: Block | AK9: Excute Testcase | AL9: Pass | AM9: Fail | AN9: N/A | AO9: Block | AP9: v | AQ9: Pass | AR9: Fail | AS9: N/A | AT9: Block | AU9: Excute Testcase | AV9: Pass | AW9: Fail | AX9: N/A | AY9: Block | AZ9: Excute Testcase | BA9: Pass | BB9: Fail | BC9: N/A | BD9: Block
B10: 1 | C10: TC_01 | D10: Thông tin chung | E10: Thông tin chung | F10: 300 | G10: =SUM(H10:J10) -> 0 | H10: =COUNTIF(INDIRECT("'"&$D10&"'!"&K$8),"Pass") -> 0 | I10: =COUNTIF(INDIRECT("'"&$D10&"'!"&K$8),"Fail") -> 0 | J10: =COUNTIF(INDIRECT("'"&$D10&"'!"&K$8),"N/A") -> 0 | K10: =COUNTIF(INDIRECT("'"&$D10&"'!"&K$8),"Block") -> 0 | L10: =SUM(M10:O10) -> 0 | M10: =COUNTIF(INDIRECT("'"&$D10&"'!"&P$8),"Pass") -> 0 | N10: =COUNTIF(INDIRECT("'"&$D10&"'!"&P$8),"Fail") -> 0 | O10: =COUNTIF(INDIRECT("'"&$D10&"'!"&P$8),"N/A") -> 0 | P10: =COUNTIF(INDIRECT("'"&$D10&"'!"&P$8),"Block") -> 0 | Q10: =SUM(R10:T10) -> 0 | R10: =COUNTIF(INDIRECT("'"&$D10&"'!"&U$8),"Pass") -> 0 | S10: =COUNTIF(INDIRECT("'"&$D10&"'!"&U$8),"Fail") -> 0 | T10: =COUNTIF(INDIRECT("'"&$D10&"'!"&U$8),"N/A") -> 0 | U10: =COUNTIF(INDIRECT("'"&$D10&"'!"&U$8),"Block") -> 0 | V10: =SUM(W10:Y10) -> 0 | W10: =COUNTIF(INDIRECT("'"&$D10&"'!"&Z$8),"Pass") -> 0 | X10: =COUNTIF(INDIRECT("'"&$D10&"'!"&Z$8),"Fail") -> 0 | Y10: =COUNTIF(INDIRECT("'"&$D10&"'!"&Z$8),"N/A") -> 0 | Z10: =COUNTIF(INDIRECT("'"&$D10&"'!"&Z$8),"Block") -> 0 | AA10: =SUM(AB10:AD10) -> 0 | AB10: =COUNTIF(INDIRECT("'"&$D10&"'!"&AE$8),"Pass") -> 0 | AC10: =COUNTIF(INDIRECT("'"&$D10&"'!"&AE$8),"Fail") -> 0 | AD10: =COUNTIF(INDIRECT("'"&$D10&"'!"&AE$8),"N/A") -> 0 | AE10: =COUNTIF(INDIRECT("'"&$D10&"'!"&AE$8),"Block") -> 0 | AF10: =SUM(AG10:AI10) -> 0 | AG10: =COUNTIF(INDIRECT("'"&$D10&"'!"&AJ$8),"Pass") -> 0 | AH10: =COUNTIF(INDIRECT("'"&$D10&"'!"&AJ$8),"Fail") -> 0 | AI10: =COUNTIF(INDIRECT("'"&$D10&"'!"&AJ$8),"N/A") -> 0 | AJ10: =COUNTIF(INDIRECT("'"&$D10&"'!"&AJ$8),"Block") -> 0 | AK10: =SUM(AL10:AN10) -> 0 | AL10: =COUNTIF(INDIRECT("'"&$D10&"'!"&AO$8),"Pass") -> 0 | AM10: =COUNTIF(INDIRECT("'"&$D10&"'!"&AO$8),"Fail") -> 0 | AN10: =COUNTIF(INDIRECT("'"&$D10&"'!"&AO$8),"N/A") -> 0 | AO10: =COUNTIF(INDIRECT("'"&$D10&"'!"&AO$8),"Block") -> 0 | AP10: =SUM(AQ10:AS10) -> 0 | AQ10: =COUNTIF(INDIRECT("'"&$D10&"'!"&AT$8),"Pass") -> 0 | AR10: =COUNTIF(INDIRECT("'"&$D10&"'!"&AT$8),"Fail") -> 0 | AS10: =COUNTIF(INDIRECT("'"&$D10&"'!"&AT$8),"N/A") -> 0 | AT10: =COUNTIF(INDIRECT("'"&$D10&"'!"&AT$8),"Block") -> 0 | AU10: =SUM(AV10:AX10) -> 0 | AV10: =COUNTIF(INDIRECT("'"&$D10&"'!"&AY$8),"Pass") -> 0 | AW10: =COUNTIF(INDIRECT("'"&$D10&"'!"&AY$8),"Fail") -> 0 | AX10: =COUNTIF(INDIRECT("'"&$D10&"'!"&AY$8),"N/A") -> 0 | AY10: =COUNTIF(INDIRECT("'"&$D10&"'!"&AY$8),"Block") -> 0 | AZ10: =SUM(BA10:BC10) -> 0 | BA10: =COUNTIF(INDIRECT("'"&$D10&"'!"&BD$8),"Pass") -> 0 | BB10: =COUNTIF(INDIRECT("'"&$D10&"'!"&BD$8),"Fail") -> 0 | BC10: =COUNTIF(INDIRECT("'"&$D10&"'!"&BD$8),"N/A") -> 0 | BD10: =COUNTIF(INDIRECT("'"&$D10&"'!"&BD$8),"Block") -> 0
B11: 2 | C11: TC_02 | D11: FPL SA | E11: FPL SA | F11: =COUNTIF(INDIRECT("'"&D11&"'!A:A"),C11&"*") -> 0 | G11: =SUM(H11:J11) -> 0 | H11: =COUNTIF(INDIRECT("'"&$D11&"'!"&K$8),"Pass") -> 0 | I11: =COUNTIF(INDIRECT("'"&$D11&"'!"&K$8),"Fail") -> 0 | J11: =COUNTIF(INDIRECT("'"&$D11&"'!"&K$8),"N/A") -> 0 | K11: =COUNTIF(INDIRECT("'"&$D11&"'!"&K$8),"Block") -> 0 | L11: =SUM(M11:O11) -> 0 | M11: =COUNTIF(INDIRECT("'"&$D11&"'!"&P$8),"Pass") -> 0 | N11: =COUNTIF(INDIRECT("'"&$D11&"'!"&P$8),"Fail") -> 0 | O11: =COUNTIF(INDIRECT("'"&$D11&"'!"&P$8),"N/A") -> 0 | P11: =COUNTIF(INDIRECT("'"&$D11&"'!"&P$8),"Block") -> 0 | Q11: =SUM(R11:T11) -> 0 | R11: =COUNTIF(INDIRECT("'"&$D11&"'!"&U$8),"Pass") -> 0 | S11: =COUNTIF(INDIRECT("'"&$D11&"'!"&U$8),"Fail") -> 0 | T11: =COUNTIF(INDIRECT("'"&$D11&"'!"&U$8),"N/A") -> 0 | U11: =COUNTIF(INDIRECT("'"&$D11&"'!"&U$8),"Block") -> 0 | V11: =SUM(W11:Y11) -> 0 | W11: =COUNTIF(INDIRECT("'"&$D11&"'!"&Z$8),"Pass") -> 0 | X11: =COUNTIF(INDIRECT("'"&$D11&"'!"&Z$8),"Fail") -> 0 | Y11: =COUNTIF(INDIRECT("'"&$D11&"'!"&Z$8),"N/A") -> 0 | Z11: =COUNTIF(INDIRECT("'"&$D11&"'!"&Z$8),"Block") -> 0 | AA11: =SUM(AB11:AD11) -> 0 | AB11: =COUNTIF(INDIRECT("'"&$D11&"'!"&AE$8),"Pass") -> 0 | AC11: =COUNTIF(INDIRECT("'"&$D11&"'!"&AE$8),"Fail") -> 0 | AD11: =COUNTIF(INDIRECT("'"&$D11&"'!"&AE$8),"N/A") -> 0 | AE11: =COUNTIF(INDIRECT("'"&$D11&"'!"&AE$8),"Block") -> 0 | AF11: =SUM(AG11:AI11) -> 0 | AG11: =COUNTIF(INDIRECT("'"&$D11&"'!"&AJ$8),"Pass") -> 0 | AH11: =COUNTIF(INDIRECT("'"&$D11&"'!"&AJ$8),"Fail") -> 0 | AI11: =COUNTIF(INDIRECT("'"&$D11&"'!"&AJ$8),"N/A") -> 0 | AJ11: =COUNTIF(INDIRECT("'"&$D11&"'!"&AJ$8),"Block") -> 0 | AK11: =SUM(AL11:AN11) -> 0 | AL11: =COUNTIF(INDIRECT("'"&$D11&"'!"&AO$8),"Pass") -> 0 | AM11: =COUNTIF(INDIRECT("'"&$D11&"'!"&AO$8),"Fail") -> 0 | AN11: =COUNTIF(INDIRECT("'"&$D11&"'!"&AO$8),"N/A") -> 0 | AO11: =COUNTIF(INDIRECT("'"&$D11&"'!"&AO$8),"Block") -> 0 | AP11: =SUM(AQ11:AS11) -> 0 | AQ11: =COUNTIF(INDIRECT("'"&$D11&"'!"&AT$8),"Pass") -> 0 | AR11: =COUNTIF(INDIRECT("'"&$D11&"'!"&AT$8),"Fail") -> 0 | AS11: =COUNTIF(INDIRECT("'"&$D11&"'!"&AT$8),"N/A") -> 0 | AT11: =COUNTIF(INDIRECT("'"&$D11&"'!"&AT$8),"Block") -> 0 | AU11: =SUM(AV11:AX11) -> 0 | AV11: =COUNTIF(INDIRECT("'"&$D11&"'!"&AY$8),"Pass") -> 0 | AW11: =COUNTIF(INDIRECT("'"&$D11&"'!"&AY$8),"Fail") -> 0 | AX11: =COUNTIF(INDIRECT("'"&$D11&"'!"&AY$8),"N/A") -> 0 | AY11: =COUNTIF(INDIRECT("'"&$D11&"'!"&AY$8),"Block") -> 0 | AZ11: =SUM(BA11:BC11) -> 0 | BA11: =COUNTIF(INDIRECT("'"&$D11&"'!"&BD$8),"Pass") -> 0 | BB11: =COUNTIF(INDIRECT("'"&$D11&"'!"&BD$8),"Fail") -> 0 | BC11: =COUNTIF(INDIRECT("'"&$D11&"'!"&BD$8),"N/A") -> 0 | BD11: =COUNTIF(INDIRECT("'"&$D11&"'!"&BD$8),"Block") -> 0
B12: 3 | C12: TC_03 | D12: Ultra Fast | E12: Ultra Fast | F12: =COUNTIF(INDIRECT("'"&D12&"'!A:A"),C12&"*") -> 0 | G12: =SUM(H12:J12) -> 0 | H12: =COUNTIF(INDIRECT("'"&$D12&"'!"&K$8),"Pass") -> 0 | I12: =COUNTIF(INDIRECT("'"&$D12&"'!"&K$8),"Fail") -> 0 | J12: =COUNTIF(INDIRECT("'"&$D12&"'!"&K$8),"N/A") -> 0 | K12: =COUNTIF(INDIRECT("'"&$D12&"'!"&K$8),"Block") -> 0 | L12: =SUM(M12:O12) -> 0 | M12: =COUNTIF(INDIRECT("'"&$D12&"'!"&P$8),"Pass") -> 0 | N12: =COUNTIF(INDIRECT("'"&$D12&"'!"&P$8),"Fail") -> 0 | O12: =COUNTIF(INDIRECT("'"&$D12&"'!"&P$8),"N/A") -> 0 | P12: =COUNTIF(INDIRECT("'"&$D12&"'!"&P$8),"Block") -> 0 | Q12: =SUM(R12:T12) -> 0 | R12: =COUNTIF(INDIRECT("'"&$D12&"'!"&U$8),"Pass") -> 0 | S12: =COUNTIF(INDIRECT("'"&$D12&"'!"&U$8),"Fail") -> 0 | T12: =COUNTIF(INDIRECT("'"&$D12&"'!"&U$8),"N/A") -> 0 | U12: =COUNTIF(INDIRECT("'"&$D12&"'!"&U$8),"Block") -> 0 | V12: =SUM(W12:Y12) -> 0 | W12: =COUNTIF(INDIRECT("'"&$D12&"'!"&Z$8),"Pass") -> 0 | X12: =COUNTIF(INDIRECT("'"&$D12&"'!"&Z$8),"Fail") -> 0 | Y12: =COUNTIF(INDIRECT("'"&$D12&"'!"&Z$8),"N/A") -> 0 | Z12: =COUNTIF(INDIRECT("'"&$D12&"'!"&Z$8),"Block") -> 0 | AA12: =SUM(AB12:AD12) -> 0 | AB12: =COUNTIF(INDIRECT("'"&$D12&"'!"&AE$8),"Pass") -> 0 | AC12: =COUNTIF(INDIRECT("'"&$D12&"'!"&AE$8),"Fail") -> 0 | AD12: =COUNTIF(INDIRECT("'"&$D12&"'!"&AE$8),"N/A") -> 0 | AE12: =COUNTIF(INDIRECT("'"&$D12&"'!"&AE$8),"Block") -> 0 | AF12: =SUM(AG12:AI12) -> 0 | AG12: =COUNTIF(INDIRECT("'"&$D12&"'!"&AJ$8),"Pass") -> 0 | AH12: =COUNTIF(INDIRECT("'"&$D12&"'!"&AJ$8),"Fail") -> 0 | AI12: =COUNTIF(INDIRECT("'"&$D12&"'!"&AJ$8),"N/A") -> 0 | AJ12: =COUNTIF(INDIRECT("'"&$D12&"'!"&AJ$8),"Block") -> 0 | AK12: =SUM(AL12:AN12) -> 0 | AL12: =COUNTIF(INDIRECT("'"&$D12&"'!"&AO$8),"Pass") -> 0 | AM12: =COUNTIF(INDIRECT("'"&$D12&"'!"&AO$8),"Fail") -> 0 | AN12: =COUNTIF(INDIRECT("'"&$D12&"'!"&AO$8),"N/A") -> 0 | AO12: =COUNTIF(INDIRECT("'"&$D12&"'!"&AO$8),"Block") -> 0 | AP12: =SUM(AQ12:AS12) -> 0 | AQ12: =COUNTIF(INDIRECT("'"&$D12&"'!"&AT$8),"Pass") -> 0 | AR12: =COUNTIF(INDIRECT("'"&$D12&"'!"&AT$8),"Fail") -> 0 | AS12: =COUNTIF(INDIRECT("'"&$D12&"'!"&AT$8),"N/A") -> 0 | AT12: =COUNTIF(INDIRECT("'"&$D12&"'!"&AT$8),"Block") -> 0 | AU12: =SUM(AV12:AX12) -> 0 | AV12: =COUNTIF(INDIRECT("'"&$D12&"'!"&AY$8),"Pass") -> 0 | AW12: =COUNTIF(INDIRECT("'"&$D12&"'!"&AY$8),"Fail") -> 0 | AX12: =COUNTIF(INDIRECT("'"&$D12&"'!"&AY$8),"N/A") -> 0 | AY12: =COUNTIF(INDIRECT("'"&$D12&"'!"&AY$8),"Block") -> 0 | AZ12: =SUM(BA12:BC12) -> 0 | BA12: =COUNTIF(INDIRECT("'"&$D12&"'!"&BD$8),"Pass") -> 0 | BB12: =COUNTIF(INDIRECT("'"&$D12&"'!"&BD$8),"Fail") -> 0 | BC12: =COUNTIF(INDIRECT("'"&$D12&"'!"&BD$8),"N/A") -> 0 | BD12: =COUNTIF(INDIRECT("'"&$D12&"'!"&BD$8),"Block") -> 0
B13: 4 | C13: TC_04 | D13: Hyper Fast | E13: Hyper Fast | F13: =COUNTIF(INDIRECT("'"&D13&"'!A:A"),C13&"*") -> 0 | G13: =SUM(H13:J13) -> 0 | H13: =COUNTIF(INDIRECT("'"&$D13&"'!"&K$8),"Pass") -> 0 | I13: =COUNTIF(INDIRECT("'"&$D13&"'!"&K$8),"Fail") -> 0 | J13: =COUNTIF(INDIRECT("'"&$D13&"'!"&K$8),"N/A") -> 0 | K13: =COUNTIF(INDIRECT("'"&$D13&"'!"&K$8),"Block") -> 0 | L13: =SUM(M13:O13) -> 0 | M13: =COUNTIF(INDIRECT("'"&$D13&"'!"&P$8),"Pass") -> 0 | N13: =COUNTIF(INDIRECT("'"&$D13&"'!"&P$8),"Fail") -> 0 | O13: =COUNTIF(INDIRECT("'"&$D13&"'!"&P$8),"N/A") -> 0 | P13: =COUNTIF(INDIRECT("'"&$D13&"'!"&P$8),"Block") -> 0 | Q13: =SUM(R13:T13) -> 0 | R13: =COUNTIF(INDIRECT("'"&$D13&"'!"&U$8),"Pass") -> 0 | S13: =COUNTIF(INDIRECT("'"&$D13&"'!"&U$8),"Fail") -> 0 | T13: =COUNTIF(INDIRECT("'"&$D13&"'!"&U$8),"N/A") -> 0 | U13: =COUNTIF(INDIRECT("'"&$D13&"'!"&U$8),"Block") -> 0 | V13: =SUM(W13:Y13) -> 0 | W13: =COUNTIF(INDIRECT("'"&$D13&"'!"&Z$8),"Pass") -> 0 | X13: =COUNTIF(INDIRECT("'"&$D13&"'!"&Z$8),"Fail") -> 0 | Y13: =COUNTIF(INDIRECT("'"&$D13&"'!"&Z$8),"N/A") -> 0 | Z13: =COUNTIF(INDIRECT("'"&$D13&"'!"&Z$8),"Block") -> 0 | AA13: =SUM(AB13:AD13) -> 0 | AB13: =COUNTIF(INDIRECT("'"&$D13&"'!"&AE$8),"Pass") -> 0 | AC13: =COUNTIF(INDIRECT("'"&$D13&"'!"&AE$8),"Fail") -> 0 | AD13: =COUNTIF(INDIRECT("'"&$D13&"'!"&AE$8),"N/A") -> 0 | AE13: =COUNTIF(INDIRECT("'"&$D13&"'!"&AE$8),"Block") -> 0 | AF13: =SUM(AG13:AI13) -> 0 | AG13: =COUNTIF(INDIRECT("'"&$D13&"'!"&AJ$8),"Pass") -> 0 | AH13: =COUNTIF(INDIRECT("'"&$D13&"'!"&AJ$8),"Fail") -> 0 | AI13: =COUNTIF(INDIRECT("'"&$D13&"'!"&AJ$8),"N/A") -> 0 | AJ13: =COUNTIF(INDIRECT("'"&$D13&"'!"&AJ$8),"Block") -> 0 | AK13: =SUM(AL13:AN13) -> 0 | AL13: =COUNTIF(INDIRECT("'"&$D13&"'!"&AO$8),"Pass") -> 0 | AM13: =COUNTIF(INDIRECT("'"&$D13&"'!"&AO$8),"Fail") -> 0 | AN13: =COUNTIF(INDIRECT("'"&$D13&"'!"&AO$8),"N/A") -> 0 | AO13: =COUNTIF(INDIRECT("'"&$D13&"'!"&AO$8),"Block") -> 0 | AP13: =SUM(AQ13:AS13) -> 0 | AQ13: =COUNTIF(INDIRECT("'"&$D13&"'!"&AT$8),"Pass") -> 0 | AR13: =COUNTIF(INDIRECT("'"&$D13&"'!"&AT$8),"Fail") -> 0 | AS13: =COUNTIF(INDIRECT("'"&$D13&"'!"&AT$8),"N/A") -> 0 | AT13: =COUNTIF(INDIRECT("'"&$D13&"'!"&AT$8),"Block") -> 0 | AU13: =SUM(AV13:AX13) -> 0 | AV13: =COUNTIF(INDIRECT("'"&$D13&"'!"&AY$8),"Pass") -> 0 | AW13: =COUNTIF(INDIRECT("'"&$D13&"'!"&AY$8),"Fail") -> 0 | AX13: =COUNTIF(INDIRECT("'"&$D13&"'!"&AY$8),"N/A") -> 0 | AY13: =COUNTIF(INDIRECT("'"&$D13&"'!"&AY$8),"Block") -> 0 | AZ13: =SUM(BA13:BC13) -> 0 | BA13: =COUNTIF(INDIRECT("'"&$D13&"'!"&BD$8),"Pass") -> 0 | BB13: =COUNTIF(INDIRECT("'"&$D13&"'!"&BD$8),"Fail") -> 0 | BC13: =COUNTIF(INDIRECT("'"&$D13&"'!"&BD$8),"N/A") -> 0 | BD13: =COUNTIF(INDIRECT("'"&$D13&"'!"&BD$8),"Block") -> 0
B14: 5 | C14: TC_05 | D14: Chi tiết thiết bị | E14: Chi tiết thiết bị | F14: {=COUNTIF(INDIRECT("'"&D14&"'!A:A"),C14&"*")*3} -> 0 | G14: =SUM(H14:J14) -> 0 | H14: =COUNTIF(INDIRECT("'"&$D14&"'!"&K$8),"Pass") -> 0 | I14: =COUNTIF(INDIRECT("'"&$D14&"'!"&K$8),"Fail") -> 0 | J14: =COUNTIF(INDIRECT("'"&$D14&"'!"&K$8),"N/A") -> 0 | K14: =COUNTIF(INDIRECT("'"&$D14&"'!"&K$8),"Block") -> 0 | L14: =SUM(M14:O14) -> 0 | M14: =COUNTIF(INDIRECT("'"&$D14&"'!"&P$8),"Pass") -> 0 | N14: =COUNTIF(INDIRECT("'"&$D14&"'!"&P$8),"Fail") -> 0 | O14: =COUNTIF(INDIRECT("'"&$D14&"'!"&P$8),"N/A") -> 0 | P14: =COUNTIF(INDIRECT("'"&$D14&"'!"&P$8),"Block") -> 0 | Q14: =SUM(R14:T14) -> 0 | R14: =COUNTIF(INDIRECT("'"&$D14&"'!"&U$8),"Pass") -> 0 | S14: =COUNTIF(INDIRECT("'"&$D14&"'!"&U$8),"Fail") -> 0 | T14: =COUNTIF(INDIRECT("'"&$D14&"'!"&U$8),"N/A") -> 0 | U14: =COUNTIF(INDIRECT("'"&$D14&"'!"&U$8),"Block") -> 0 | V14: =SUM(W14:Y14) -> 0 | W14: =COUNTIF(INDIRECT("'"&$D14&"'!"&Z$8),"Pass") -> 0 | X14: =COUNTIF(INDIRECT("'"&$D14&"'!"&Z$8),"Fail") -> 0 | Y14: =COUNTIF(INDIRECT("'"&$D14&"'!"&Z$8),"N/A") -> 0 | Z14: =COUNTIF(INDIRECT("'"&$D14&"'!"&Z$8),"Block") -> 0 | AA14: =SUM(AB14:AD14) -> 0 | AB14: =COUNTIF(INDIRECT("'"&$D14&"'!"&AE$8),"Pass") -> 0 | AC14: =COUNTIF(INDIRECT("'"&$D14&"'!"&AE$8),"Fail") -> 0 | AD14: =COUNTIF(INDIRECT("'"&$D14&"'!"&AE$8),"N/A") -> 0 | AE14: =COUNTIF(INDIRECT("'"&$D14&"'!"&AE$8),"Block") -> 0 | AF14: =SUM(AG14:AI14) -> 0 | AG14: =COUNTIF(INDIRECT("'"&$D14&"'!"&AJ$8),"Pass") -> 0 | AH14: =COUNTIF(INDIRECT("'"&$D14&"'!"&AJ$8),"Fail") -> 0 | AI14: =COUNTIF(INDIRECT("'"&$D14&"'!"&AJ$8),"N/A") -> 0 | AJ14: =COUNTIF(INDIRECT("'"&$D14&"'!"&AJ$8),"Block") -> 0 | AK14: =SUM(AL14:AN14) -> 0 | AL14: =COUNTIF(INDIRECT("'"&$D14&"'!"&AO$8),"Pass") -> 0 | AM14: =COUNTIF(INDIRECT("'"&$D14&"'!"&AO$8),"Fail") -> 0 | AN14: =COUNTIF(INDIRECT("'"&$D14&"'!"&AO$8),"N/A") -> 0 | AO14: =COUNTIF(INDIRECT("'"&$D14&"'!"&AO$8),"Block") -> 0 | AP14: =SUM(AQ14:AS14) -> 0 | AQ14: =COUNTIF(INDIRECT("'"&$D14&"'!"&AT$8),"Pass") -> 0 | AR14: =COUNTIF(INDIRECT("'"&$D14&"'!"&AT$8),"Fail") -> 0 | AS14: =COUNTIF(INDIRECT("'"&$D14&"'!"&AT$8),"N/A") -> 0 | AT14: =COUNTIF(INDIRECT("'"&$D14&"'!"&AT$8),"Block") -> 0 | AU14: =SUM(AV14:AX14) -> 0 | AV14: =COUNTIF(INDIRECT("'"&$D14&"'!"&AY$8),"Pass") -> 0 | AW14: =COUNTIF(INDIRECT("'"&$D14&"'!"&AY$8),"Fail") -> 0 | AX14: =COUNTIF(INDIRECT("'"&$D14&"'!"&AY$8),"N/A") -> 0 | AY14: =COUNTIF(INDIRECT("'"&$D14&"'!"&AY$8),"Block") -> 0 | AZ14: =SUM(BA14:BC14) -> 0 | BA14: =COUNTIF(INDIRECT("'"&$D14&"'!"&BD$8),"Pass") -> 0 | BB14: =COUNTIF(INDIRECT("'"&$D14&"'!"&BD$8),"Fail") -> 0 | BC14: =COUNTIF(INDIRECT("'"&$D14&"'!"&BD$8),"N/A") -> 0 | BD14: =COUNTIF(INDIRECT("'"&$D14&"'!"&BD$8),"Block") -> 0
B15: 4 | C15: TC_06 | D15: Trang tổng hợp dịch vụ | E15: Trang tổng hợp dịch vụ | F15: {=COUNTIF(INDIRECT("'"&D15&"'!A:A"),C15&"*")} -> 0 | G15: =SUM(H15:J15) -> 0 | H15: =COUNTIF(INDIRECT("'"&$D15&"'!"&K$8),"Pass") -> 0 | I15: =COUNTIF(INDIRECT("'"&$D15&"'!"&K$8),"Fail") -> 0 | J15: =COUNTIF(INDIRECT("'"&$D15&"'!"&K$8),"N/A") -> 0 | K15: =COUNTIF(INDIRECT("'"&$D15&"'!"&K$8),"Block") -> 0 | L15: =SUM(M15:O15) -> 0 | M15: =COUNTIF(INDIRECT("'"&$D15&"'!"&P$8),"Pass") -> 0 | N15: =COUNTIF(INDIRECT("'"&$D15&"'!"&P$8),"Fail") -> 0 | O15: =COUNTIF(INDIRECT("'"&$D15&"'!"&P$8),"N/A") -> 0 | P15: =COUNTIF(INDIRECT("'"&$D15&"'!"&P$8),"Block") -> 0 | Q15: =SUM(R15:T15) -> 0 | R15: =COUNTIF(INDIRECT("'"&$D15&"'!"&U$8),"Pass") -> 0 | S15: =COUNTIF(INDIRECT("'"&$D15&"'!"&U$8),"Fail") -> 0 | T15: =COUNTIF(INDIRECT("'"&$D15&"'!"&U$8),"N/A") -> 0 | U15: =COUNTIF(INDIRECT("'"&$D15&"'!"&U$8),"Block") -> 0 | V15: =SUM(W15:Y15) -> 0 | W15: =COUNTIF(INDIRECT("'"&$D15&"'!"&Z$8),"Pass") -> 0 | X15: =COUNTIF(INDIRECT("'"&$D15&"'!"&Z$8),"Fail") -> 0 | Y15: =COUNTIF(INDIRECT("'"&$D15&"'!"&Z$8),"N/A") -> 0 | Z15: =COUNTIF(INDIRECT("'"&$D15&"'!"&Z$8),"Block") -> 0 | AA15: =SUM(AB15:AD15) -> 0 | AB15: =COUNTIF(INDIRECT("'"&$D15&"'!"&AE$8),"Pass") -> 0 | AC15: =COUNTIF(INDIRECT("'"&$D15&"'!"&AE$8),"Fail") -> 0 | AD15: =COUNTIF(INDIRECT("'"&$D15&"'!"&AE$8),"N/A") -> 0 | AE15: =COUNTIF(INDIRECT("'"&$D15&"'!"&AE$8),"Block") -> 0 | AF15: =SUM(AG15:AI15) -> 0 | AG15: =COUNTIF(INDIRECT("'"&$D15&"'!"&AJ$8),"Pass") -> 0 | AH15: =COUNTIF(INDIRECT("'"&$D15&"'!"&AJ$8),"Fail") -> 0 | AI15: =COUNTIF(INDIRECT("'"&$D15&"'!"&AJ$8),"N/A") -> 0 | AJ15: =COUNTIF(INDIRECT("'"&$D15&"'!"&AJ$8),"Block") -> 0 | AK15: =SUM(AL15:AN15) -> 0 | AL15: =COUNTIF(INDIRECT("'"&$D15&"'!"&AO$8),"Pass") -> 0 | AM15: =COUNTIF(INDIRECT("'"&$D15&"'!"&AO$8),"Fail") -> 0 | AN15: =COUNTIF(INDIRECT("'"&$D15&"'!"&AO$8),"N/A") -> 0 | AO15: =COUNTIF(INDIRECT("'"&$D15&"'!"&AO$8),"Block") -> 0 | AP15: =SUM(AQ15:AS15) -> 0 | AQ15: =COUNTIF(INDIRECT("'"&$D15&"'!"&AT$8),"Pass") -> 0 | AR15: =COUNTIF(INDIRECT("'"&$D15&"'!"&AT$8),"Fail") -> 0 | AS15: =COUNTIF(INDIRECT("'"&$D15&"'!"&AT$8),"N/A") -> 0 | AT15: =COUNTIF(INDIRECT("'"&$D15&"'!"&AT$8),"Block") -> 0 | AU15: =SUM(AV15:AX15) -> 0 | AV15: =COUNTIF(INDIRECT("'"&$D15&"'!"&AY$8),"Pass") -> 0 | AW15: =COUNTIF(INDIRECT("'"&$D15&"'!"&AY$8),"Fail") -> 0 | AX15: =COUNTIF(INDIRECT("'"&$D15&"'!"&AY$8),"N/A") -> 0 | AY15: =COUNTIF(INDIRECT("'"&$D15&"'!"&AY$8),"Block") -> 0 | AZ15: =SUM(BA15:BC15) -> 0 | BA15: =COUNTIF(INDIRECT("'"&$D15&"'!"&BD$8),"Pass") -> 0 | BB15: =COUNTIF(INDIRECT("'"&$D15&"'!"&BD$8),"Fail") -> 0 | BC15: =COUNTIF(INDIRECT("'"&$D15&"'!"&BD$8),"N/A") -> 0 | BD15: =COUNTIF(INDIRECT("'"&$D15&"'!"&BD$8),"Block") -> 0
B16: Total | F16: =SUM(F10:F15) -> 300 | G16: =SUM(G10:G15) -> 0 | H16: =SUM(H10:H14) -> 0 | I16: =SUM(I10:I15) -> 0 | J16: =SUM(J10:J15) -> 0 | K16: =SUM(K10:K15) -> 0 | L16: =SUM(L10) -> 0 | M16: =SUM(M10) -> 0 | N16: =SUM(N10) -> 0 | O16: =SUM(O10) -> 0 | P16: =SUM(P10) -> 0 | Q16: =SUM(Q10) -> 0 | R16: =SUM(R10) -> 0 | S16: =SUM(S10) -> 0 | ... BD16: =SUM(BD10) -> 0
B17: Rate (%) | G17: =IFERROR(G16/$F$16,0) -> 0 | H17: =IFERROR(H16/G$16,0) -> 0 | I17: =IFERROR(I16/G$16,0) -> 0 | J17: =IFERROR(J16/G$16,0) -> 0 | K17: =IFERROR(K16/$F$16,0) -> 0 | L17: =IFERROR(L16/$F$16,0) -> 0 | M17: =IFERROR(M16/L$16,0) -> 0 | N17: =IFERROR(N16/L$16,0) -> 0 | O17: =IFERROR(O16/L$16,0) -> 0 | P17: =IFERROR(P16/$F$16,0) -> 0 | Q17: =IFERROR(Q16/$F$16,0) -> 0 | R17: =IFERROR(R16/Q$16,0) -> 0 | S17: =IFERROR(S16/Q$16,0) -> 0 | T17: =IFERROR(T16/Q$16,0) -> 0 | U17: =IFERROR(U16/$F$16,0) -> 0 | V17: =IFERROR(V16/$F$16,0) -> 0 | W17: =IFERROR(W16/V$16,0) -> 0 | X17: =IFERROR(X16/V$16,0) -> 0 | Y17: =IFERROR(Y16/V$16,0) -> 0 | Z17: =IFERROR(Z16/$F$16,0) -> 0 | AA17: =IFERROR(AA16/$F$16,0) -> 0 | AB17: =IFERROR(AB16/AA$16,0) -> 0 | AC17: =IFERROR(AC16/AA$16,0) -> 0 | AD17: =IFERROR(AD16/AA$16,0) -> 0 | AE17: =IFERROR(AE16/$F$16,0) -> 0 | AF17: =IFERROR(AF16/$F$16,0) -> 0 | AG17: =IFERROR(AG16/AF$16,0) -> 0 | AH17: =IFERROR(AH16/AF$16,0) -> 0 | AI17: =IFERROR(AI16/AF$16,0) -> 0 | AJ17: =IFERROR(AJ16/$F$16,0) -> 0 | AK17: =IFERROR(AK16/$F$16,0) -> 0 | AL17: =IFERROR(AL16/AK$16,0) -> 0 | AM17: =IFERROR(AM16/AK$16,0) -> 0 | AN17: =IFERROR(AN16/AK$16,0) -> 0 | AO17: =IFERROR(AO16/$F$16,0) -> 0 | AP17: =IFERROR(AP16/$F$16,0) -> 0 | AQ17: =IFERROR(AQ16/AP$16,0) -> 0 | AR17: =IFERROR(AR16/AP$16,0) -> 0 | AS17: =IFERROR(AS16/AP$16,0) -> 0 | AT17: =IFERROR(AT16/$F$16,0) -> 0 | AU17: =IFERROR(AU16/$F$16,0) -> 0 | AV17: =IFERROR(AV16/AU$16,0) -> 0 | AW17: =IFERROR(AW16/AU$16,0) -> 0 | AX17: =IFERROR(AX16/AU$16,0) -> 0 | AY17: =IFERROR(AY16/$F$16,0) -> 0 | AZ17: =IFERROR(AZ16/$F$16,0) -> 0 | BA17: =IFERROR(BA16/AZ$16,0) -> 0 | BB17: =IFERROR(BB16/AZ$16,0) -> 0 | BC17: =IFERROR(BC16/AZ$16,0) -> 0 | BD17: =IFERROR(BD16/$F$16,0) -> 0

Sheet Đặc tính
B3: Mã chức năng (Function ID) | D3: TC_03
B4: Tên chức năng (Function Name) | D4: Đặc tính
A7: QC/AI | B7: Testcase ID | C7: Mức Độ Ưu Tiên (Priority) | D7: Nội Dung Test (Test Title) | E7: Điều Kiện/ Dữ Liệu Test (Pre-condition/ Test Data) | F7: Các Bước Thực Hiện (Test Steps) | G7: Kết Quả Mong Đợi (Expected Results) | H7: =#REF! -> #REF!
H8: Kết Quả Thực Hiện (Actual Result) | I8: Người Thực Hiện (Executed By) | J8: ID Bugs | K8: Ghi Chú (Remark)
B9: Xem danh sách nhóm đặc tính
B10: =IF(D10="","",$D$3&"."&COUNTA($D$9:D10)&"") -> TC_03.1 | C10: Medium | D10: Check nhóm quyền thao tác xem danh sách nhóm đặc tính | F10: 1. Check quyền thao tác xem danh sách nhóm đặc tính | G10: Người quản trị mở chức năng Đặc tính
B11: =IF(D11="","",$D$3&"."&COUNTA($D$9:D11)&"") -> TC_03.2 | C11: Medium | D11: Check menu vào màn hình Danh sách đặc tính | F11: 1. Login thành công vào hệ thống 2. Check Menu vào màn hình Danh sách đặc tính | G11: Menu vào màn hình Danh sách đặt tính: - Left Menu ProductHub > Đặc tính
B12: =IF(D12="","",$D$3&"."&COUNTA($D$9:D12)&"") -> TC_03.3 | C12: Medium | D12: Check GUI Danh sách nhóm đặc tính | F12: 1. Login thành công vào hệ thống 2. Click Menu ProductHub > Đặc tính 3. Check GUI Danh sách nhóm đặc tính | G12: GUI danh sách đặc tính gồm: - Tiêu đề chính “ProductHub” - Tab “Nhóm đặc tính” - Tab “Đặc tính” - Textbox: Ô tìm kiếm theo tên - Nút “Tìm kiếm” - Nút “+ Tạo mới nhóm đặc tính” - Bảng danh sách nhóm đặc tính sản phẩm - Thanh phân trang Pagination
B13: =IF(D13="","",$D$3&"."&COUNTA($D$9:D13)&"") -> TC_03.4 | C13: Medium | D13: Check Tìm kiếm theo Nhóm đặc tính | F13: 1. Login thành công vào hệ thống 2. Click Menu ProductHub > Đặc tính 3. Fill Tên nhóm đặc tính 4. Click btn Tìm kiếm hoặc nhấn Enter | G13: Trên Bảng danh sách nhóm đặc tính sản phẩm hiển thị dữ liệu thỏa điều kiện đang Filter
B14: =IF(D14="","",$D$3&"."&COUNTA($D$9:D14)&"") -> TC_03.5 | C14: Medium | D14: Check Tìm kiếm theo Tên đặc tính | F14: 1. Login thành công vào hệ thống 2. Click Menu ProductHub > Đặc tính 3. Fill Tên đặc tính 4. Click btn Tìm kiếm hoặc nhấn Enter | G14: Trên Bảng danh sách nhóm đặc tính sản phẩm hiển thị dữ liệu thỏa điều kiện đang Filter
B15: =IF(D15="","",$D$3&"."&COUNTA($D$9:D15)&"") -> TC_03.6 | C15: Medium | D15: Check tìm kiếm theo Nhóm/ Tên đặc tính trước or sau có khoảng trắng | F15: 1. Login thành công vào hệ thống 2. Click Menu ProductHub > Đặc tính 3. Check tìm kiếm theo Nhóm/ Tên đặc tính trước or sau có khoảng trắng 4. Click btn Tìm kiếm | G15: Tự động clear khoảng trắng trước or sau dữ liệu tìm kiếm - Hiển thị dữ liệu thỏa điều kiện đang filter
B16: =IF(D16="","",$D$3&"."&COUNTA($D$9:D16)&"") -> TC_03.7 | C16: Medium | D16: Check tìm kiếm theo Nhóm/ Tên đặc tính có ký tự hoa thường | F16: 1. Login thành công vào hệ thống 2. Click Menu ProductHub > Đặc tính 3. Check tìm kiếm theo Nhóm/ Tên đặc tính trước or sau có khoảng trắng 4. Click btn Tìm kiếm | G16: Cho phép người dùng nhập từ khóa để tìm nhóm đặc tính hoặc đặc tính theo tên. Tìm kiếm không phân biệt hoa/thường. - Hiển thị dữ liệu thỏa điều kiện đang Filter
B17: =IF(D17="","",$D$3&"."&COUNTA($D$9:D17)&"") -> TC_03.8 | C17: Medium | D17: Check Load dữ liệu ở Bảng danh sách nhóm đặc tính sản phẩm | F17: 1. Login thành công vào hệ thống 2. Click Menu ProductHub > Đặc tính 3. Check Load dữ liệu ở Bảng danh sách nhóm đặc tính sản phẩm | G17: Bảng danh sách nhóm đặc tính sản phẩm gồm: - Tên nhóm đặc tính - Tên đặc tính - Thời gian cập nhật - Người cập nhật - Thời gian tạo - Người tạo - Thao tác (Icon group (👁, ✏️)
B18: =IF(D18="","",$D$3&"."&COUNTA($D$9:D18)&"") -> TC_03.9 | C18: Medium | D18: Check hiển thị tên nhóm đặc tính | F18: 1. Login thành công vào hệ thống 2. Click Menu ProductHub > Đặc tính 3. Load dữ liệu ở Bảng danh sách nhóm đặc tính sản phẩm 4. Check hiển thị tên nhóm đặc tính | G18: Hiển thị đúng Tên nhóm đặc tính ví dụ: Internet, FPT Play, Camera… Click vào từng dòng tên nhóm đặc tính, hệ thống mở popup chi tiết nhóm đặc tính đấy.
B19: =IF(D19="","",$D$3&"."&COUNTA($D$9:D19)&"") -> TC_03.10 | C19: Medium | D19: Check hiển thị Tên đặc tính | F19: 1. Login thành công vào hệ thống 2. Click Menu ProductHub > Đặc tính 3. Load dữ liệu ở Bảng danh sách nhóm đặc tính sản phẩm 4. Check hiển thị Tên đặc tính | G19: Hiển thị danh sách các đặc tính thuộc nhóm dưới dạng thẻ (tag). Mặc định hiển thị 2 thẻ đầu tiên, phần còn lại hiển thị “+X more”.
B20: =IF(D20="","",$D$3&"."&COUNTA($D$9:D20)&"") -> TC_03.11 | C20: Medium | D20: Check hiển thị Thời gian cập nhật | F20: 1. Login thành công vào hệ thống 2. Click Menu ProductHub > Đặc tính 3. Load dữ liệu ở Bảng danh sách nhóm đặc tính sản phẩm 4. Check hiển thị Thời gian cập nhật | G20: Hiển thị thời gian cập nhật gần nhất, định dạng dd/MM/yyyy HH:mm, sử dụng hệ giờ 24h.
B21: =IF(D21="","",$D$3&"."&COUNTA($D$9:D21)&"") -> TC_03.12 | C21: Medium | D21: Check hiển thị Người cập nhật | F21: 1. Login thành công vào hệ thống 2. Click Menu ProductHub > Đặc tính 3. Load dữ liệu ở Bảng danh sách nhóm đặc tính sản phẩm 4. Check hiển thị Người cập nhật | G21: Hiển thị username hoặc mã người dùng thực hiện cập nhật gần nhất. Khi tạo mới, thời gian cập nhật = thời gian tạo. Danh sách được sắp xếp theo thời gian cập nhật (last update), trong đó các nhóm đặc tính được cập nhật gần nhất sẽ hiển thị ở đầu danh sách.
... B27: =IF(D27="","",$D$3&"."&COUNTA($D$9:D27)&"") -> TC_03.18 | C27: Medium | D27: Check click btn Tạo mới nhóm đặc tính | F27: 1. Login thành công vào hệ thống 2. Click Menu ProductHub > Đặc tính 3. Load dữ liệu ở Bảng danh sách nhóm đặc tính sản phẩm 4. Check click btn Tạo mới nhóm đặc tính | G27: Hiển thị ở góc phải phía trên bảng.Hiển thị Popup Nhóm đặc tính
B28: Tạo mới nhóm đặc tính
B29: =IF(D29="","",$D$3&"."&COUNTA($D$9:D29)&"") -> TC_03.19 | C29: Medium | D29: Check Popup Tạo mới nhóm đặc tính | F29: 1. Login thành công vào hệ thống 2. Click Menu ProductHub > Đặc tính 3. Click btn Tạo mới nhóm đặc tính 5. Check Popup Tạo mới nhóm đặc tính | G29: Hiển thị ở góc phải phía trên bảng.Hiển thị Popup Nhóm đặc tính: - Title popup: Tạo mới nhóm đặc tính - Textbox: Tên nhóm đặc tính (*) - Placeholder: Nhập tên nhóm đặc tính - Droplist: Chọn đặc tính - btn Hủy - btn Tạo - icon x (đóng popup)
B30: =IF(D30="","",$D$3&"."&COUNTA($D$9:D30)&"") -> TC_03.20 | C30: Medium | D30: Check Tạo mới khi không Nhập tên nhóm đặc tính | F30: 1. Popup Tạo mới nhóm đặc tính 2. Check Tạo mới khi không Nhập tên nhóm đặc tính 3. Click btn Tạo | G30: “Vui lòng nhập tên nhóm đặc tính!”.
B31: =IF(D31="","",$D$3&"."&COUNTA($D$9:D31)&"") -> TC_03.21 | C31: Medium | D31: Check Tạo mới khi Nhập tên nhóm đặc tính là khoảng trắng | F31: 1. Popup Tạo mới nhóm đặc tính 2. Check Tạo mới khi Nhập tên nhóm đặc tính là khoảng trắng 3. Click btn Tạo | G31: “Vui lòng nhập tên nhóm đặc tính!”.
B32: =IF(D32="","",$D$3&"."&COUNTA($D$9:D32)&"") -> TC_03.22 | C32: Medium | D32: Check Tạo mới nhưng Nhập tên nhóm đặc tính quá dài | F32: 1. Popup Tạo mới nhóm đặc tính 2. Check Tạo mới nhưng Nhập tên nhóm đặc tính quá dài 3. Click btn Tạo | G32: Hiển thị cảnh báo: "Tên nhóm đặc tính tối đa 255 ký tự"
B33: =IF(D33="","",$D$3&"."&COUNTA($D$9:D33)&"") -> TC_03.23 | C33: Medium | D33: Check load data Droplist Đặc tính | F33: 1. Popup Tạo mới nhóm đặc tính 2. Check load data Droplist Đặc tính | G33: Hệ thống hiển thị dữ liệu đặc tính gồm: - Danh sách đặc tính trong dropdown được lấy từ các đặc tính đã được cấu hình. - Cho phép người dùng chọn đặc tính có sẵn trong hệ thống để gán vào nhóm. - Hỗ trợ tìm kiếm theo từ khóa và hiển thị dưới dạng tag
B34: =IF(D34="","",$D$3&"."&COUNTA($D$9:D34)&"") -> TC_03.24 | C34: Medium | D34: Check Chọn nhiều đặc tính trong dropdown | F34: 1. Popup Tạo mới nhóm đặc tính 2. Check Chọn nhiều đặc tính trong dropdown | G34: Các đặc tính hiển thị dưới dạng tag
B35: =IF(D35="","",$D$3&"."&COUNTA($D$9:D35)&"") -> TC_03.25 | C35: Medium | D35: Check Xoá một đặc tính đã chọn (dạng tag) | F35: 1. Popup Tạo mới nhóm đặc tính 2. Check Xoá một đặc tính đã chọn (dạng tag) | G35: Tag đặc tính bị xoá khỏi danh sách chọn
B36: =IF(D36="","",$D$3&"."&COUNTA($D$9:D36)&"") -> TC_03.26 | C36: Medium | D36: Check Tạo mới nhóm đặc tính nhưng không chọn đặc tính | F36: 1. Popup Tạo mới nhóm đặc tính 2. Check Tạo mới nhóm đặc tính nhưng không chọn đặc tính 3. Click btn Tạo | G36: Cho phép tạo Nhóm đặc tính thành công
B37: =IF(D37="","",$D$3&"."&COUNTA($D$9:D37)&"") -> TC_03.27 | C37: Medium | D37: Check Tạo Nhóm đặc tính trùng trong hệ thống | F37: 1. Popup Tạo mới nhóm đặc tính 2. Check Tạo Nhóm đặc tính trùng trong hệ thống 3. Click btn Tạo | G37: “Tên nhóm đặc tính đã tồn tại. Vui lòng nhập tên khác!”
B38: =IF(D38="","",$D$3&"."&COUNTA($D$9:D38)&"") -> TC_03.28 | C38: Medium | D38: Check Tạo nhóm đặc tính mà có nhiều đặc tính trùng nhau | F38: 1. Popup Tạo mới nhóm đặc tính 2. Check Tạo nhóm đặc tính mà có nhiều đặc tính trùng nhau 3. Click btn Tạo | G38: - Trong 1 nhóm đặc tính không có 2 cấu hình đặc tính trùng nhau. - Không cho phép tạo 2 đặc tính trùng nhau trong hệ thống
B39: =IF(D39="","",$D$3&"."&COUNTA($D$9:D39)&"") -> TC_03.29 | C39: Medium | D39: Check Click btn Hủy | F39: 1. Popup Tạo mới nhóm đặc tính 2. Check Click btn Hủy | G39: Đóng popup “Tạo mới nhóm đặc tính”, quay về màn danh sách nhóm đặc tính.
B40: =IF(D40="","",$D$3&"."&COUNTA($D$9:D40)&"") -> TC_03.30 | C40: Medium | D40: Check Tạo mới nhóm đặc tính | F40: 1. Popup Tạo mới nhóm đặc tính 2. Check Tạo mới nhóm đặc tính 3. Click btn Tạo | G40: Thành công: “Tạo nhóm đặc tính thành công.” - Popup đóng lại - Nhóm mới xuất hiện ở danh sách màn hình chính
... B42: =IF(D42="","",$D$3&"."&COUNTA($D$9:D42)&"") -> TC_03.32 | C42: Medium | D42: Check thông báo khi Lỗi lưu dữ liệu hệ thống | F42: 1. Nhập thông tin hợp lệ 2. Nhấn “Tạo | G42: Hiển thị lỗi: "Không thể tạo nhóm đặc tính. Vui lòng thử lại sau." Không tạo dữ liệu
B43: Chi tiết nhóm đặc tính
B44: =IF(D44="","",$D$3&"."&COUNTA($D$9:D44)&"") -> TC_03.33 | C44: Medium | D44: Check hiển thị Popup Chi tiết nhóm đặc tính | F44: 1. Vào ProductHub → tab "Đặc tính" 2. Click tên nhóm đặc tính / icon 👁 | G44: Hiển thị popup “Chi tiết nhóm đặc tính” với các trường: - Tên nhóm, - Danh sách đặc tính (tag), - nút Đóng - icon X
B45: =IF(D45="","",$D$3&"."&COUNTA($D$9:D45)&"") -> TC_03.34 | C45: Medium | D45: Check load đúng tên nhóm đặc tính | F45: 1. Popup Chi tiết nhóm đặc tính 2. Check load đúng tên nhóm đặc tính | G45: Trường Tên nhóm hiển thị đúng giá trị theo DB
B46: =IF(D46="","",$D$3&"."&COUNTA($D$9:D46)&"") -> TC_03.35 | C46: Medium | D46: Check Load danh sách đặc tính thuộc nhóm | F46: 1. Popup Chi tiết nhóm đặc tính 2. Check Load danh sách đặc tính thuộc nhóm | G46: Danh sách tag đặc tính hiển thị đúng với DB (đúng số lượng & tên)
B47: =IF(D47="","",$D$3&"."&COUNTA($D$9:D47)&"") -> TC_03.36 | C47: Medium | D47: Check Nhóm không có đặc tính được gán | F47: 1. Popup Chi tiết nhóm đặc tính 2. Nhóm không có đặc tính được gán | G47: Khu vực danh sách tag hiển thị rỗng hoặc thông báo: “Chưa có đặc tính gán vào nhóm”
B48: =IF(D48="","",$D$3&"."&COUNTA($D$9:D48)&"") -> TC_03.37 | C48: Medium | D48: Check Đóng popup từ button “Đóng” | F48: 1. Popup Chi tiết nhóm đặc tính 2. Đóng popup từ button “Đóng” | G48: Popup biến mất, trở về màn hình danh sách
B49: =IF(D49="","",$D$3&"."&COUNTA($D$9:D49)&"") -> TC_03.38 | C49: Medium | D49: Check Đóng popup bằng click ra ngoài overlay | F49: 1. Popup Chi tiết nhóm đặc tính 2. Check Đóng popup bằng click ra ngoài overlay | G49: Popup đóng, quay lại màn hình danh sách
B50: =IF(D50="","",$D$3&"."&COUNTA($D$9:D50)&"") -> TC_03.39 | C50: Medium | D50: Kiểm tra hiển thị ký tự đặc biệt trong tên nhóm | F50: 1. Popup Chi tiết nhóm đặc tính 2. Kiểm tra hiển thị ký tự đặc biệt trong tên nhóm | G50: Hiển thị đúng định dạng, không bị cắt ký tự
B51: =IF(D51="","",$D$3&"."&COUNTA($D$9:D51)&"") -> TC_03.40 | C51: Medium | D51: Reload màn khi popup đóng | F51: 1. Popup Chi tiết nhóm đặc tính 2. Reload màn khi popup đóng | G51: Màn hình danh sách vẫn giữ nguyên, không reload hoặc mất filter/search đang có
B52: =IF(D52="","",$D$3&"."&COUNTA($D$9:D52)&"") -> TC_03.41 | C52: Medium | D52: Lỗi load dữ liệu khi vào chi tiết nhóm | F52: 1. Popup Chi tiết nhóm đặc tính 2. Lỗi load dữ liệu khi vào chi tiết nhóm | G52: Hiển thị thông báo lỗi: "Có lỗi xảy ra. Vui lòng thử lại sau."
B53: =IF(D53="","",$D$3&"."&COUNTA($D$9:D53)&"") -> TC_03.42 | C53: Medium | D53: Kiểm tra phân quyền - user không có quyền xem | F53: 1. Popup Chi tiết nhóm đặc tính 2. Kiểm tra phân quyền - user không có quyền xem | G53: Không cho truy cập/ẩn nút Eye. Nếu cố mở → báo "Bạn không có quyền xem thông tin này"
B54: Chỉnh sửa nhóm đặc tính
B55: =IF(D55="","",$D$3&"."&COUNTA($D$9:D55)&"") -> TC_03.43 | C55: Medium | D55: Check click icon Chỉnh sửa nhóm đặc tính | F55: 1. Login thành công vào hệ thống 2. Click Menu ProductHub > Đặc tính 3. Click icon ✏️ | G55: Popup “Chỉnh sửa nhóm đặc tính” hiển thị đúng, gồm: Tên nhóm đặc tính -Danh sách đặc tính đã được chọn
B56: =IF(D56="","",$D$3&"."&COUNTA($D$9:D56)&"") -> TC_03.44 | C56: Medium | D56: Check Hiển thị đúng dữ liệu hiện tại của nhóm | F56: 1. Popup Chỉnh sửa nhóm đặc tính 2. Check Hiển thị đúng dữ liệu hiện tại của nhóm | G56: - Tên nhóm hiển thị đúng - Các đặc tính đã gán hiển thị đúng dạng tag/multi-select
B57: =IF(D57="","",$D$3&"."&COUNTA($D$9:D57)&"") -> TC_03.45 | C57: Medium | D57: Check Chỉnh sửa tên nhóm đặc tính hợp lệ | F57: 1. Popup Chỉnh sửa nhóm đặc tính 2. Check Chỉnh sửa tên nhóm đặc tính hợp lệ | G57: - Lưu thành công - Hiển thị toast “Chỉnh sửa nhóm đặc tính thành công” - Popup đóng - Danh sách hiển thị tên mới
B58: =IF(D58="","",$D$3&"."&COUNTA($D$9:D58)&"") -> TC_03.46 | C58: Medium | D58: Check Để trống tên nhóm đặc tính | F58: 1. Popup Chỉnh sửa nhóm đặc tính 2. Check Chỉnh sửa tên nhóm đặc tính hợp lệ | G58: Hiển thị validation message: “Vui lòng nhập đầy đủ thông tin bắt buộc”
B59: =IF(D59="","",$D$3&"."&COUNTA($D$9:D59)&"") -> TC_03.47 | C59: Medium | D59: Check Trùng tên nhóm đặc tính đã tồn tại | F59: 1. Popup Chỉnh sửa nhóm đặc tính 2. Check Trùng tên nhóm đặc tính đã tồn tại | G59: Hiển thị thông báo lỗi: “Tên nhóm đặc tính đã tồn tại. Vui lòng nhập tên khác.”
B60: =IF(D60="","",$D$3&"."&COUNTA($D$9:D60)&"") -> TC_03.48 | C60: Medium | D60: Check Nhập Tên nhóm < 255 ký tự | F60: 1. Popup Chỉnh sửa nhóm đặc tính 2. Check Nhập Tên nhóm < 255 ký tự 3. Click btn Lưu | G60: Thao tác Lưu thành công
B61: =IF(D61="","",$D$3&"."&COUNTA($D$9:D61)&"") -> TC_03.49 | C61: Medium | D61: Check Nhập Tên nhóm > 255 ký tự | F61: 1. Popup Chỉnh sửa nhóm đặc tính 2. Check Nhập Tên nhóm >255 ký tự 3. Click btn Lưu | G61: Hiển thị lỗi validation (không cho lưu)
B62: =IF(D62="","",$D$3&"."&COUNTA($D$9:D62)&"") -> TC_03.50 | C62: Medium | D62: Check Thêm đặc tính mới vào nhóm | F62: 1. Popup Chỉnh sửa nhóm đặc tính 2. Check Thêm đặc tính mới vào nhóm 3. Click btn Lưu | G62: - Đặc tính được thêm vào nhóm - Dữ liệu DB cập nhật đúng
B63: =IF(D63="","",$D$3&"."&COUNTA($D$9:D63)&"") -> TC_03.51 | C63: Medium | D63: Check Xóa đặc tính khỏi nhóm | F63: 1. Popup Chỉnh sửa nhóm đặc tính 2. Check Xóa đặc tính khỏi nhóm 3. Click btn Lưu | G63: - Đặc tính bị loại khỏi nhóm - Không còn hiển thị trong danh sách
B64: =IF(D64="","",$D$3&"."&COUNTA($D$9:D64)&"") -> TC_03.52 | C64: Medium | D64: Check Không chọn bất kỳ đặc tính nào | F64: 1. Popup Chỉnh sửa nhóm đặc tính 2. Check Không chọn bất kỳ đặc tính nào 3. Click btn Lưu | G64: Lưu thành công (do đặc tính không bắt buộc)
B65: =IF(D65="","",$D$3&"."&COUNTA($D$9:D65)&"") -> TC_03.53 | C65: Medium | D65: Check add nhiều đặc tính trùng nhau trong Nhóm đặc tính | F65: 1. Popup Chỉnh sửa nhóm đặc tính 2. Check add nhiều đặc tính trùng nhau trong Nhóm đặc tính 3. Click btn Lưu | G65: Hiển thị thông báo "Đặc tính đã được gán vào nhóm đặc tính." - Không cho phép tạo 2 đặc tính trùng nhau trong hệ thống
B66: =IF(D66="","",$D$3&"."&COUNTA($D$9:D66)&"") -> TC_03.54 | C66: Medium | D66: Check Click nút “Hủy” | F66: 1. Popup Chỉnh sửa nhóm đặc tính 2. Check Click nút “Hủy” | G66: - Popup đóng - Không có thay đổi dữ liệu
... B69: =IF(D69="","",$D$3&"."&COUNTA($D$9:D69)&"") -> TC_03.57 | C69: Medium | D69: Check Kiểm tra refresh danh sách sau khi chỉnh sửa | F69: 1. Popup Chỉnh sửa nhóm đặc tính 2. Thao tác chỉnh sửa Nhóm đặc tính thành công 3. Check Kiểm tra refresh danh sách sau khi chỉnh sửa | G69: Dữ liệu hiển thị mới nhất, không cần reload trang
B70: DANH SÁCH ĐẶC TÍNH
B71: =IF(D71="","",$D$3&"."&COUNTA($D$9:D71)&"") -> TC_03.58 | C71: Medium | D71: Check Truy cập màn hình Đặc tính | E71: User đã đăng nhập và có quyền “Xem danh sách đặc tính” | F71: 1. Chọn menu ProductHub 2. Click Đặc tính 3. Check Truy cập màn hình Đặc tính | G71: Hiển thị màn hình “Đặc tính sản phẩm” gồm tab Nhóm đặc tính và Đặc tính
B72: =IF(D72="","",$D$3&"."&COUNTA($D$9:D72)&"") -> TC_03.59 | C72: Medium | D72: Check GUI Đặc tính | F72: 1. Chọn menu ProductHub 2. Click Đặc tính 3. Click Tab Đặc tính 4. Check GUI Đặc tính | G72: Hiển thị đầy đủ cột: - STT, - Tên đặc tính, - Giá trị đặc tính, - Thời gian cập nhật, - Người cập nhật, - Thời gian tạo, - Người tạo, - Thao tác
B73: =IF(D73="","",$D$3&"."&COUNTA($D$9:D73)&"") -> TC_03.60 | C73: Medium | D73: Check hiển thị STT | F73: 1. Chọn menu ProductHub 2. Click Đặc tính 3. Click Tab Đặc tính 4. Check hiển thị STT | G73: Hiển thị số thứ tự của đặc tính trong trang
B74: =IF(D74="","",$D$3&"."&COUNTA($D$9:D74)&"") -> TC_03.61 | C74: Medium | D74: Check hiển thị Tên đặc tính | F74: 1. Chọn menu ProductHub 2. Click Đặc tính 3. Click Tab Đặc tính 4. Check hiển thị Tên đặc tính | G74: Hiển thị tên đặc tính. Click vào tên đặc tính để mở màn xem Chi tiết đặc tính.
B75: =IF(D75="","",$D$3&"."&COUNTA($D$9:D75)&"") -> TC_03.62 | C75: Medium | D75: Check hiển thị Giá trị đặc tính | F75: 1. Chọn menu ProductHub 2. Click Đặc tính 3. Click Tab Đặc tính 4. Check hiển thị Giá trị đặc tính | G75: Hiển thị danh sách các giá trị đặc tính thuộc đặc tính dưới dạng thẻ (tag).
B76: =IF(D76="","",$D$3&"."&COUNTA($D$9:D76)&"") -> TC_03.63 | C76: Medium | D76: Check Hiển thị giá trị đặc tính theo rule | E76: Đặc tính có > 2 giá trị | F76: 1. Chọn menu ProductHub 2. Click Đặc tính 3. Click Tab Đặc tính 4. Check Hiển thị giá trị đặc tính theo rule | G76: - Hiển thị tối đa 2 giá trị đầu - Các giá trị còn lại hiển thị dạng “+X more”
B77: =IF(D77="","",$D$3&"."&COUNTA($D$9:D77)&"") -> TC_03.64 | C77: Medium | D77: Check hiển thị Thời gian cập nhật | F77: 1. Chọn menu ProductHub 2. Click Đặc tính 3. Click Tab Đặc tính 4. Check hiển thị Giá trị đặc tính | G77: Hiển thị thời gian cập nhật gần nhất, định dạng dd/MM/yyyy HH:mm. Khi tạo mới, thời gian cập nhật = thời gian tạo. Danh sách được sắp xếp theo thời gian cập nhật, trong đó các đặc tính được cập nhật gần nhất sẽ hiển thị ở đầu danh sách.
B78: =IF(D78="","",$D$3&"."&COUNTA($D$9:D78)&"") -> TC_03.65 | C78: Medium | D78: Check hiển thị Người cập nhật | F78: 1. Chọn menu ProductHub 2. Click Đặc tính 3. Click Tab Đặc tính 4. Check hiển thị Người cập nhật | G78: Hiển thị username hoặc mã người dùng thực hiện cập nhật gần nhất.
B79: =IF(D79="","",$D$3&"."&COUNTA($D$9:D79)&"") -> TC_03.66 | C79: Medium | D79: Check hiển thị Thời gian tạo | F79: 1. Chọn menu ProductHub 2. Click Đặc tính 3. Click Tab Đặc tính 4. Check hiển thị Thời gian tạo | G79: Hiển thị thời gian tạo thành công, định dạng dd/MM/yyyy HH:mm.
B80: =IF(D80="","",$D$3&"."&COUNTA($D$9:D80)&"") -> TC_03.67 | C80: Medium | D80: Check hiển thị Người tạo | F80: 1. Chọn menu ProductHub 2. Click Đặc tính 3. Click Tab Đặc tính 4. Check hiển thị Người tạo | G80: Hiển thị username hoặc mã người dùng thực hiện tạo thành công.
B81: =IF(D81="","",$D$3&"."&COUNTA($D$9:D81)&"") -> TC_03.68 | C81: Medium | D81: Check hiển thị cột Thao tác | F81: 1. Chọn menu ProductHub 2. Click Đặc tính 3. Click Tab Đặc tính 4. Check hiển thị cột Thao tác | G81: Gồm hai biểu tượng: 👁 Xem chi tiết, ✏️ Chỉnh sửa nhóm đặc tính.
B82: =IF(D82="","",$D$3&"."&COUNTA($D$9:D82)&"") -> TC_03.69 | C82: Medium | D82: Check Tìm kiếm theo tên đặc tính | E82: (có kết quả) | F82: 1. Tab Đặc tính 2. Nhập từ khóa vào ô Tìm kiếm 3. Click btn Tìm kiếm | G82: Hiển thị danh sách đặc tính phù hợp với từ khóa
B83: =IF(D83="","",$D$3&"."&COUNTA($D$9:D83)&"") -> TC_03.70 | C83: Medium | D83: Check Tìm kiếm không nhập từ khóa | F83: 1. Tab Đặc tính 2. Không Nhập từ khóa vào ô Tìm kiếm 3. Click btn Tìm kiếm | G83: Hiển thị toàn bộ danh sách đặc tính
B84: =IF(D84="","",$D$3&"."&COUNTA($D$9:D84)&"") -> TC_03.71 | C84: Medium | D84: Check Tìm kiếm không có kết quả | E84: (không có kq) | F84: 1. Tab Đặc tính 2. Nhập từ khóa vào ô Tìm kiếm 3. Click btn Tìm kiếm | G84: Hiển thị thông báo: “Không tìm thấy kết quả phù hợp”
B85: =IF(D85="","",$D$3&"."&COUNTA($D$9:D85)&"") -> TC_03.72 | C85: Medium | D85: Check Load data Nhóm đặc tính | F85: 1. Tab Đặc tính 2. Check Load data Nhóm đặc tính | G85: Cho phép lọc nhiều nhóm đặc tính. Danh sách lấy từ dữ liệu nhóm đặc tính hiện có.
B86: =IF(D86="","",$D$3&"."&COUNTA($D$9:D86)&"") -> TC_03.73 | C86: Medium | D86: Check Lọc theo Nhóm đặc tính | F86: 1. Tab Đặc tính 2. Check Lọc theo Nhóm đặc tính | G86: Danh sách chỉ hiển thị đặc tính thuộc nhóm đã chọn Bộ lọc được áp dụng theo cơ chế OR; dữ liệu thoả ít nhất một trong các điều kiện lọc sẽ được hiển thị. Nếu bỏ chọn không lọc giá trị nào, danh sách hiển thị danh sách tất cả đặc tính.
B87: =IF(D87="","",$D$3&"."&COUNTA($D$9:D87)&"") -> TC_03.74 | C87: Medium | D87: Check Thay đổi bộ lọc | F87: 1. Tab Đặc tính 2. Check Thay đổi bộ lọc | G87: Danh sách cập nhật theo nhóm mới được chọn
B88: =IF(D88="","",$D$3&"."&COUNTA($D$9:D88)&"") -> TC_03.75 | C88: Medium | D88: Check Tìm kiếm Nhóm đặc tính không có kết quả | F88: 1. Tab Đặc tính 2. Check tìm kiếm ở droplist Nhóm đặc tính | G88: Nếu lọc không tìm thấy kết quả tìm kiếm, hệ thống hiển thị “Không tìm thấy kết quả phù hợp”.
B89: =IF(D89="","",$D$3&"."&COUNTA($D$9:D89)&"") -> TC_03.76 | C89: Medium | D89: Check chọn multi select khi tìm kiếm | F89: 1. Tab Đặc tính 2. Check chọn multi select khi tìm kiếm | G89: Hiển thị dữ liệu thỏa điều kiện đang chọn
B90: =IF(D90="","",$D$3&"."&COUNTA($D$9:D90)&"") -> TC_03.77 | C90: Medium | D90: Check Phân trang | E90: Tổng số bản ghi > 10 | F90: 1. Tab Đặc tính 2. Load danh sách đặc tính 3. Check phân trang | G90: Danh sách hiển thị đúng dữ liệu theo trang được chọn
B91: =IF(D91="","",$D$3&"."&COUNTA($D$9:D91)&"") -> TC_03.78 | C91: Medium | D91: Check Thay đổi số bản ghi trên trang | F91: 1. Tab Đặc tính 2. Load danh sách đặc tính 3. Chọn dropdown số bản ghi 4. Check hiển thị số bản ghi trên trang | G91: Danh sách hiển thị đúng số bản ghi đã chọn
B92: =IF(D92="","",$D$3&"."&COUNTA($D$9:D92)&"") -> TC_03.79 | C92: Medium | D92: Check click icon 👁 | F92: 1. Tab Đặc tính 2. Load danh sách đặc tính 3. Check click icon 👁 | G92: Điều hướng sang màn hình Chi tiết đặc tính
B93: =IF(D93="","",$D$3&"."&COUNTA($D$9:D93)&"") -> TC_03.80 | C93: Medium | D93: Check click icon ✏ | F93: 1. Tab Đặc tính 2. Load danh sách đặc tính 3. Check click icon ✏ | G93: Điều hướng sang màn hình Chỉnh sửa đặc tính
B94: =IF(D94="","",$D$3&"."&COUNTA($D$9:D94)&"") -> TC_03.81 | C94: Medium | D94: Check hiển thị thông báo lỗi hệ thống khi load danh sách | F94: 1. Tab Đặc tính 2. Load danh sách đặc tính 3. Check hiển thị thông báo lỗi hệ thống khi load danh sách | G94: Hiển thị thông báo lỗi tải dữ liệu
B95: =IF(D95="","",$D$3&"."&COUNTA($D$9:D95)&"") -> TC_03.82 | C95: Medium | D95: Check click btn + Tạo mới đặc tính | F95: 1. Tab Đặc tính 2. Check click btn + Tạo mới đặc tính | G95: điều hướng đến popup Tạo mới đặc tính .
B96: TẠO MỚI ĐẶC TÍNH
A97: AI | B97: =IF(D97="","",$D$3&"."&COUNTA($D$9:D97)&"") -> TC_03.83 | C97: Medium | D97: Check GUI Popup Tạo mới đặc tính | F97: 1. Tab Đặc tính 2. Check click btn + Tạo mới đặc tính 3. Check GUI Popup Tạo mới đặc tính | G97: Popup "Tạo mới đặc tính" hiển thị: - droplist Nhóm đặc tính - Icon đặc tính (upload ảnh JPG/PNG) [V1.2] - Tên đặc tính - droplist: Kiểu dữ liệu - Textbox: Giá trị đặc tính - btn Thêm giá trị - btn Thêm đặc tính - btn Tạo - Hủy - icon Close
B98: =IF(D98="","",$D$3&"."&COUNTA($D$9:D98)&"") -> TC_03.84 | C98: Medium | D98: Check load data Nhóm đặc tính | F98: 1. Tab Đặc tính 2. Check click btn + Tạo mới đặc tính 3. Check load data Nhóm dặc tính | G98: Khi click vào ô, hệ thống mở danh sách các nhóm đặc tính đã cấu hình trước đấy. UI: danh sách xổ xuống, có thể search.
B99: =IF(D99="","",$D$3&"."&COUNTA($D$9:D99)&"") -> TC_03.85 | C99: Medium | D99: Check Seach Nhóm đặc tính | F99: 1. Tab Đặc tính 2. Check click btn + Tạo mới đặc tính 3. Check Seach Nhóm dặc tính | G99: Nhóm đặc tính hiển thị dữ liệu thỏa điều kiện đang tìm kiếm
B100: =IF(D100="","",$D$3&"."&COUNTA($D$9:D100)&"") -> TC_03.86 | C100: Medium | D100: Check multi-select Nhóm đặc tính | F100: 1. Tab Đặc tính 2. click btn + Tạo mới đặc tính 3. Check multi-select Nhóm đặc tính | G100: Cho phép chọn nhiều dữ liệu trong Nhóm đặc tính
B101: =IF(D101="","",$D$3&"."&COUNTA($D$9:D101)&"") -> TC_03.87 | C101: Medium | D101: Check load data Kiểu dữ liệu | F101: 1. Tab Đặc tính 2. Check click btn + Tạo mới đặc tính 3. Check load data Kiểu dữ liệu | G101: Các kiểu dữ liệu: - Dropdown: Tại màn hình cấu hình SKU, mỗi đặc tính chỉ cho phép chọn 01 giá trị đặc tính. - Text: Tại màn hình cấu hình SKU, cho phép nhập mô tả đặc tính SKU, maxlength 5000 từ.
B102: =IF(D102="","",$D$3&"."&COUNTA($D$9:D102)&"") -> TC_03.88 | C102: Medium | D102: Check multi-select Kiểu dữ liệu | F102: 1. Tab Đặc tính 2. Check click btn + Tạo mới đặc tính 3. Check multi-select Kiểu dữ liệu | G102: Multi-select Dropdown: Tại màn hình cấu hình SKU, mỗi đặc tính cho phép chọn nhiều giá trị đặc tính.
B103: =IF(D103="","",$D$3&"."&COUNTA($D$9:D103)&"") -> TC_03.89 | C103: Medium | D103: Check Tạo đặc tính khi không nhập Tên đặc tính | F103: 1. Không nhập Tên đặc tính 2. Nhập các field khác hợp lệ 3. Click “Tạo” | G103: Hiển thị lỗi “Vui lòng nhập tên đặc tính!”, không lưu dữ liệu
B104: =IF(D104="","",$D$3&"."&COUNTA($D$9:D104)&"") -> TC_03.90 | C104: Medium | D104: Check Tạo đặc tính khi nhập Tên đặc tính là khoảng trắng | F104: 1. Nhập Tên đặc tính là khoảng trắng 2. Nhập các field khác hợp lệ 3. Click “Tạo” | G104: Hiển thị lỗi “‘Vui lòng nhập tên đặc tính!’, không lưu dữ liệu
B105: =IF(D105="","",$D$3&"."&COUNTA($D$9:D105)&"") -> TC_03.91 | C105: Medium | D105: Check Tạo đặc tính khi nhập Tên đặc tính quá dài | F105: 1. Nhập Tên đặc tính quá dài 2. Nhập các field khác hợp lệ 3. Click “Tạo” | G105: Hiển thị cảnh báo Tên đặc tính được nhập tối đa 255 ký tự
B106: =IF(D106="","",$D$3&"."&COUNTA($D$9:D106)&"") -> TC_03.92 | C106: Medium | D106: Check Tạo đặc tính khi Không chọn Kiểu dữ liệu | F106: 1. Không chọn Kiểu dữ liệu 2. Nhập các field khác hợp lệ 3. Click “Tạo” | G106: Hiển thị lỗi “Vui lòng chọn kiểu dữ liệu!”, không lưu
B107: =IF(D107="","",$D$3&"."&COUNTA($D$9:D107)&"") -> TC_03.93 | C107: Medium | D107: Check Tạo đặc tính khi Không nhập Giá trị đặc tính | F107: 1. Không nhập Giá trị đặc tính 2. Nhập các field khác hợp lệ 3. Click “Tạo” | G107: Hiển thị lỗi “Vui lòng nhập Giá trị đặc tính!”, không lưu
B108: =IF(D108="","",$D$3&"."&COUNTA($D$9:D108)&"") -> TC_03.94 | C108: Medium | D108: Check Tạo đặc tính trùng với tên đặc tính đã có trong hệ thống | F108: 1. Tại màn hình Tạo đặc tính mới 2. Nhập tên đặc tính đã tồn tại trong hệ thống 3. Nhập đầy đủ các trường bắt buộc khác 4. Check click button Tạo | G108: Hệ thống show thông báo lỗi “Tên đặc tính đã tồn tại. Vui lòng nhập lại"
A109: AI | B109: =IF(D109="","",$D$3&"."&COUNTA($D$9:D109)&"") -> TC_03.95 | C109: Medium | D109: Check Tạo đặc tính khi nhập đúng, đủ các trường thông tin | E109: Popup Tạo mới đặc tính đang mở | F109: 1. Nhập Tên đặc tính hợp lệ 2. Chọn Kiểu dữ liệu 3. Nhập ít nhất 1 Giá trị đặc tính 4. (Tuỳ chọn) Upload Icon đặc tính 5. Click "Tạo" | G109: Hệ thống hiển thị thông báo "Tạo thành công"; popup đóng; đặc tính mới xuất hiện đầu danh sách - Tạo thành công dù có hoặc không upload Icon đặc tính
A110: AI | B110: =IF(D110="","",$D$3&"."&COUNTA($D$9:D110)&"") -> TC_03.96 | C110: Medium | D110: Kiểm tra field Icon đặc tính hiển thị trong popup Tạo mới [V1.2] | E110: Popup Tạo mới đặc tính đang mở | F110: 1. Mở popup Tạo mới đặc tính 2. Quan sát các field trong popup | G110: Field "Icon đặc tính" hiển thị trong popup; field là optional (không có dấu * bắt buộc)
A111: AI | B111: =IF(D111="","",$D$3&"."&COUNTA($D$9:D111)&"") -> TC_03.97 | C111: Medium | D111: Kiểm tra upload icon hợp lệ (JPG/PNG, ≤1MB) — thành công [V1.2] | E111: Popup Tạo mới đặc tính đang mở; có file JPG hoặc PNG kích thước ≤1MB | F111: 1. Click vào field Icon đặc tính 2. Chọn file JPG hoặc PNG kích thước ≤1MB 3. Quan sát kết quả | G111: Icon được upload thành công; hiển thị preview ảnh trong form; không có thông báo lỗi
A112: AI | B112: =IF(D112="","",$D$3&"."&COUNTA($D$9:D112)&"") -> TC_03.98 | C112: Medium | D112: Kiểm tra upload icon — format không hợp lệ (không phải JPG/PNG) [V1.2] | E112: Popup Tạo mới đặc tính đang mở | F112: 1. Click vào field Icon đặc tính 2. Chọn file không phải JPG/PNG (ví dụ: .gif, .svg, .pdf) 3. Quan sát kết quả | G112: Hệ thống từ chối file; hiển thị thông báo lỗi yêu cầu định dạng JPG hoặc PNG; file không được upload
...

Sheet QL nội dung gói bán
B3: Mã chức năng (Function ID) | D3: TC_05
B4: Tên chức năng (Function Name) | D4: Chi tiết thiết bị
A7: QC/AI | B7: Testcase ID | C7: Mức Độ Ưu Tiên (Priority) | D7: Nội Dung Test (Test Title) | E7: Điều Kiện/ Dữ Liệu Test (Pre-condition/ Test Data) | F7: Các Bước Thực Hiện (Test Steps) | G7: Kết Quả Mong Đợi (Expected Results) | H7: =#REF! -> #REF!
H8: Kết Quả Thực Hiện (Actual Result) | I8: Người Thực Hiện (Executed By) | J8: ID Bugs | K8: Ghi Chú (Remark)
B9: DANH SÁCH NỘI DUNG GÓI BÁN
B10: =IF(F10="","",$D$3&"."&COUNTA($F$9:F10)&"") -> TC_05.1 | C10: High | D10: Kiểm tra truy cập màn hình Danh sách khi người dùng không có quyền | E10: 1. Người dùng đã đăng nhập hệ thống. 2. Tài khoản KHÔNG có quyền 'Xem danh sách nội dung Gói bán'. | F10: 1. Truy cập menu Nội dung hiển thị. 2. Chọn Gói bán. | G10: Hệ thống hiển thị thông báo lỗi: 'Bạn không có quyền truy cập chức năng này'. Danh sách không được hiển thị.
B11: =IF(F11="","",$D$3&"."&COUNTA($F$9:F11)&"") -> TC_05.2 | C11: High | D11: Kiểm tra truy cập màn hình Danh sách khi người dùng có quyền hợp lệ | E11: 1. Người dùng đã đăng nhập hệ thống. 2. Tài khoản có quyền 'Xem danh sách nội dung Gói bán'. | F11: 1. Truy cập menu Nội dung hiển thị. 2. Chọn Gói bán. | G11: Hệ thống điều hướng thành công đến màn hình Danh sách nội dung Gói bán. Tiêu đề 'Danh sách nội dung gói bán' được hiển thị.
B12: =IF(F12="","",$D$3&"."&COUNTA($F$9:F12)&"") -> TC_05.3 | C12: Medium | D12: Kiểm tra truy cập màn hình Danh sách khi chưa đăng nhập | E12: Người dùng CHƯA đăng nhập hệ thống. | F12: 1. Truy cập trực tiếp URL màn hình Danh sách nội dung Gói bán. | G12: Hệ thống chuyển hướng về trang đăng nhập. Danh sách nội dung không được hiển thị.
B13: =IF(F13="","",$D$3&"."&COUNTA($F$9:F13)&"") -> TC_05.4 | C13: High | D13: Kiểm tra hiển thị danh sách khi có dữ liệu trong hệ thống | E13: 1. Đã đăng nhập, có quyền xem. 2. Hệ thống có dữ liệu nội dung gói bán được tạo. | F13: 1. Truy cập menu Nội dung hiển thị. 2. Chọn Gói bán. 3. Quan sát danh sách hiển thị. | G13: Danh sách gói bán hiển thị đủ các cột: STT, Gói bán, Kênh bán, Thời gian cập nhật, Người cập nhật, Thời gian tạo, Người tạo, Icon '...'. Mặc định hiển thị 20 bản ghi đầu tiên.
B14: =IF(F14="","",$D$3&"."&COUNTA($F$9:F14)&"") -> TC_05.5 | C14: High | D14: Kiểm tra hiển thị danh sách khi không có dữ liệu trong hệ thống | E14: 1. Đã đăng nhập, có quyền xem. 2. Hệ thống KHÔNG có dữ liệu gói bán. | F14: 1. Truy cập menu Nội dung hiển thị. 2. Chọn Gói bán. 3. Quan sát khu vực hiển thị danh sách. | G14: Danh sách rỗng. Hệ thống hiển thị thông báo: 'Không có dữ liệu'.
B15: =IF(F15="","",$D$3&"."&COUNTA($F$9:F15)&"") -> TC_05.6 | C15: High | D15: Kiểm tra sắp xếp danh sách theo thời gian cập nhật gần nhất (giảm dần) | E15: 1. Đã đăng nhập, có quyền xem. 2. Hệ thống có nhiều bản ghi với thời gian cập nhật khác nhau. | F15: 1. Truy cập menu Nội dung hiển thị. 2. Chọn Gói bán. 3. Quan sát thứ tự các bản ghi theo cột 'Thời gian cập nhật'. | G15: Bản ghi có 'Thời gian cập nhật' mới nhất được hiển thị đầu tiên (sắp xếp giảm dần theo thời gian cập nhật).
A16: AI | B16: =IF(F16="","",$D$3&"."&COUNTA($F$9:F16)&"") -> TC_05.7 | C16: Medium | D16: Kiểm tra phân trang - hiển thị 20 bản ghi mặc định mỗi trang | E16: 1. Đã đăng nhập, có quyền xem. 2. Hệ thống có hơn 21 bản ghi gói bán. | F16: 1. Truy cập menu Nội dung hiển thị. 2. Chọn Gói bán. 3. Đếm số bản ghi hiển thị trên trang đầu tiên. | G16: Trang đầu tiên hiển thị đúng 20 bản ghi. Thanh điều hướng trang được hiển thị.
A17: AI | B17: =IF(F17="","",$D$3&"."&COUNTA($F$9:F17)&"") -> TC_05.8 | C17: Medium | D17: Kiểm tra phân trang - chuyển sang trang tiếp theo | E17: 1. Đã đăng nhập, có quyền xem. 2. Hệ thống có hơn 11 bản ghi gói bán. | F17: 1. Truy cập menu Nội dung hiển thị. 2. Chọn Gói bán. 3. Nhấn nút điều hướng sang trang 2. 4. Quan sát danh sách trang 2. | G17: Trang 2 hiển thị đúng các bản ghi tiếp theo. STT tiếp tục từ bản ghi thứ 21.
B18: =IF(F18="","",$D$3&"."&COUNTA($F$9:F18)&"") -> TC_05.9 | C18: Low | D18: Kiểm tra định dạng cột 'Thời gian cập nhật' đúng dd/mm/yyyy HH:mm | E18: 1. Đã đăng nhập, có quyền xem. 2. Hệ thống có dữ liệu nội dung gói bán được tạo. | F18: 1. Truy cập menu Nội dung hiển thị. 2. Chọn Gói bán. 3. Quan sát giá trị hiển thị trong cột 'Thời gian cập nhật' của bất kỳ bản ghi nào. | G18: Cột 'Thời gian cập nhật' hiển thị đúng định dạng dd/mm/yyyy HH:mm (24h). Ví dụ: 28/03/2026 14:30.
B19: =IF(F19="","",$D$3&"."&COUNTA($F$9:F19)&"") -> TC_05.10 | C19: Low | D19: Kiểm tra định dạng cột 'Thời gian tạo' đúng dd/mm/yyyy HH:mm | E19: 1. Đã đăng nhập, có quyền xem. 2. Hệ thống có dữ liệu nội dung gói bán được tạo. | F19: 1. Truy cập menu Nội dung hiển thị. 2. Chọn Gói bán. 3. Quan sát giá trị hiển thị trong cột 'Thời gian tạo' của bất kỳ bản ghi nào. | G19: Cột 'Thời gian tạo' hiển thị đúng định dạng dd/mm/yyyy HH:mm (24h). Ví dụ: 01/01/2026 09:00.
B20: =IF(F20="","",$D$3&"."&COUNTA($F$9:F20)&"") -> TC_05.11 | C20: High | D20: Kiểm tra tìm kiếm theo tên gói bán - từ khóa khớp chính xác | E20: 1. Đã đăng nhập, có quyền xem. 2. Hệ thống có ít nhất 1 gói bán tên 'Gói Internet 100Mbps'. | F20: 1. Truy cập menu Nội dung hiển thị. 2. Chọn Gói bán. 3. Nhập từ khóa 'Gói Internet 100Mbps' vào ô tìm kiếm. 4. Nhấn nút 'Tìm kiếm'. 5. Quan sát kết quả trả về trong danh sách. | G20: Danh sách chỉ hiển thị bản ghi 'Gói Internet 100Mbps'. Các bản ghi không khớp bị ẩn.
B21: =IF(F21="","",$D$3&"."&COUNTA($F$9:F21)&"") -> TC_05.12 | C21: High | D21: Kiểm tra tìm kiếm không phân biệt hoa/thường | E21: 1. Đã đăng nhập, có quyền xem. 2. Hệ thống có gói bán tên 'Gói Internet 100Mbps'. | F21: 1. Truy cập menu Nội dung hiển thị. 2. Chọn Gói bán. 3. Nhập từ khóa 'gói internet 100mbps' (chữ thường) vào ô tìm kiếm. 4. Nhấn nút 'Tìm kiếm'. 5. Quan sát kết quả trả về trong danh sách. | G21: Danh sách hiển thị bản ghi 'Gói Internet 100Mbps'. Hệ thống không phân biệt hoa/thường.
B22: =IF(F22="","",$D$3&"."&COUNTA($F$9:F22)&"") -> TC_05.13 | C22: High | D22: Kiểm tra tìm kiếm bằng phím Enter | E22: 1. Đã đăng nhập, có quyền xem. 2. Hệ thống có gói bán chứa từ 'Internet'. | F22: 1. Truy cập menu Nội dung hiển thị. 2. Chọn Gói bán. 3. Nhập từ khóa 'Internet' vào ô tìm kiếm. 4. Nhấn phím Enter. 5. Quan sát kết quả trả về trong danh sách. | G22: Danh sách hiển thị các bản ghi có tên chứa 'Internet'. Kết quả tương đương với nhấn nút 'Tìm kiếm'.
B23: =IF(F23="","",$D$3&"."&COUNTA($F$9:F23)&"") -> TC_05.14 | C23: Medium | D23: Kiểm tra tìm kiếm với từ khóa một phần (partial match) | E23: 1. Đã đăng nhập, có quyền xem. 2. Hệ thống có 'Gói Internet 100Mbps' và 'Gói Internet 200Mbps'. | F23: 1. Truy cập menu Nội dung hiển thị. 2. Chọn Gói bán. 3. Nhập từ khóa 'Internet' vào ô tìm kiếm. 4. Nhấn nút 'Tìm kiếm'. 5. Quan sát kết quả trả về trong danh sách. | G23: Danh sách hiển thị cả 'Gói Internet 100Mbps' và 'Gói Internet 200Mbps'. Hệ thống hỗ trợ tìm kiếm substring.
B24: =IF(F24="","",$D$3&"."&COUNTA($F$9:F24)&"") -> TC_05.15 | C24: High | D24: Kiểm tra tìm kiếm không có kết quả | E24: 1. Đã đăng nhập, có quyền xem. 2. Hệ thống có dữ liệu nội dung gói bán được tạo. | F24: 1. Truy cập menu Nội dung hiển thị. 2. Chọn Gói bán. 3. Nhập từ khóa 'XYZXYZXYZ_khong_ton_tai' vào ô tìm kiếm. 4. Nhấn nút 'Tìm kiếm'. 5. Quan sát khu vực hiển thị danh sách. | G24: Danh sách rỗng. Hệ thống hiển thị thông báo: 'Không tìm thấy kết quả phù hợp'.
A25: AI | B25: =IF(F25="","",$D$3&"."&COUNTA($F$9:F25)&"") -> TC_05.16 | C25: Medium | D25: Kiểm tra tìm kiếm với ô tìm kiếm để trống | E25: 1. Đã đăng nhập, có quyền xem. 2. Hệ thống có dữ liệu nội dung gói bán được tạo. | F25: 1. Truy cập menu Nội dung hiển thị. 2. Chọn Gói bán. 3. Để trống ô tìm kiếm. 4. Nhấn nút 'Tìm kiếm'. 5. Quan sát danh sách hiển thị. | G25: Hệ thống hiển thị toàn bộ danh sách gói bán (20 bản ghi mặc định/trang).
B26: =IF(F26="","",$D$3&"."&COUNTA($F$9:F26)&"") -> TC_05.17 | C26: Low | D26: Kiểm tra placeholder ô tìm kiếm | E26: Đã đăng nhập, có quyền xem. | F26: 1. Truy cập menu Nội dung hiển thị. 2. Chọn Gói bán. 3. Quan sát ô tìm kiếm khi chưa nhập dữ liệu. | G26: Ô tìm kiếm hiển thị placeholder text: 'Tìm kiếm gói bán'.
B27: =IF(F27="","",$D$3&"."&COUNTA($F$9:F27)&"") -> TC_05.18 | C27: Medium | D27: Kiểm tra tìm kiếm với ký tự đặc biệt (XSS) | E27: 1. Đã đăng nhập, có quyền xem. 2. Hệ thống có dữ liệu nội dung gói bán được tạo. | F27: 1. Truy cập menu Nội dung hiển thị. 2. Chọn Gói bán. 3. Nhập ký tự '<script>alert(1)</script>' vào ô tìm kiếm. 4. Nhấn nút 'Tìm kiếm'. 5. Quan sát phản hồi của hệ thống. | G27: Hệ thống xử lý an toàn, không thực thi script. Hiển thị kết quả rỗng hoặc không tìm thấy. Không có lỗi XSS.
B28: =IF(F28="","",$D$3&"."&COUNTA($F$9:F28)&"") -> TC_05.19 | C28: High | D28: Kiểm tra nhấn 'Chỉnh sửa' | E28: 1. Đã đăng nhập, có quyền xem và quyền chỉnh sửa. 2. Danh sách có ít nhất 1 bản ghi. | F28: 1. Truy cập menu Nội dung hiển thị. 2. Chọn Gói bán. 3. Nhấn 'Chỉnh sửa'. | G28: Hệ thống điều hướng đến màn hình Chỉnh sửa nội dung gói bán với dữ liệu của bản ghi đó được load sẵn.
B29: =IF(F29="","",$D$3&"."&COUNTA($F$9:F29)&"") -> TC_05.20 | C29: High | D29: Kiểm tra nhấn nút '+ Tạo mới' điều hướng đến màn hình Tạo mới | E29: 1. Đã đăng nhập, có quyền xem và quyền tạo mới. | F29: 1. Truy cập menu Nội dung hiển thị. 2. Chọn Gói bán. 3. Nhấn nút '+ Tạo mới'. | G29: Hệ thống điều hướng đến màn hình Tạo mới nội dung Gói bán. Tất cả các trường ở trạng thái trống hoặc giá trị mặc định.
B30: =IF(F30="","",$D$3&"."&COUNTA($F$9:F30)&"") -> TC_05.21 | C30: Medium | D30: Kiểm tra hiển thị thông báo lỗi khi mất kết nối/lỗi máy chủ | E30: 1. Đã đăng nhập, có quyền xem. 2. Hệ thống mạng bị ngắt hoặc máy chủ trả về lỗi 5xx. | F30: 1. Truy cập menu Nội dung hiển thị. 2. Chọn Gói bán. 3. Quan sát thông báo hiển thị trên màn hình. | G30: Hệ thống hiển thị thông báo: 'Không thể tải dữ liệu. Vui lòng thử lại sau'. Không hiển thị dữ liệu lỗi.
B31: TẠO MỚI NỘI DUNG GÓI BÁN
B32: =IF(F32="","",$D$3&"."&COUNTA($F$9:F32)&"") -> TC_05.22 | C32: High | D32: Kiểm tra truy cập màn hình Tạo mới khi không có quyền | E32: 1. Đã đăng nhập. 2. Tài khoản KHÔNG có quyền 'Tạo mới nội dung Gói bán'. | F32: 1. Truy cập menu Product Hub → Gói bán. 2. Nhấn '+ Tạo mới'. | G32: Hệ thống hiển thị thông báo lỗi phân quyền. Không điều hướng đến màn hình Tạo mới.
A33: AI | B33: =IF(F33="","",$D$3&"."&COUNTA($F$9:F33)&"") -> TC_05.23 | C33: High | D33: Kiểm tra giao diện màn hình Tạo mới - hiển thị đủ các trường theo v1.2 | E33: 1. Đã đăng nhập, có quyền tạo mới. 2. Hệ thống có ít nhất 1 Gói bán hoạt động và đã có giá bán. | F33: 1. Truy cập menu Product Hub → Gói bán. 2. Nhấn '+ Tạo mới'. 3. Quan sát giao diện form. | G33: Form Tạo mới hiển thị đầy đủ theo v1.2: - Dropdown Gói bán (bắt buộc) - Dropdown Kênh bán (bắt buộc, multi-select) - Bảng line items: Sản phẩm (SKU), Tên hiển thị trên kênh, Phương thức hiển thị, Sản phẩm nhận trong gói (checkbox), Hình ảnh SKU nhận trong gói - Tên hiển thị trên kênh (cấp Gói bán) - Icon gói bán (upload JPG/PNG/SVG <=1MB) - Mô tả card gói (text, không bắt buộc) - Mô tả ngắn gói bán (text editor, max 2000 ký tự) - Mô tả dài gói bán (text editor, max 12000 ký tự) - Ảnh gói bán (JPG/PNG <=1MB, max 10 ảnh) - Đặc tính gói bán (section read-only, load từ cấu hình) - Block Đặc quyền (Collapse/Expand) - Link video gói bán (URL http/https, không bắt buộc) - Hình ảnh banner đầu trang (max 10 JPG/PNG) - Hình ảnh banner giữa trang (bảng: STT/Ảnh/Hoạt động/Xóa) - Button Lưu, Button Hủy
B34: =IF(F34="","",$D$3&"."&COUNTA($F$9:F34)&"") -> TC_05.24 | C34: High | D34: Kiểm tra Dropdown Gói bán chỉ load gói bán đang hoạt động và đã có giá bán | E34: 1. Đã đăng nhập, có quyền tạo mới. 2. Hệ thống có: (A) gói hoạt động + có giá; (B) gói bị tắt; (C) gói hoạt động nhưng chưa có giá. | F34: 1. Truy cập Tạo mới. 2. Mở dropdown 'Gói bán'. 3. Quan sát danh sách. | G34: Chỉ hiển thị gói loại (A). Gói (B) không xuất hiện.
B35: =IF(F35="","",$D$3&"."&COUNTA($F$9:F35)&"") -> TC_05.25 | C35: High | D35: Kiểm tra validate bắt buộc trường Gói bán khi để trống | E35: Đã đăng nhập, có quyền tạo mới. | F35: 1. Mở màn hình Tạo mới. 2. Không chọn Gói bán. 3. Nhấn 'Lưu'. | G35: Hệ thống hiển thị thông báo. Dữ liệu không được lưu.
B36: =IF(F36="","",$D$3&"."&COUNTA($F$9:F36)&"") -> TC_05.26 | C36: Medium | D36: Kiểm tra Gói bán là Single select | E36: 1. Đã đăng nhập, có quyền tạo mới. 2. Hệ thống có ít nhất 2 gói bán hợp lệ. | F36: 1. Mở màn hình Tạo mới. 2. Chọn Gói bán A. 3. Đổi sang Gói bán B. 4. Quan sát dropdown. | G36: Chỉ Gói bán B được chọn. Dropdown hiển thị đúng 1 giá trị.
B37: =IF(F37="","",$D$3&"."&COUNTA($F$9:F37)&"") -> TC_05.27 | C37: High | D37: Kiểm tra Kênh bán load động theo Gói bán đã chọn (BR-C03) | E37: 1. Đã đăng nhập, có quyền tạo mới. 2. Gói bán X chỉ áp dụng cho FPT.vn. | F37: 1. Mở màn hình Tạo mới. 2. Chọn Gói bán X. 3. Mở dropdown Kênh bán. 4. Quan sát danh sách. | G37: Dropdown Kênh bán chỉ hiển thị FPT.vn (load đúng theo Gói bán đã chọn).
B38: =IF(F38="","",$D$3&"."&COUNTA($F$9:F38)&"") -> TC_05.28 | C38: High | D38: Kiểm tra validate bắt buộc trường Kênh bán khi để trống | E38: 1. Đã đăng nhập, có quyền tạo mới. 2. Đã chọn Gói bán hợp lệ. | F38: 1. Mở màn hình Tạo mới. 2. Chọn Gói bán. 3. Không chọn Kênh bán. 4. Nhấn 'Lưu'. | G38: Hệ thống hiển thị thông báo lỗi validation tại trường Kênh bán. Dữ liệu không được lưu.
A39: AI | B39: =IF(F39="","",$D$3&"."&COUNTA($F$9:F39)&"") -> TC_05.29 | C39: Medium | D39: Kiểm tra Kênh bán Multi-select - chọn nhiều kênh cùng lúc [V1.2] | E39: 1. Đã đăng nhập, có quyền tạo mới. 2. Gói bán có nhiều kênh hợp lệ (FPT.vn, tongdaiwifi.vn). | F39: 1. Mở màn hình Tạo mới. 2. Chọn Gói bán. 3. Chọn Kênh bán A (FPT.vn). 4. Chọn thêm Kênh bán B (tongdaiwifi.vn). 5. Quan sát dropdown Kênh bán. | G39: Cả Kênh bán A và B đều được chọn và hiển thị. Hệ thống cho phép multi-select. Không deselect kênh khi chọn thêm.
B40: =IF(F40="","",$D$3&"."&COUNTA($F$9:F40)&"") -> TC_05.30 | C40: High | D40: Kiểm tra reset Kênh bán khi thay đổi Gói bán (BR-C04) | E40: 1. Đã đăng nhập, có quyền tạo mới. 2. Đã chọn Gói bán A và Kênh bán tương ứng. | F40: 1. Mở màn hình Tạo mới. 2. Chọn Gói bán A. 3. Chọn Kênh bán. 4. Thay đổi sang Gói bán B. 5. Quan sát dropdown Kênh bán. | G40: Kênh bán bị reset về trạng thái trống sau khi thay đổi Gói bán.
B41: =IF(F41="","",$D$3&"."&COUNTA($F$9:F41)&"") -> TC_05.31 | C41: High | D41: Kiểm tra bảng line items - hiển thị đủ 5 cột theo v1.1 | E41: 1. Đã đăng nhập, có quyền tạo mới. 2. Đã chọn Gói bán hợp lệ. | F41: 1. Mở màn hình Tạo mới. 2. Chọn Gói bán. 3. Quan sát bảng line items. | G41: Bảng hiển thị đủ 5 cột: 1. Sản phẩm (SKU) - read-only 2. Tên hiển thị trên kênh - input text 3. Phương thức hiển thị - dropdown 4. Sản phẩm nhận trong gói - checkbox 5. Hình ảnh SKU nhận trong gói - image upload
B42: =IF(F42="","",$D$3&"."&COUNTA($F$9:F42)&"") -> TC_05.32 | C42: High | D42: Kiểm tra auto-fill 'Tên hiển thị trên kênh' (cột bảng) sau khi chọn Gói bán - SKU đơn | E42: 1. Đã đăng nhập, có quyền tạo mới. 2. Gói bán Z có SKU đơn với Display name = 'SKU_Name_A'. | F42: 1. Mở màn hình Tạo mới. 2. Chọn Gói bán Z. 3. Quan sát cột 'Tên hiển thị trên kênh' trong bảng. | G42: Cột 'Tên hiển thị trên kênh' tự động điền 'SKU_Name_A' (Display name của SKU).
B43: =IF(F43="","",$D$3&"."&COUNTA($F$9:F43)&"") -> TC_05.33 | C43: High | D43: Kiểm tra auto-fill 'Tên hiển thị trên kênh' (cột bảng) - Phí đi kèm | E43: 1. Đã đăng nhập, có quyền tạo mới. 2. Gói bán Q có line item Phí đi kèm với Name = 'Phí lắp đặt'. | F43: 1. Mở màn hình Tạo mới. 2. Chọn Gói bán Q. 3. Quan sát cột 'Tên hiển thị trên kênh' trong bảng. | G43: Cột 'Tên hiển thị trên kênh' tự động điền 'Phí lắp đặt' (Name của Phí đi kèm).
B44: =IF(F44="","",$D$3&"."&COUNTA($F$9:F44)&"") -> TC_05.34 | C44: High | D44: Kiểm tra validate bắt buộc 'Tên hiển thị trên kênh' (cột bảng) khi xóa trắng | E44: 1. Đã đăng nhập, có quyền tạo mới. 2. Đã chọn Gói bán, Kênh bán. | F44: 1. Mở màn hình Tạo mới. 2. Chọn Gói bán, Kênh bán. 3. Xóa nội dung trường 'Tên hiển thị trên kênh' trong bảng. 4. Nhấn 'Lưu'. | G44: Hệ thống hiển thị thông báo lỗi validation tại trường 'Tên hiển thị trên kênh'. Dữ liệu không được lưu.
B45: =IF(F45="","",$D$3&"."&COUNTA($F$9:F45)&"") -> TC_05.35 | C45: High | D45: Kiểm tra giới hạn 255 ký tự 'Tên hiển thị trên kênh' (cột bảng) - cận trên | E45: 1. Đã đăng nhập, có quyền tạo mới. 2. Đã chọn Gói bán, Kênh bán. | F45: 1. Mở màn hình Tạo mới. 2. Chọn Gói bán, Kênh bán. 3. Nhập đúng 255 ký tự vào 'Tên hiển thị trên kênh'. 4. Nhấn 'Lưu'. | G45: Hệ thống chấp nhận và lưu thành công.
B46: =IF(F46="","",$D$3&"."&COUNTA($F$9:F46)&"") -> TC_05.36 | C46: High | D46: Kiểm tra vượt giới hạn 'Tên hiển thị trên kênh' (cột bảng) - 256 ký tự | E46: 1. Đã đăng nhập, có quyền tạo mới. 2. Đã chọn Gói bán, Kênh bán. | F46: 1. Mở màn hình Tạo mới. 2. Chọn Gói bán, Kênh bán. 3. Nhập 256 ký tự vào 'Tên hiển thị trên kênh'. 4. Nhấn 'Lưu'. | G46: Chặn không cho nhập quá 255 ký tự.
B47: =IF(F47="","",$D$3&"."&COUNTA($F$9:F47)&"") -> TC_05.37 | C47: High | D47: Kiểm tra checkbox 'Sản phẩm nhận trong gói' - giá trị mặc định Checked (BR-T02) | E47: 1. Đã đăng nhập, có quyền tạo mới. 2. Đã chọn Gói bán hợp lệ. | F47: 1. Mở màn hình Tạo mới. 2. Chọn Gói bán. 3. Quan sát checkbox 'Sản phẩm nhận trong gói' mỗi line item. | G47: Tất cả checkbox 'Sản phẩm nhận trong gói' mặc định = Checked (tick).
A48: AI | B48: =IF(F48="","",$D$3&"."&COUNTA($F$9:F48)&"") -> TC_05.38 | C48: High | D48: Kiểm tra Uncheck 'Sản phẩm nhận trong gói' - ẩn toàn bộ thông tin sản phẩm trên kênh (BR-T03) | E48: 1. Đã đăng nhập, có quyền tạo mới. 2. Đã chọn Gói bán, Kênh bán. | F48: 1. Mở màn hình Tạo mới. 2. Chọn Gói bán, Kênh bán. 3. Uncheck checkbox 'Sản phẩm nhận trong gói' tại 1 line item. 4. Nhấn 'Lưu'. 5. Kiểm tra thông tin sản phẩm nhận trong gói trên kênh đã thiết lập. | G48: Sản phẩm uncheck sẽ không hiển thị trên kênh bán (ẩn toàn bộ thông tin sản phẩm trên kênh).
B49: =IF(F49="","",$D$3&"."&COUNTA($F$9:F49)&"") -> TC_05.39 | C49: Medium | D49: Kiểm tra mỗi line item có 1 checkbox 'Sản phẩm nhận trong gói' riêng (BR-T01) | E49: 1. Đã đăng nhập, có quyền tạo mới. 2. Gói bán có nhiều line item. | F49: 1. Mở màn hình Tạo mới. 2. Chọn Gói bán nhiều line item. 3. Quan sát cột 'Sản phẩm nhận trong gói'. | G49: Mỗi dòng trong bảng có 1 checkbox riêng biệt (per-row).
B50: =IF(F50="","",$D$3&"."&COUNTA($F$9:F50)&"") -> TC_05.40 | C50: High | D50: Kiểm tra 'Hình ảnh SKU nhận trong gói' - load ảnh từ cấu hình SKU nếu có (BR-T04) | E50: 1. Đã đăng nhập, có quyền tạo mới. 2. Gói bán có SKU đã cấu hình ảnh trong hệ thống. | F50: 1. Mở màn hình Tạo mới. 2. Chọn Gói bán. 3. Quan sát cột 'Hình ảnh SKU nhận trong gói'. | G50: Ảnh của SKU được load sẵn (lấy từ cấu hình SKU trong hệ thống).
B51: =IF(F51="","",$D$3&"."&COUNTA($F$9:F51)&"") -> TC_05.41 | C51: High | D51: Kiểm tra 'Hình ảnh SKU nhận trong gói' - hiển thị button '+' khi SKU chưa có ảnh | E51: 1. Đã đăng nhập, có quyền tạo mới. 2. Gói bán có SKU chưa cấu hình ảnh. | F51: 1. Mở màn hình Tạo mới. 2. Chọn Gói bán có SKU chưa có ảnh. 3. Quan sát cột 'Hình ảnh SKU nhận trong gói'. | G51: Cột hiển thị button '+' để người dùng upload ảnh.
B52: =IF(F52="","",$D$3&"."&COUNTA($F$9:F52)&"") -> TC_05.42 | C52: High | D52: Kiểm tra upload 'Hình ảnh SKU nhận trong gói' - đúng định dạng JPG/PNG, ≤1MB | E52: 1. Đã đăng nhập, có quyền tạo mới. 2. Có file JPG/PNG ≤ 1MB. | F52: 1. Mở màn hình Tạo mới. 2. Chọn Gói bán. 3. Nhấn '+' tại 1 line item. 4. Upload file JPG/PNG ≤ 1MB. | G52: Ảnh được upload thành công và hiển thị preview (BR-T06).
B53: =IF(F53="","",$D$3&"."&COUNTA($F$9:F53)&"") -> TC_05.43 | C53: High | D53: Kiểm tra từ chối 'Hình ảnh SKU nhận trong gói' - sai định dạng | E53: 1. Đã đăng nhập, có quyền tạo mới. 2. Có file .gif. | F53: 1. Mở màn hình Tạo mới. 2. Chọn Gói bán. 3. Nhấn '+' tại 1 line item. 4. Chọn file .gif. | G53: Hệ thống từ chối và hiển thị thông báo: chỉ chấp nhận JPG hoặc PNG.
B54: =IF(F54="","",$D$3&"."&COUNTA($F$9:F54)&"") -> TC_05.44 | C54: High | D54: Kiểm tra từ chối 'Hình ảnh SKU nhận trong gói' - vượt 1MB | E54: 1. Đã đăng nhập, có quyền tạo mới. 2. Có file JPG > 1MB. | F54: 1. Mở màn hình Tạo mới. 2. Chọn Gói bán. 3. Nhấn '+' tại 1 line item. 4. Chọn file JPG > 1MB. | G54: Hệ thống từ chối và hiển thị thông báo: dung lượng tối đa 1MB/ảnh.
B55: =IF(F55="","",$D$3&"."&COUNTA($F$9:F55)&"") -> TC_05.45 | C55: Medium | D55: Kiểm tra mỗi SKU chỉ được chọn tối đa 1 ảnh (BR-T05) | E55: 1. Đã đăng nhập, có quyền tạo mới. 2. Đã upload 1 ảnh cho 1 SKU. | F55: 1. Mở màn hình Tạo mới. 2. Chọn Gói bán. 3. Upload 1 ảnh cho SKU. 4. Thử upload ảnh thứ 2 cho cùng SKU đó. | G55: Hệ thống chỉ cho phép 1 ảnh/SKU.
B56: =IF(F56="","",$D$3&"."&COUNTA($F$9:F56)&"") -> TC_05.46 | C56: Medium | D56: Kiểm tra 'Hình ảnh SKU nhận trong gói' không bắt buộc - lưu được khi để trống (BR-T07) | E56: 1. Đã đăng nhập, có quyền tạo mới. 2. Đã điền đủ trường bắt buộc. | F56: 1. Mở màn hình Tạo mới. 2. Điền đủ trường bắt buộc, không upload ảnh SKU. 3. Nhấn 'Lưu'. | G56: Hệ thống lưu thành công. Không có lỗi validation cho trường ảnh SKU.
B57: =IF(F57="","",$D$3&"."&COUNTA($F$9:F57)&"") -> TC_05.47 | C57: High | D57: Kiểm tra 'Phương thức hiển thị' mặc định = 'Hiển thị toàn bộ' | E57: 1. Đã đăng nhập, có quyền tạo mới. 2. Đã chọn Gói bán. | F57: 1. Mở màn hình Tạo mới. 2. Chọn Gói bán. 3. Quan sát giá trị mặc định cột 'Phương thức hiển thị'. | G57: Tất cả line item có 'Phương thức hiển thị' = 'Hiển thị toàn bộ'.
B58: =IF(F58="","",$D$3&"."&COUNTA($F$9:F58)&"") -> TC_05.48 | C58: High | D58: Kiểm tra dropdown 'Phương thức hiển thị' có đúng 3 giá trị | E58: Đã đăng nhập, có quyền tạo mới. | F58: 1. Mở màn hình Tạo mới. 2. Chọn Gói bán. 3. Mở dropdown 'Phương thức hiển thị' của 1 line item. | G58: Dropdown hiển thị đúng 3 giá trị: 'Hiển thị toàn bộ', 'Ẩn toàn bộ', 'Chỉ hiển thị ở Summary'.
B59: =IF(F59="","",$D$3&"."&COUNTA($F$9:F59)&"") -> TC_05.49 | C59: Medium | D59: Kiểm tra SKU con trong nhóm SKU kế thừa 'Phương thức hiển thị' từ nhóm cha, không cho chọn riêng (BR-T08) | E59: 1. Đã đăng nhập, có quyền tạo mới. 2. Gói bán có Nhóm SKU với SKU con. | F59: 1. Mở màn hình Tạo mới. 2. Chọn Gói bán có Nhóm SKU. 3. Quan sát 'Phương thức hiển thị' của SKU con. | G59: Trường 'Phương thức hiển thị' của SKU con bị disabled. Giá trị kế thừa từ nhóm SKU cha.
B60: =IF(F60="","",$D$3&"."&COUNTA($F$9:F60)&"") -> TC_05.50 | C60: Medium | D60: Kiểm tra bắt buộc phải có 1 sản phẩm cha phải có 'Phương thức hiển thị' = 'Hiển thị toàn bộ'. | E60: 1. Đã đăng nhập, có quyền tạo mới. 2. Gói bán có Nhóm SKU với SKU con. | F60: 1. Mở màn hình Tạo mới. 2. Chọn 'Phương thức hiển thị' của tất cả sản phẩm cha # 'Hiển thị toàn bộ'. 3. Click btn Lưu | G60: Hiển thị cảnh báo bắt buộc phải có 1 sản phầm cha có 'Phương thức hiển thị' = 'Hiển thị toàn bộ'.
... B85: =IF(F85="","",$D$3&"."&COUNTA($F$9:F85)&"") -> TC_05.75 | C85: Medium | D85: Kiểm tra upload Icon đặc quyền - tối đa 1 icon/dòng (BR-P04) | E85: Đã đăng nhập. Có file JPG/PNG hợp lệ. | F85: 1. Mở block Đặc quyền. 2. Thêm dòng. 3. Upload 1 icon. 4. Thử upload icon thứ 2 cho cùng dòng. | G85: Hệ thống chỉ cho phép 1 icon/dòng.
A86: AI | B86: =IF(F86="","",$D$3&"."&COUNTA($F$9:F86)&"") -> TC_05.76 | C86: High | D86: Kiểm tra không nhậpTiêu đề đặc quyền khi có thêm dòng đặc quyền | E86: Đã đăng nhập, có quyền tạo mới. | F86: 1. Mở màn hình Tạo mới. 2. Điền đủ trường bắt buộc. 3. Không điền Tiêu đề đặc quyền 4. Click btn + để thêm dòng đặc quyền 5. Nhấn 'Lưu'. | G86: Hệ thống hiển thị lỗi validation: 'Tiêu đề đặc quyền là bắt buộc'. Dữ liệu không được lưu.
B87: =IF(F87="","",$D$3&"."&COUNTA($F$9:F87)&"") -> TC_05.77 | C87: High | D87: Kiểm tra 'Tiêu đề đặc quyền'vượt giới hạn 255 ký tự | E87: Đã đăng nhập, có quyền tạo mới. | F87: 1. Mở block Đặc quyền. 2. Thêm dòng. 3. Nhập 256 ký tự vào 'Tiêu đề đặc quyền'. 4. Nhấn 'Lưu'. | G87: Hệ thống hiển thị lỗi: không cho nhập quá 255 ký tự.
B88: =IF(F88="","",$D$3&"."&COUNTA($F$9:F88)&"") -> TC_05.78 | C88: High | D88: Kiểm tra 'Tiêu đề đặc quyền' đúng giới hạn 255 ký tự | E88: Đã đăng nhập, có quyền tạo mới. | F88: 1. Mở block Đặc quyền. 2. Thêm dòng. 3. Nhập 255 ký tự vào 'Tiêu đề đặc quyền'. 4. Nhấn 'Lưu'. | G88: Hệ thống chấp nhận và lưu thành công.
B89: =IF(F89="","",$D$3&"."&COUNTA($F$9:F89)&"") -> TC_05.79 | C89: High | D89: Kiểm tra không nhập Nội dung đặc quyền khi có thêm dòng đặc quyền | E89: Đã đăng nhập, có quyền tạo mới. | F89: 1. Mở màn hình Tạo mới. 2. Điền đủ trường bắt buộc. 3. Không điền Nội dung đặc quyền 4. Click btn + để thêm dòng đặc quyền 5. Nhấn 'Lưu'. | G89: Hệ thông báo lỗi bắt buộc nhập Nội dung đặc quyền
B90: =IF(F90="","",$D$3&"."&COUNTA($F$9:F90)&"") -> TC_05.80 | C90: High | D90: Kiểm tra 'Nội dung đặc quyền'vượt giới hạn 255 ký tự | E90: Đã đăng nhập, có quyền tạo mới. | F90: 1. Mở block Đặc quyền. 2. Thêm dòng. 3. Nhập 256 ký tự vào 'Nội dung đặc quyền'. 4. Nhấn 'Lưu'. | G90: Hệ thống hiển thị lỗi: không cho nhập quá 255 ký tự.
B91: =IF(F91="","",$D$3&"."&COUNTA($F$9:F91)&"") -> TC_05.81 | C91: High | D91: Kiểm tra 'Nội dung đặc quyền' đúng giới hạn 255 ký tự | E91: Đã đăng nhập, có quyền tạo mới. | F91: 1. Mở block Đặc quyền. 2. Thêm dòng. 3. Nhập 255 ký tự vào 'Nội dung đặc quyền'. 4. Nhấn 'Lưu'. | G91: Hệ thống chấp nhận và lưu thành công.
B92: =IF(F92="","",$D$3&"."&COUNTA($F$9:F92)&"") -> TC_05.82 | C92: High | D92: Kiểm tra upload Hình ảnh đặc quyền - JPG/PNG hợp lệ (< 1MB) | E92: Đã đăng nhập, có quyền tạo mới. Có file JPG < 1MB. | F92: 1. Mở màn hình Tạo mới. 2. Upload 'Hình ảnh đặc quyền' với file JPG/PNG hợp lệ. | G92: File ảnh JPG được upload thành công, hiển thị preview.
B93: =IF(F93="","",$D$3&"."&COUNTA($F$9:F93)&"") -> TC_05.83 | C93: High | D93: Kiểm tra upload Hình ảnh đặc quyền - từ chối sai định dạng | E93: Đã đăng nhập. Có file .gif. | F93: 1. Mở màn hình Tạo mới. 2. Upload 'Hình ảnh đặc quyền' với file .gif. | G93: Hệ thống từ chối và thông báo: chỉ chấp nhận JPG hoặc PNG.
B94: =IF(F94="","",$D$3&"."&COUNTA($F$9:F94)&"") -> TC_05.84 | C94: High | D94: Kiểm tra upload Hình ảnh đặc quyền (cấp block) - tối đa 1 ảnh (BR-P05) | E94: Đã đăng nhập. Có 2 file ảnh JPG hợp lệ. | F94: 1. Mở block Đặc quyền. 2. Upload 1 ảnh đặc quyền thành công. 3. Thử upload ảnh thứ 2. | G94: Hệ thống chỉ cho phép 1 ảnh. Ảnh mới thay thế ảnh cũ hoặc từ chối upload thêm.
B95: =IF(F95="","",$D$3&"."&COUNTA($F$9:F95)&"") -> TC_05.85 | C95: Medium | D95: Kiểm tra xóa dòng đặc quyền bằng icon X | E95: Đã đăng nhập, có quyền tạo mới. | F95: 1. Mở block Đặc quyền. 2. Thêm 2 dòng đặc quyền. 3. Nhấn icon X xóa 1 dòng. 4. Quan sát bảng. | G95: Dòng được chọn bị xóa. STT tự cập nhật.
B96: =IF(F96="","",$D$3&"."&COUNTA($F$9:F96)&"") -> TC_05.86 | C96: Medium | D96: Kiểm tra dữ liệu block Đặc quyền truyền cho kênh theo nguyên tắc có thì hiển thị (BR-P06) | E96: Đã tạo thành công bản ghi có block Đặc quyền. | F96: 1. Truy cập kênh bán tương ứng. 2. Quan sát thông tin Đặc quyền. | G96: Kênh bán hiển thị đúng thông tin Đặc quyền đã cấu hình. Nếu không cấu hình thì không hiển thị.
B97: =IF(F97="","",$D$3&"."&COUNTA($F$9:F97)&"") -> TC_05.87 | C97: High | D97: Kiểm tra trường 'Hình ảnh banner đầu trang' hiển thị bên cạnh 'Hình ảnh gói bán' (không thay thế) | E97: Đã đăng nhập, có quyền tạo mới. | F97: 1. Mở màn hình Tạo mới. 2. Chọn Gói bán. 3. Quan sát khu vực Banner. | G97: Màn hình hiển thị đồng thời cả 2 trường: 'Hình ảnh gói bán' và 'Hình ảnh banner đầu trang'. Hai trường độc lập nhau.
B98: =IF(F98="","",$D$3&"."&COUNTA($F$9:F98)&"") -> TC_05.88 | C98: High | D98: Kiểm tra upload 'Hình ảnh banner đầu trang' - JPG hợp lệ | E98: Đã đăng nhập. Có file JPG < 1MB. | F98: 1. Mở màn hình Tạo mới. 2. Upload 'Hình ảnh banner đầu trang' với file JPG hợp lệ. | G98: File upload thành công, hiển thị preview.
... B103: =IF(F103="","",$D$3&"."&COUNTA($F$9:F103)&"") -> TC_05.93 | C103: High | D103: Kiểm tra 'Hình ảnh banner giữa trang' hiển thị dạng bảng (STT/Ảnh/Toggle/Xóa) | E103: Đã đăng nhập, có quyền tạo mới. | F103: 1. Mở màn hình Tạo mới. 2. Quan sát khu vực 'Hình ảnh banner giữa trang'. | G103: Hiển thị bảng gồm các cột: STT (tự tăng), Ảnh (1 ảnh/dòng), Hoạt động (toggle on/off), Xóa (icon X). Button '+' để thêm dòng mới.
A104: AI | B104: =IF(F104="","",$D$3&"."&COUNTA($F$9:F104)&"") -> TC_05.94 | C104: High | D104: Kiểm tra toggle 'Hoạt động' banner giữa trang mặc định = OFF (BR-B08) [V1.2] | E104: Đã đăng nhập, có quyền tạo mới. | F104: 1. Mở màn hình Tạo mới. 2. Nhấn '+' thêm dòng trong bảng Banner giữa trang. 3. Quan sát toggle 'Hoạt động'. | G104: Toggle mặc định = Không hoạt động (OFF). Ảnh sẽ không hiển thị trên kênh nếu không bật toggle.
B105: =IF(F105="","",$D$3&"."&COUNTA($F$9:F105)&"") -> TC_05.95 | C105: High | D105: Kiểm tra toggle off = ảnh không hiển thị trên kênh (BR-B08) | E105: Đã đăng nhập, có quyền tạo mới. | F105: 1. Mở màn hình Tạo mới. 2. Thêm dòng Banner giữa trang. 3. Toggle sang Off. 4. Nhấn 'Lưu'. 5. Kiểm tra trên kênh bán. | G105: Ảnh tương ứng không hiển thị trên kênh bán khi toggle = Off.
B106: =IF(F106="","",$D$3&"."&COUNTA($F$9:F106)&"") -> TC_05.96 | C106: High | D106: Kiểm tra upload ảnh Banner giữa trang - 1 ảnh/dòng (BR-B07) | E106: Đã đăng nhập. Có file JPG hợp lệ. | F106: 1. Mở màn hình Tạo mới. 2. Thêm dòng Banner giữa trang. 3. Upload 1 ảnh. 4. Thử upload ảnh thứ 2 cho cùng dòng. | G106: Hệ thống chỉ cho phép 1 ảnh/dòng.
B107: =IF(F107="","",$D$3&"."&COUNTA($F$9:F107)&"") -> TC_05.97 | C107: High | D107: Kiểm tra upload ảnh Banner giữa trang - từ chối sai định dạng | E107: Đã đăng nhập. Có file .gif. | F107: 1. Mở màn hình Tạo mới. 2. Thêm dòng Banner giữa trang. 3. Upload file .gif. | G107: Hệ thống từ chối: chỉ chấp nhận JPG/PNG (BR-B01).
B108: =IF(F108="","",$D$3&"."&COUNTA($F$9:F108)&"") -> TC_05.98 | C108: High | D108: Kiểm tra upload ảnh Banner giữa trang - từ chối vượt 1MB | E108: Đã đăng nhập. Có file JPG > 1MB. | F108: 1. Mở màn hình Tạo mới. 2. Thêm dòng Banner giữa trang. 3. Upload file > 1MB. | G108: Hệ thống từ chối: tối đa 1MB/ảnh (BR-B02).
B109: =IF(F109="","",$D$3&"."&COUNTA($F$9:F109)&"") -> TC_05.99 | C109: High | D109: Kiểm tra Banner giữa trang giới hạn 10 dòng (BR-B06) | E109: Đã đăng nhập. | F109: 1. Mở màn hình Tạo mới. 2. Thêm 10 dòng Banner giữa trang. 3. Nhấn '+' thêm dòng thứ 11. | G109: Hệ thống từ chối: đã đạt tối đa 10 dòng.
B110: =IF(F110="","",$D$3&"."&COUNTA($F$9:F110)&"") -> TC_05.100 | C110: Medium | D110: Kiểm tra xóa dòng Banner giữa trang bằng icon X (BR-B09) | E110: Đã đăng nhập. | F110: 1. Mở màn hình Tạo mới. 2. Thêm 2 dòng Banner giữa trang. 3. Nhấn icon X xóa dòng thứ 2. | G110: Dòng bị xóa. STT tự cập nhật lại.
B111: =IF(F111="","",$D$3&"."&COUNTA($F$9:F111)&"") -> TC_05.101 | C111: Medium | D111: Kiểm tra 'Hình ảnh banner giữa trang' không bắt buộc | E111: Đã đăng nhập. Đã điền đủ trường bắt buộc. | F111: 1. Mở màn hình Tạo mới. 2. Không thêm Banner giữa trang. 3. Nhấn 'Lưu'. | G111: Hệ thống lưu thành công (BR-B05).
B112: =IF(F112="","",$D$3&"."&COUNTA($F$9:F112)&"") -> TC_05.102 | C112: High | D112: Kiểm tra lưu thành công với đầy đủ trường bắt buộc | E112: Đã đăng nhập, có quyền tạo mới. Hệ thống có Gói bán hợp lệ. | F112: 1. Mở màn hình Tạo mới. 2. Chọn Gói bán, Kênh bán. 3. Kiểm tra Tên hiển thị auto-fill. 4. Nhấn 'Lưu'. | G112: Hiển thị thông báo thành công. Ghi nhận Thời gian tạo + Người tạo. Quay về Danh sách. Bản ghi mới xuất hiện đầu danh sách.
A113: AI | B113: =IF(F113="","",$D$3&"."&COUNTA($F$9:F113)&"") -> TC_05.103 | C113: High | D113: Kiểm tra nút 'Hủy' (Tạo mới) hiển thị popup xác nhận hủy đúng nội dung [V1.2] | E113: Đã đăng nhập, có quyền tạo mới. | F113: 1. Mở màn hình Tạo mới. 2. Nhập một số thông tin. 3. Nhấn nút 'Hủy'. 4. Quan sát popup hiển thị. | G113: Popup hiển thị với nội dung: 'Bạn có chắc muốn hủy? Dữ liệu chưa lưu sẽ bị mất.' Có 2 button: 'Quay lại' và 'Xác nhận'.
B114: =IF(F114="","",$D$3&"."&COUNTA($F$9:F114)&"") -> TC_05.104 | C114: High | D114: Kiểm tra lưu thất bại khi thiếu các trường bắt buộc | E114: Đã đăng nhập, có quyền tạo mới. | F114: 1. Mở màn hình Tạo mới. 2. Để trống tất cả trường. 3. Nhấn 'Lưu'. | G114: Hệ thống hiển thị lỗi validation tại từng trường bắt buộc (Gói bán, Kênh bán, Tên hiển thị trên kênh). Không lưu.
B115: =IF(F115="","",$D$3&"."&COUNTA($F$9:F115)&"") -> TC_05.105 | C115: Medium | D115: Kiểm tra sau lưu thành công - bản ghi mới xuất hiện đầu danh sách | E115: Đã đăng nhập, có quyền tạo mới và xem. | F115: 1. Tạo mới và lưu thành công. 2. Quay về Danh sách. 3. Quan sát vị trí bản ghi. | G115: Bản ghi mới xuất hiện đầu danh sách. 'Thời gian tạo' và 'Người tạo' được ghi nhận chính xác.
A116: AI | B116: =IF(F116="","",$D$3&"."&COUNTA($F$9:F116)&"") -> TC_05.106 | C116: High | D116: Kiểm tra kênh bán đã sử dụng không hiển thị trong dropdown Tạo mới [V1.2] | E116: 1. Đã đăng nhập, có quyền tạo mới. 2. Gói bán "Gói A" đã có nội dung tạo với kênh "FPT.vn". | F116: 1. Mở màn hình Tạo mới. 2. Chọn Gói bán "Gói A". 3. Mở dropdown Kênh bán. 4. Quan sát danh sách. | G116: Kênh "FPT.vn" không xuất hiện trong dropdown (đã được sử dụng). Chỉ hiển thị kênh chưa tạo nội dung cho Gói A.
A117: AI | B117: =IF(F117="","",$D$3&"."&COUNTA($F$9:F117)&"") -> TC_05.107 | C117: Medium | D117: Kiểm tra upload Icon gói bán hợp lệ (JPG/PNG/SVG <=1MB) - Tạo mới [V1.2] | E117: 1. Đã đăng nhập, có quyền tạo mới. 2. Có file icon.png (PNG, 500KB). | F117: 1. Mở màn hình Tạo mới. 2. Tại field "Icon gói bán" nhấn upload. 3. Chọn file icon.png (500KB). 4. Quan sát kết quả. | G117: File icon upload thành công. Hiển thị preview trong field. Không hiển thị thông báo lỗi.
A118: AI | B118: =IF(F118="","",$D$3&"."&COUNTA($F$9:F118)&"") -> TC_05.108 | C118: Medium | D118: Kiểm tra upload Icon gói bán - từ chối sai định dạng (GIF) - Tạo mới [V1.2] | E118: 1. Đã đăng nhập, có quyền tạo mới. 2. Có file icon.gif (GIF, 200KB). | F118: 1. Mở màn hình Tạo mới. 2. Tại field "Icon gói bán" nhấn upload. 3. Chọn file icon.gif. | G118: Hệ thống từ chối file. Hiển thị thông báo lỗi: chỉ chấp nhận JPG, PNG hoặc SVG.
A119: AI | B119: =IF(F119="","",$D$3&"."&COUNTA($F$9:F119)&"") -> TC_05.109 | C119: Medium | D119: Kiểm tra upload Icon gói bán - từ chối vượt 1MB - Tạo mới [V1.2] | E119: 1. Đã đăng nhập, có quyền tạo mới. 2. Có file icon_large.jpg (1.5MB). | F119: 1. Mở màn hình Tạo mới. 2. Tại field "Icon gói bán" nhấn upload. 3. Chọn file 1.5MB. 4. Quan sát kết quả. | G119: Hệ thống từ chối file. Hiển thị thông báo lỗi: dung lượng tối đa 1MB/ảnh.
A120: AI | B120: =IF(F120="","",$D$3&"."&COUNTA($F$9:F120)&"") -> TC_05.110 | C120: Medium | D120: Kiểm tra trường "Mô tả card gói" - không bắt buộc, lưu thành công khi để trống - Tạo mới [V1.2] | E120: 1. Đã đăng nhập, có quyền tạo mới. 2. Đã điền đủ trường bắt buộc (Gói bán, Kênh bán, Tên hiển thị trên kênh). | F120: 1. Mở màn hình Tạo mới. 2. Điền đủ trường bắt buộc. 3. Để trống field "Mô tả card gói". 4. Nhấn "Lưu". | G120: Hệ thống lưu thành công. Không có lỗi validation cho trường Mô tả card gói.
A121: AI | B121: =IF(F121="","",$D$3&"."&COUNTA($F$9:F121)&"") -> TC_05.111 | C121: Medium | D121: Kiểm tra section "Đặc tính gói bán" hiển thị read-only - Tạo mới [V1.2] | E121: 1. Đã đăng nhập, có quyền tạo mới. 2. Gói bán "Gói A" có cấu hình đặc tính gói bán. | F121: 1. Mở màn hình Tạo mới. 2. Chọn Gói bán "Gói A". 3. Quan sát section "Đặc tính gói bán". 4. Thử chỉnh sửa bất kỳ trường nào trong section. | G121: Section "Đặc tính gói bán" hiển thị dữ liệu từ cấu hình Gói bán. Tất cả trường ở trạng thái read-only, không chỉnh sửa được.
A122: AI | B122: =IF(F122="","",$D$3&"."&COUNTA($F$9:F122)&"") -> TC_05.112 | C122: Medium | D122: Kiểm tra section "Đặc tính gói bán" load đúng theo Gói bán đã chọn - Tạo mới [V1.2] | E122: 1. Đã đăng nhập. 2. Có "Gói A" và "Gói B" với cấu hình đặc tính khác nhau. | F122: 1. Mở màn hình Tạo mới. 2. Chọn Gói bán "Gói A", quan sát đặc tính. 3. Đổi sang Gói bán "Gói B". 4. Quan sát lại đặc tính. | G122: Khi chọn Gói A: hiển thị đặc tính Gói A. Đổi sang Gói B: section cập nhật hiển thị đặc tính Gói B. Không hiển thị đặc tính gói khác.
A123: AI | B123: =IF(F123="","",$D$3&"."&COUNTA($F$9:F123)&"") -> TC_05.113 | C123: Medium | D123: Kiểm tra field "Link video gói bán" - URL hợp lệ http/https - Tạo mới [V1.2] | E123: 1. Đã đăng nhập, có quyền tạo mới. | F123: 1. Mở màn hình Tạo mới. 2. Nhập "https://youtube.com/watch?v=example123" vào field "Link video gói bán". 3. Nhấn "Lưu" (đã điền đủ trường bắt buộc). | G123: Hệ thống chấp nhận URL hợp lệ. Không hiển thị thông báo lỗi. Dữ liệu được lưu thành công.
A124: AI | B124: =IF(F124="","",$D$3&"."&COUNTA($F$9:F124)&"") -> TC_05.114 | C124: Medium | D124: Kiểm tra field "Link video gói bán" - URL sai định dạng thiếu http/https - Tạo mới [V1.2] | E124: 1. Đã đăng nhập, có quyền tạo mới. | F124: 1. Mở màn hình Tạo mới. 2. Nhập "youtube.com/watch?v=example" (thiếu http/https) vào "Link video". 3. Nhấn "Lưu". | G124: Hệ thống hiển thị lỗi: "Link video không hợp lệ. Vui lòng nhập đúng định dạng URL (http:// hoặc https://)". Không lưu.
A125: AI | B125: =IF(F125="","",$D$3&"."&COUNTA($F$9:F125)&"") -> TC_05.115 | C125: High | D125: Kiểm tra lưu với nhiều kênh bán - tạo N records theo N kênh đã chọn [V1.2] | E125: 1. Đã đăng nhập, có quyền tạo mới. 2. Gói bán "Gói A" có giá trên 2 kênh: FPT.vn và tongdaiwifi.vn. Cả 2 kênh chưa có nội dung. | F125: 1. Mở màn hình Tạo mới. 2. Chọn Gói bán "Gói A". 3. Chọn Kênh bán: FPT.vn VÀ tongdaiwifi.vn (multi-select). 4. Điền đủ thông tin bắt buộc. 5. Nhấn "Lưu". | G125: Hệ thống lưu thành công. Tạo 2 records riêng biệt trong DB. Hiển thị thông báo thành công. Chuyển về Danh sách với 2 dòng mới: "Gói A - FPT.vn" và "Gói A - tongdaiwifi.vn".
A126: AI | B126: =IF(F126="","",$D$3&"."&COUNTA($F$9:F126)&"") -> TC_05.116 | C126: High | D126: Kiểm tra popup Hủy (Tạo mới) - nhấn "Xác nhận" -> về Danh sách, không lưu [V1.2] | E126: 1. Đã đăng nhập, có quyền tạo mới. 2. Đang ở màn hình Tạo mới, đã nhập thông tin. 3. Popup "Bạn có chắc muốn hủy? Dữ liệu chưa lưu sẽ bị mất." đang hiển thị. | F126: 1. Mở màn hình Tạo mới. 2. Nhập một số thông tin. 3. Nhấn "Hủy" để popup hiện ra. 4. Nhấn button "Xác nhận". | G126: Popup đóng. Dữ liệu không được lưu. Hệ thống quay về màn hình Danh sách. Không có bản ghi mới.
A127: AI | B127: =IF(F127="","",$D$3&"."&COUNTA($F$9:F127)&"") -> TC_05.117 | C127: High | D127: Kiểm tra popup Hủy (Tạo mới) - nhấn "Quay lại" -> đóng popup, tiếp tục nhập [V1.2] | E127: 1. Đã đăng nhập, có quyền tạo mới. 2. Đang ở màn hình Tạo mới, đã nhập thông tin. 3. Popup "Bạn có chắc muốn hủy? Dữ liệu chưa lưu sẽ bị mất." đang hiển thị. | F127: 1. Mở màn hình Tạo mới. 2. Nhập một số thông tin. 3. Nhấn "Hủy" để popup hiện ra. 4. Nhấn button "Quay lại". | G127: Popup đóng. Hệ thống quay về form Tạo mới. Tất cả dữ liệu đã nhập trước đó vẫn còn nguyên trong form.
B128: CHỈNH SỬA NỘI DUNG GÓI BÁN
B129: =IF(F129="","",$D$3&"."&COUNTA($F$9:F129)&"") -> TC_05.118 | C129: High | D129: Kiểm tra truy cập màn hình Chỉnh sửa khi không có quyền | E129: 1. Đã đăng nhập. 2. Tài khoản KHÔNG có quyền 'Chỉnh sửa nội dung Gói bán'. 3. Danh sách có ít nhất 1 bản ghi. | F129: 1. Truy cập Danh sách. 2. Nhấn icon '...' → 'Chỉnh sửa'. | G129: Hệ thống hiển thị thông báo lỗi phân quyền. Màn hình Chỉnh sửa không được mở.
B130: =IF(F130="","",$D$3&"."&COUNTA($F$9:F130)&"") -> TC_05.119 | C130: High | D130: Kiểm tra truy cập màn hình Chỉnh sửa khi có quyền hợp lệ | E130: 1. Đã đăng nhập, có quyền chỉnh sửa. 2. Danh sách có ít nhất 1 bản ghi. | F130: 1. Truy cập Danh sách. 2. Nhấn icon '...' → 'Chỉnh sửa'. | G130: Hệ thống mở màn hình Chỉnh sửa. Tất cả trường được load sẵn dữ liệu.
A131: AI | B131: =IF(F131="","",$D$3&"."&COUNTA($F$9:F131)&"") -> TC_05.120 | C131: High | D131: Kiểm tra load đúng dữ liệu bản ghi vào màn hình Chỉnh sửa theo v1.2 | E131: 1. Đã đăng nhập, có quyền chỉnh sửa. 2. Bản ghi có đầy đủ thông tin kể cả Đặc quyền, Banner đầu trang, Banner giữa trang. | F131: 1. Truy cập Danh sách. 2. Nhấn icon '...' → 'Chỉnh sửa'. 3. Quan sát từng trường dữ liệu. | G131: Màn hình Chỉnh sửa load đúng toàn bộ dữ liệu theo v1.2: - Gói bán, Kênh bán (read-only) - Bảng line items (Sản phẩm, Tên hiển thị trên kênh, Phương thức hiển thị, Sản phẩm nhận trong gói, Hình ảnh SKU) - Tên hiển thị trên kênh (cấp Gói bán) - Icon gói bán (hiển thị ảnh đã upload nếu có) - Mô tả card gói (text) - Mô tả ngắn, Mô tả dài (text editor) - Ảnh gói bán - Đặc tính gói bán (read-only section) - Block Đặc quyền (Tiêu đề chung, Hình ảnh đặc quyền, danh sách đặc quyền) - Hình ảnh banner đầu trang - Hình ảnh banner giữa trang (bảng STT/Ảnh/Toggle/Xóa) - Link video gói bán
B132: =IF(F132="","",$D$3&"."&COUNTA($F$9:F132)&"") -> TC_05.121 | C132: High | D132: Kiểm tra Gói bán và Kênh bán hiển thị read-only trong màn hình Chỉnh sửa | E132: Đã đăng nhập, có quyền chỉnh sửa. | F132: 1. Mở màn hình Chỉnh sửa. 2. Thử thay đổi trường 'Gói bán' hoặc 'Kênh bán'. | G132: Trường 'Gói bán' và 'Kênh bán' hiển thị read-only, không cho phép thay đổi.
...

Sheet Thông tin chung
A3: Mã chức năng (Function ID) | C3: TC_01
A4: Tên chức năng (Function Name) | C4: Thông tin chung
A7: Testcase ID | B7: Mức Độ Ưu Tiên (Priority) | C7: Nội Dung Test (Test Title) | D7: Điều Kiện/ Dữ Liệu Test (Pre-condition/ Test Data) | E7: Các Bước Thực Hiện (Test Steps) | F7: Kết Quả Mong Đợi (Expected Results) | G7: =Summary!G8 -> Round 1 (09/04/2026 - 15/04/2026) | M7: =Summary!L8 -> Round 2 (dd/mm/yyyy - dd/mm/yyyy) | Q7: =Summary!Q8 -> Round 3(dd/mm/yyyy - dd/mm/yyyy) | U7: =Summary!V8 -> Round 4 (dd/mm/yyyy - dd/mm/yyyy)
G8: Kết Quả Thực Hiện (Actual Result) | J8: Người Thực Hiện (Executed By) | K8: ID Bugs | L8: Ghi Chú (Remark) | M8: Kết Quả Thực Hiện (Actual Result) | N8: Người Thực Hiện (Executed By) | O8: ID Bugs | P8: Ghi Chú (Remark) | Q8: Kết Quả Thực Hiện (Actual Result) | R8: Người Thực Hiện (Executed By) | S8: ID Bugs | T8: Ghi Chú (Remark) | U8: Kết Quả Thực Hiện (Actual Result) | V8: Người Thực Hiện (Executed By) | W8: ID Bugs | X8: Ghi Chú (Remark)
A9: Các dịch vụ cần test | G9: AP | H9: Smart Home | I9: Smart Tivi
A10: Màn hình nhập thông tin
A11: Màn hình nhập thông tin - Header
A12: =IF(E12="","",$C$3&"."&COUNTA($E$12:E12)&"") -> TC_01.1 | B12: Medium | C12: Click vào Logo FPT Telecom | D12: - Đang ở màn hình nhập thông tin đăng ký/thanh toán | E12: 1. Click vào logo FPT Telecom | F12: - Truy cập link trực tiếp: Điều hướng vào màn hình Home fpt.vn - Truy cập từ tongdaiwifi: Điều hướng về home https://staging.tongdaiwifi.vn/
A13: =IF(E13="","",$C$3&"."&COUNTA($E$12:E13)&"") -> TC_01.2 | B13: Medium | C13: Click vào icon back_ từ Home truy cập trực tiếp link | D13: - Có link đăng ký dịch vụ | E13: 1. Mở trình duyệt 2. Truy cập trực tiếp link đăng ký dịch vụ 3. Click vào icon back | F13: Điều hướng vào màn hình Home fpt.vn
A14: =IF(E14="","",$C$3&"."&COUNTA($E$12:E14)&"") -> TC_01.3 | B14: Medium | C14: Click vào icon back_ từ Home tongdaiwifi.vn | D14: - Đang ở màn hình nhập thông tin đăng ký/thanh toán | E14: 1. Mở trình duyệt 2. Truy cập trang tongdaiwifi.vn 3. Click btn Đăng ký ngay 4. Click vào icon back | F14: Điều hướng về home https://staging.tongdaiwifi.vn/
A15: Màn hình nhập thông tin - Tiến trình các bước
A16: =IF(E16="","",$C$3&"."&COUNTA($E$12:E16)&"") -> TC_01.4 | B16: Medium | C16: Check màu sắc mặc định tại các bước | D16: - Đang ở màn hình nhập thông tin đăng ký/thanh toán | E16: 1. Quan sát màu sắc tại các bước tiến trình. | F16: Hiển thị đúng màu sắc mặc định tại các bước. Gồm: + Bước 1: màu xanh dương + Bước 2,3: màu xám
A17: =IF(E17="","",$C$3&"."&COUNTA($E$12:E17)&"") -> TC_01.5 | B17: Medium | C17: Click vào các bước 1,2,3 khi đang ở bước 1 | D17: - Đang ở màn hình nhập thông tin đăng ký/thanh toán - Đang ở bước 1 | E17: 1. Click vào icon của các bước 1,2,3 | F17: Không có action nào, vẫn ở màn hình hiện tại
A18: =IF(E18="","",$C$3&"."&COUNTA($E$12:E18)&"") -> TC_01.6 | B18: Medium | C18: Click vào bước 1 khi đang ở bước 2 | D18: - Đang ở màn hình nhập thông tin đăng ký/thanh toán - Hiển thị tiến trình 3 bước - Đang ở bước 2 | E18: 1. Click vào icon của bước 1 | F18: Cho phép quay về bước 1 khi click vào icon bước 1
A19: Màn hình nhập thông tin - Block Sản phẩm dịch vụ đã chọn
A20: =IF(E20="","",$C$3&"."&COUNTA($E$9:E20)&"") -> TC_01.7 | B20: Medium | C20: Check load Số lượng gói dịch vụ | D20: Chọn 1 gói dịch vụ SA ở màn hình Chi tiết dịch vụ | E20: 1. Truy cập màn hình Thanh toán dịch vụ 2. Tại block Sản phẩm dịch vụ đã chọn 3. Check load Số lượng gói dịch vụ | F20: Hiển thị đúng số lượng gói dịch vụ đã chọn
A21: =IF(E21="","",$C$3&"."&COUNTA($E$9:E21)&"") -> TC_01.8 | B21: Medium | C21: Check load data Gói dịch vụ | D21: Chọn 1 gói dịch vụ SA ở màn hình Chi tiết dịch vụ | E21: 1. Truy cập màn hình Thanh toán dịch vụ 2. Tại block Sản phẩm dịch vụ đã chọn 3. Check hiển thị các trường trong block Sản phẩm dịch vụ đã chọn | F21: Hệ thống hiển thị lại gói khách hàng đã chọn
A22: =IF(E22="","",$C$3&"."&COUNTA($E$9:E22)&"") -> TC_01.9 | B22: Medium | C22: Check load Chu kỳ gói dịch vụ | D22: Chọn 1 gói dịch vụ SA ở màn hình Chi tiết dịch vụ | E22: 1. Truy cập màn hình Thanh toán dịch vụ 2. Tại block Sản phẩm dịch vụ đã chọn 3. Check load Chu kỳ gói dịch vụ | F22: Hệ thống hiển thị đúng chu kỳ đã chọn, ví dụ: 3 tháng, 6 tháng, 12 tháng.
A23: =IF(E23="","",$C$3&"."&COUNTA($E$9:E23)&"") -> TC_01.10 | B23: Medium | C23: Check load Giá gói dịch vụ | D23: Chọn 1 gói dịch vụ SA ở màn hình Chi tiết dịch vụ | E23: 1. Truy cập màn hình Thanh toán dịch vụ 2. Tại block Sản phẩm dịch vụ đã chọn 3. Check load Giá gói dịch vụ | F23: Hệ thống hiển thị giá của gói đã chọn. Nếu có ưu đãi, hệ thống hiển thị giá sau ưu đãi.
A24: =IF(E24="","",$C$3&"."&COUNTA($E$9:E24)&"") -> TC_01.11 | B24: Medium | C24: Check load icon Gói dịch vụ | D24: Chọn 1 gói dịch vụ SA ở màn hình Chi tiết dịch vụ | E24: 1. Truy cập màn hình Thanh toán dịch vụ 2. Tại block Sản phẩm dịch vụ đã chọn 3. Check icon Gói dịch vụ | F24: Hiển thị đúng hình ảnh theo config Product Hub
A25: Màn hình nhập thông tin - Block Thông tin Cá nhân
B26: Họ Tên (NET, ComBo Net)
B27: Medium | C27: Check khung viền màu xanh khi click chuột vào các trường Họ tên | D27: - Đang ở màn hình nhập thông tin đăng ký/thanh toán - Đang đăng ký dịch vụ NET/Combo net | E27: 1. Click vào trường Họ tên 2. Check hiển thị viền xanh | F27: Hiển thị viền màu xanh của trường
B28: Medium | C28: Check btn x trong trường Họ tên | D28: - Đang ở màn hình nhập thông tin đăng ký/thanh toán - Đang đăng ký dịch vụ NET/Combo net | E28: 1. Nhập 1 ký tự bất kỳ tại trường Họ tên 2. Check hiển thị icon x | F28: Hiển thị icon X khi nhập ký tự bất kỳ
B29: Medium | C29: Click btn x trong trường Họ tên | D29: - Đang ở màn hình nhập thông tin đăng ký/thanh toán - Đang đăng ký dịch vụ NET/Combo net | E29: 1. Nhập 1 ký tự bất kỳ tại trường Họ tên 2. Click icon x | F29: Xóa toàn bộ kí tự trong trường Họ tên và ẩn icon X
B30: Medium | C30: Check trường Họ tên để trống | D30: - Đang ở màn hình nhập thông tin đăng ký/thanh toán - Đang đăng ký dịch vụ NET/Combo net | E30: 1. Click vào trường Họ tên và không nhập data 2. Click ra ngoài trường Họ tên | F30: Border đỏ trường họ tên và thông báo " Vui lòng nhập họ và tên."
B31: Medium | C31: Check trường Họ tên nhập khoảng trắng | D31: - Đang ở màn hình nhập thông tin đăng ký/thanh toán - Đang đăng ký dịch vụ NET/Combo net | E31: 1. Click vào trường Họ tên 2. Nhập khoảng trắng 3. Click ra ngoài trường Họ tên | F31: Border đỏ trường họ tên và thông báo " Vui lòng nhập họ và tên."
B32: Medium | C32: Check nhập Họ tên có khoảng trắng đầu cuối | D32: - Đang ở màn hình nhập thông tin đăng ký/thanh toán - Đang đăng ký dịch vụ NET/Combo net | E32: 1. Nhập Họ tên có khoảng trắng đầu cuối 2. Nhập các trường bắt buộc khác 3. Btn Tiếp tục | F32: Cho phép qua màn hình tiếp theo không báo lỗi (khi submit sẽ trim khoảng trắng đi)
B33: Medium | C33: Check nhập hoặc copy-paste Họ tên có ký tự đặc biệt', số | D33: - Đang ở màn hình nhập thông tin đăng ký/thanh toán - Đang đăng ký dịch vụ NET/Combo net | E33: 1. Nhập/copy-paste họ tên có ký tự đặc biệt 2. Nhập các trường bắt buộc khác 3. Btn Tiếp tục | F33: Hiển thị thông báo "Họ tên không hợp lệ" * chỉ được nhận chữ + khoảng trắng
B34: Medium | C34: Check nhập/copy-paste Họ tên > 100 ký tự | D34: - Đang ở màn hình nhập thông tin đăng ký/thanh toán - Đang đăng ký dịch vụ NET/Combo net | E34: 1. Nhập/copy-paste Họ tên > 100 ký tự | F34: Chỉ cho phép nhập và hiển thị 100 ký tự
B35: Số điện thoại (Tất cả dịch vụ)
A36: =IF(E36="","",$C$3&"."&COUNTA($E$9:E36)&"") -> TC_01.20 | B36: Medium | C36: Check btn x trong trường Số điện thoại | D36: - Đang ở màn hình nhập thông tin đăng ký/thanh toán - Đang đăng ký dịch vụ bất kỳ | E36: 1. Nhập 1 số bất kỳ tại trường Số điện thoại 2. Check hiển thị icon x | F36: Hiển thị icon X khi nhập ký tự bất kỳ
A37: =IF(E37="","",$C$3&"."&COUNTA($E$12:E37)&"") -> TC_01.21 | B37: Medium | C37: Click btn x trong trường số điện thoại | D37: - Đang ở màn hình nhập thông tin đăng ký/thanh toán - Đang đăng ký dịch vụ bất kỳ | E37: 1. Nhập số bất kỳ tại trường Số điện thoại 2. Click icon x | F37: Xóa toàn bộ kí tự trong trường Số điện thoại và ẩn icon X
A38: =IF(E38="","",$C$3&"."&COUNTA($E$12:E38)&"") -> TC_01.22 | B38: Medium | C38: Check trường Số điện thoại để trống | D38: - Đang ở màn hình nhập thông tin đăng ký/thanh toán - Đang đăng ký dịch vụ bất kỳ | E38: 1. Click vào trường Số điện thoại và không nhập data 2. Click ra ngoài trường Số điện thoại | F38: Border đỏ trường số điện thoại và thông báo "Vui lòng nhập số điện thoại."
A39: =IF(E39="","",$C$3&"."&COUNTA($E$12:E39)&"") -> TC_01.23 | B39: Medium | C39: Check nhập hoặc copy-paste Số điện thoại có chứa ký tự bất kỳ không phải là số | D39: - Đang ở màn hình nhập thông tin đăng ký/thanh toán - Đang đăng ký dịch vụ bất kỳ | E39: 1. Nhập/copy-paste Số điện thoại có ký tự không phải số | F39: Hiển thị thông báo "Số điện thoại không hợp lệ"
A40: =IF(E40="","",$C$3&"."&COUNTA($E$12:E40)&"") -> TC_01.24 | B40: Medium | C40: Check nhập Số điện thoại = 10 số nhưng số đầu tiên khác 0 | D40: - Đang ở màn hình nhập thông tin đăng ký/thanh toán - Đang đăng ký dịch vụ bất kỳ | E40: 1. Nhập Số điện thoại có 10 số nhưng có số đầu tiên khác 0 | F40: Hiển thị thông báo "Số điện thoại không hợp lệ"
A41: =IF(E41="","",$C$3&"."&COUNTA($E$12:E41)&"") -> TC_01.25 | B41: Medium | C41: Check nhập hoặc copy-paste Số điện thoại dài hơn >10 chữ số | D41: - Đang ở màn hình nhập thông tin đăng ký/thanh toán - Đang đăng ký dịch vụ bất kỳ | E41: 1. Nhập /copy-paste Số điện thoại dài hơn >10 chữ số | F41: Chỉ hiển thị 10 chữ số, tự động cắt bỏ từ số 11
B42: Email (Hyperfast)
A43: =IF(E43="","",$C$3&"."&COUNTA($E$12:E43)&"") -> TC_01.26 | B43: Low | C43: Check placeholder tại trường Email | D43: - Đang ở màn hình nhập thông tin đăng ký/thanh toán - Đăng ký dịch vụ Hyperfast/UltraFast | E43: 1. Quan sát tại trường Email khi chưa nhập data | F43: Placeholder hiển thị "Nhập email" đúng gợi ý nhập email (VD: 'Acb@gmail.com')
A44: =IF(E44="","",$C$3&"."&COUNTA($E$12:E44)&"") -> TC_01.27 | B44: Medium | C44: Check btn x trong trường Email | D44: - Đang ở màn hình nhập thông tin đăng ký/thanh toán - Đăng ký dịch vụ Hyperfast/UltraFast | E44: 1. Nhập 1 ký tự bất kỳ tại trường Email 2. Check hiển thị icon x | F44: Hiển thị icon X khi nhập ký tự bất kỳ
A45: =IF(E45="","",$C$3&"."&COUNTA($E$12:E45)&"") -> TC_01.28 | B45: Medium | C45: Click btn x trong trường Email | D45: - Đang ở màn hình nhập thông tin đăng ký/thanh toán - Đăng ký dịch vụ Hyperfast/UltraFast | E45: 1. Nhập email bất kỳ tại trường Email 2. Click icon x | F45: Xóa toàn bộ ký tự trong trường Email và ẩn icon X
A46: =IF(E46="","",$C$3&"."&COUNTA($E$12:E46)&"") -> TC_01.29 | B46: Medium | C46: Check trường Email để trống | D46: - Đang ở màn hình nhập thông tin đăng ký/thanh toán - Đăng ký dịch vụ Hyperfast/UltraFast | E46: 1. Click vào trường Email nhập khoảng trắng hoặc không nhập data 2. Click ra ngoài trường Email | F46: Cho phép để trống trường Email
A47: =IF(E47="","",$C$3&"."&COUNTA($E$12:E47)&"") -> TC_01.30 | B47: Medium | C47: Check nhập Email sai định dạng | D47: - Đang ở màn hình nhập thông tin đăng ký/thanh toán - Đăng ký dịch vụ Hyperfast/UltraFast | E47: 1. Nhập Email: 'email_sai_format' 2. Click ra ngoài trường Email | F47: Hiển thị lỗi: 'Email không hợp lệ'
A48: =IF(E48="","",$C$3&"."&COUNTA($E$12:E48)&"") -> TC_01.31 | B48: Medium | C48: Check nhập Email không có domain (VD: test@) | D48: - Đang ở màn hình nhập thông tin đăng ký/thanh toán - Đăng ký dịch vụ Hyperfast/UltraFast | E48: 1. Nhập Email: 'test@' 2. Click ra ngoài trường Email | F48: Hiển thị lỗi: 'Email không hợp lệ'
A49: =IF(E49="","",$C$3&"."&COUNTA($E$12:E49)&"") -> TC_01.32 | B49: Medium | C49: Check Email đã nhập hiển thị realtime sang block Thông tin lắp đặt bên phải | D49: - Đang ở màn hình nhập thông tin đăng ký/thanh toán - Đăng ký dịch vụ Hyperfast/UltraFast | E49: 1. Nhập Email: 'Acb@gmail.com' 2. Check block Thông tin lắp đặt bên phải | F49: Email 'Acb@gmail.com' hiển thị đúng trong block Thông tin lắp đặt ngay sau khi nhập
A50: Màn hình nhập thông tin - Block Địa chỉ lắp đặt
B51: Tỉnh/Thành phố
A52: =IF(E52="","",$C$3&"."&COUNTA($E$12:E52)&"") -> TC_01.33 | B52: High | C52: Check dữ liệu mặc định các trường tại Tỉnh thành | D52: - Truy cập màn hình đăng ký dịch vụ/thanh toán - Block "Địa chỉ lắp đặt" đang hiển thị" | E52: 1. Check dữ liệu mặc định các trường tại Địa chỉ lắp đặt | F52: Mặc định load Tỉnh/Thành phố là rỗng
A53: =IF(E53="","",$C$3&"."&COUNTA($E$12:E53)&"") -> TC_01.34 | B53: Low | C53: Check placeholder tại tỉnh/thành phố | D53: - Truy cập màn hình đăng ký dịch vụ/thanh toán - Block "Địa chỉ lắp đặt" đang hiển thị" - Chưa chọn Tỉnh/thành phố | E53: 1. Quan sát tại Tỉnh/Thành phố khi chưa chọn data | F53: Hiển thị Placeholder là ''Chọn tỉnh/thành phố"
A54: =IF(E54="","",$C$3&"."&COUNTA($E$12:E54)&"") -> TC_01.35 | B54: Medium | C54: Check không chọn trường Tỉnh/ Thành phố | D54: - Truy cập màn hình đăng ký dịch vụ/thanh toán - Block "Địa chỉ lắp đặt" đang hiển thị" | E54: 1. Click trường Tỉnh/Thành phố 2. Click trường tỉnh/thành phố và không chọn data 3. Click ra ngoài trường Tỉnh/thành phố | F54: Hiển thị thông báo " Vui lòng chọn tỉnh/thành phố."
A55: =IF(E55="","",$C$3&"."&COUNTA($E$12:E55)&"") -> TC_01.36 | B55: Medium | C55: Check Load data trường Tỉnh/ Thành phố | D55: - Truy cập màn hình đăng ký dịch vụ/thanh toán - Block "Địa chỉ lắp đặt" đang hiển thị" | E55: 1. Click trường Tỉnh/Thành phố 2. Check Load data trường Tỉnh/ Thành phố | F55: Hiển thị đúng, đủ thông tin tỉnh thành trên toàn quốc: theo DCHC mới Ưu tiên HCM, HN, Đà Nẵng load đầu danh sách
A56: =IF(E56="","",$C$3&"."&COUNTA($E$12:E56)&"") -> TC_01.37 | B56: Medium | C56: Check tìm kiếm theo tên Tỉnh/ Thành phố | D56: - Truy cập màn hình đăng ký dịch vụ/thanh toán - Block "Địa chỉ lắp đặt" đang hiển thị" | E56: 1. Click trường Tỉnh/Thành phố 2. Nhập Tỉnh/ Thành phố cần tìm | F56: Hiển thị danh sách tỉnh/thành phố đúng với dữ liệu đã nhập
A57: =IF(E57="","",$C$3&"."&COUNTA($E$12:E57)&"") -> TC_01.38 | B57: Medium | C57: Check chọn Tỉnh/ Thành phố | D57: - Truy cập màn hình đăng ký dịch vụ/thanh toán - Block "Địa chỉ lắp đặt" đang hiển thị" | E57: 1. Click trường Tỉnh/Thành phố 2. Click chọn tỉnh/thành phố bất kỳ | F57: Chỉ được chọn 1 và hiển thị đúng giá trị đã chọn
A58: =IF(E58="","",$C$3&"."&COUNTA($E$12:E58)&"") -> TC_01.39 | B58: Medium | C58: Check load thêm các trường khi chọn Tỉnh/ Thành phố | D58: - Truy cập màn hình đăng ký dịch vụ/thanh toán - Block "Địa chỉ lắp đặt" đang hiển thị" | E58: 1. Click trường Tỉnh/Thành phố 2. Click chọn tỉnh/thành phố bất kỳ 3. Check hiển thị các trường thông tin tại Địa chỉ lắp đặt | F58: Block Địa chỉ lắp đặt hiển thị gồm(note: DCHC 2 cấp): - Tỉnh/Thành phố - Phường/Xã - Tên đường - Radio: Nhà riêng | Chung cư - Số nhà - Ghi chú
A59: =IF(E59="","",$C$3&"."&COUNTA($E$12:E59)&"") -> TC_01.40 | B59: Medium | C59: Check Reload thông tin địa chỉ khi thay đổi Tỉnh/Thành phố | D59: - Truy cập màn hình đăng ký dịch vụ/thanh toán - Block "Địa chỉ lắp đặt" đang hiển thị" | E59: 1. Click trường Tỉnh/Thành phố chọn 1 giá trị bất kỳ 2. Chọn 1 tỉnh/thành phố khác bước 1 | F59: Load lại Phường/Xã tương ứng và reset Tên đường, trigger kiểm tra chính sách
B60: Phường/Xã
A61: =IF(E61="","",$C$3&"."&COUNTA($E$12:E61)&"") -> TC_01.41 | B61: Low | C61: Check placeholder tại Phường/Xã | D61: - Truy cập màn hình đăng ký dịch vụ/thanh toán - Block ""Địa chỉ lắp đặt" đang hiển thị - Chưa chọn data Phường/Xã | E61: 1. Quan sát tại Phường/Xã khi chưa chọn data | F61: Hiển thị Placeholder là ''Chọn phường/xã"
A62: =IF(E62="","",$C$3&"."&COUNTA($E$12:E62)&"") -> TC_01.42 | B62: Medium | C62: Check không chọn trường Phường/Xã | D62: - Truy cập màn hình đăng ký dịch vụ/thanh toán - Block ""Địa chỉ lắp đặt" đang hiển thị - Chưa chọn data Phường/Xã | E62: 1. Click Phường/Xã và không chọn data 2. Click khỏi trường Phường/Xã | F62: Hiển thị thông báo " Vui lòng chọn phường/xã."
A63: =IF(E63="","",$C$3&"."&COUNTA($E$12:E63)&"") -> TC_01.43 | B63: Medium | C63: Check tìm kiếm theo tên Phường/Xã | D63: - Truy cập màn hình đăng ký dịch vụ/thanh toán - Block ""Địa chỉ lắp đặt" đang hiển thị - Chưa chọn data Phường/Xã | E63: 1. Click Phường/Xã 2. Nhập Phường/Xã cần tìm | F63: Hiển thị danh sách Phường/Xã đúng với dữ liệu đã nhập
A64: =IF(E64="","",$C$3&"."&COUNTA($E$12:E64)&"") -> TC_01.44 | B64: Medium | C64: Check chọn Phường/Xã | D64: - Truy cập màn hình đăng ký dịch vụ/thanh toán - Block ""Địa chỉ lắp đặt" đang hiển thị - Chưa chọn data Phường/Xã | E64: 1. Click chọn Phường/Xã bất kỳ | F64: Chỉ được chọn 1 và hiển thị đúng giá trị đã chọn
A65: =IF(E65="","",$C$3&"."&COUNTA($E$12:E65)&"") -> TC_01.45 | B65: Medium | C65: Check Reload thông tin địa chỉ khi thay đổi Phường/Xã | D65: - Truy cập màn hình đăng ký dịch vụ/thanh toán - Block "Địa chỉ lắp đặt" đang hiển thị - Chưa chọn data Phường/Xã | E65: 1. Click Phường/Xã và thay đổi 1 giá trị khác | F65: Hiển thị Phường/Xã đã chọn đồng thời reset Tên đường và trigger kiểm tra chính sách
B66: Tên đường
A67: =IF(E67="","",$C$3&"."&COUNTA($E$12:E67)&"") -> TC_01.46 | B67: Low | C67: Check placeholder tại Tên đường | D67: - Truy cập màn hình đăng ký dịch vụ/thanh toán - Block "Địa chỉ lắp đặt" đang hiển thị - Chưa chọn data Tên đường | E67: 1. Quan sát tại Tên đường khi chưa chọn data | F67: Hiển thị Placeholder là ''Chọn tên đường"
A68: =IF(E68="","",$C$3&"."&COUNTA($E$12:E68)&"") -> TC_01.47 | B68: Medium | C68: Check không chọn trường Tên đường | D68: - Truy cập màn hình đăng ký dịch vụ/thanh toán - Block "Địa chỉ lắp đặt" đang hiển thị - Chưa chọn data Tên đường | E68: 1. Click Tên đường và không chọn data 2. Click khỏi trường Tên đường | F68: Hiển thị thông báo " Vui lòng chọn tên đường."
A69: =IF(E69="","",$C$3&"."&COUNTA($E$12:E69)&"") -> TC_01.48 | B69: Medium | C69: Check tìm kiếm theo tên Tên đường | D69: - Truy cập màn hình đăng ký dịch vụ/thanh toán - Block "Địa chỉ lắp đặt" đang hiển thị - Đã chọn Phường/Xã | E69: 1. Click Tên đường 2. Nhập Tên đường cần tìm | F69: Hiển thị danh sách Tên đường đúng với dữ liệu đã nhập *không trim khoảng cách trước khi thực hiện tìm kiếm
A70: =IF(E70="","",$C$3&"."&COUNTA($E$12:E70)&"") -> TC_01.49 | B70: Medium | C70: Check chọn Tên đường | D70: - Truy cập màn hình đăng ký dịch vụ/thanh toán - Block "Địa chỉ lắp đặt" đang hiển thị - Đã chọn Phường/Xã | E70: 1. Click chọn Tên đường bất kỳ | F70: Chỉ được chọn 1 và hiển thị đúng giá trị đã chọn
B71: Nhà riêng
A72: =IF(E72="","",$C$3&"."&COUNTA($E$12:E72)&"") -> TC_01.50 | B72: Medium | C72: Click radio Nhà riêng | D72: - Truy cập màn hình đăng ký dịch vụ/thanh toán - Block "Địa chỉ lắp đặt" đang hiển thị | E72: 1. Click chọn radio Nhà riêng 2. Check hiển thị các trường thông tin chi tiết bên dưới radio | F72: Hiển thị trường thông tin gồm: Số nhà*
A73: =IF(E73="","",$C$3&"."&COUNTA($E$12:E73)&"") -> TC_01.51 | B73: Low | C73: Check placeholder tại Số nhà* | D73: - Truy cập màn hình đăng ký dịch vụ/thanh toán - Block "Địa chỉ lắp đặt" đang hiển thị | E73: 1. Click chọn radio Nhà riêng 2. Quan sát tại Số nhà* khi chưa nhập data | F73: Hiển thị Placeholder là ''Nhập số nhà"
A74: =IF(E74="","",$C$3&"."&COUNTA($E$12:E74)&"") -> TC_01.52 | B74: Medium | C74: Check không nhập trường Số nhà | D74: - Truy cập màn hình đăng ký dịch vụ/thanh toán - Block "Địa chỉ lắp đặt" đang hiển thị | E74: 1. Chọn radio btn Nhà riêng 2. Click Số nhà và không nhập data 3. Click ra ngoài trường Số nhà | F74: Hiển thị thông báo: "Vui lòng nhập địa chỉ/số nhà."
A75: =IF(E75="","",$C$3&"."&COUNTA($E$12:E75)&"") -> TC_01.53 | B75: Medium | C75: Check nhập hoặc copy-paste trên 50 100 kí tự | D75: - Truy cập màn hình đăng ký dịch vụ/thanh toán - Block "Địa chỉ lắp đặt" đang hiển thị | E75: 1. Chọn radio btn Nhà riêng 2. Nhập hoặc copy-paste Địa chỉ chi tiết trên 50 100 kí tự | F75: Chỉ cho phép nhập và hiển thi tối đa 50 100 kí tự
B76: Chung cư
A77: =IF(E77="","",$C$3&"."&COUNTA($E$12:E77)&"") -> TC_01.54 | B77: Medium | C77: Click radio Chung cư | D77: - Truy cập màn hình đăng ký dịch vụ/thanh toán - Block "Địa chỉ lắp đặt" đang hiển thị | E77: 1. Click chọn radio Chung cư 2. Check hiển thị thêm các trường thông tin | F77: Hiển thị thêm các trường thông tin gồm: + Tên chung cư + Tòa nhà + Số tầng + Số phòng
A78: =IF(E78="","",$C$3&"."&COUNTA($E$12:E78)&"") -> TC_01.55 | B78: Medium | C78: Check dữ liệu load tại Tên chung cư | D78: - Truy cập màn hình đăng ký dịch vụ/thanh toán - Block "Địa chỉ lắp đặt" đang hiển thị - Đã chọn Tỉnh/Thành phố và Phường/Xã | E78: 1. Click btn radio Chung cư 2. Click dropdown list Tên chung cư 3. Check dữ liệu đang load tại Tên chung cư | F78: Hiển thị danh sách chung cư thuộc Tỉnh/ Thành + Phường/ Xã đã chọn theo ĐCHC 2 cấp. Mặc định rỗng
A79: =IF(E79="","",$C$3&"."&COUNTA($E$12:E79)&"") -> TC_01.56 | B79: Medium | C79: Check tìm kiếm theo Tên chung cư | D79: - Truy cập màn hình đăng ký dịch vụ/thanh toán - Block "Địa chỉ lắp đặt" đang hiển thị | E79: 1. Click btn radio Chung cư 2. Click dropdown list Tên chung cư 3. Nhập tên chung cư cần tìm kiếm | F79: Hiển thị chung cư đang tìm ** không trim khoảng cách trước khi thực hiện tìm kiếm
A80: =IF(E80="","",$C$3&"."&COUNTA($E$12:E80)&"") -> TC_01.57 | B80: Low | C80: Check placeholder tại Tòa nhà | D80: - Truy cập màn hình đăng ký dịch vụ/thanh toán - Block "Địa chỉ lắp đặt" đang hiển thị | E80: 1. Click btn radio Chung cư 2. Quan sát tại Tòa nhà khi chưa nhập data | F80: Hiển thị placeholder "Nhập tên toà nhà"
A81: =IF(E81="","",$C$3&"."&COUNTA($E$12:E81)&"") -> TC_01.58 | B81: Medium | C81: Check không nhập Toà nhà | D81: - Truy cập màn hình đăng ký dịch vụ/thanh toán - Block "Địa chỉ lắp đặt" đang hiển thị | E81: 1. Click btn radio Chung cư 2. Không nhập Tòa nhà 3. Nhập các trường bắt buộc khác 4 . Click Tiếp tục | F81: Cho phép điều hướng qua màn hình thanh toán không báo lỗi (không bắt buộc)
A82: =IF(E82="","",$C$3&"."&COUNTA($E$12:E82)&"") -> TC_01.59 | B82: Medium | C82: Check nhập/copy-paste Tòa nhà quá 10 ký tự | D82: - Truy cập màn hình đăng ký dịch vụ/thanh toán - Block "Địa chỉ lắp đặt" đang hiển thị | E82: 1. Click btn radio Chung cư 2. Nhập/copy-paste Tòa nhà > 10 ký tự | F82: Chỉ cho phép nhập và hiển thị tối đa 10 ký tự
A83: =IF(E83="","",$C$3&"."&COUNTA($E$12:E83)&"") -> TC_01.60 | B83: Low | C83: Check placeholder tại Số tầng | D83: - Truy cập màn hình đăng ký dịch vụ/thanh toán - Block "Địa chỉ lắp đặt" đang hiển thị | E83: 1. Click btn radio Chung cư 2. Quan sát tại Số tầng khi chưa nhập data | F83: Hiển thị placeholder "Nhập số tầng"
A84: =IF(E84="","",$C$3&"."&COUNTA($E$12:E84)&"") -> TC_01.61 | B84: Medium | C84: Check không nhập Số tầng | D84: - Truy cập màn hình đăng ký dịch vụ/thanh toán - Block "Địa chỉ lắp đặt" đang hiển thị | E84: 1. Click btn radio Chung cư 2. Click Số tầng và không nhập dữ liệu 3. Click khỏi trường Số tầng | F84: Border đỏ Số tầng và hiển thị thông báo: "Vui lòng nhập số tầng."
A85: =IF(E85="","",$C$3&"."&COUNTA($E$12:E85)&"") -> TC_01.62 | B85: Medium | C85: Check nhập/copy-paste Số tầng quá 10 ký tự | D85: - Truy cập màn hình đăng ký dịch vụ/thanh toán - Block "Địa chỉ lắp đặt" đang hiển thị | E85: 1. Click btn radio Chung cư 2. Check nhập/copy-paste Số tầng quá 10 ký tự | F85: Chỉ cho phép nhập và hiển thị tối đa 10 ký tự
A86: =IF(E86="","",$C$3&"."&COUNTA($E$12:E86)&"") -> TC_01.63 | B86: Low | C86: Check placeholder tại Số phòng | D86: - Truy cập màn hình đăng ký dịch vụ/thanh toán - Block "Địa chỉ lắp đặt" đang hiển thị | E86: 1. Click btn radio Chung cư 2. Quan sát tại Số phòng khi chưa nhập data | F86: Hiển thị placeholder "Nhập số phòng"
A87: =IF(E87="","",$C$3&"."&COUNTA($E$12:E87)&"") -> TC_01.64 | B87: Medium | C87: Check không nhập Số phòng | D87: - Truy cập màn hình đăng ký dịch vụ/thanh toán - Block "Địa chỉ lắp đặt" đang hiển thị | E87: 1. Click btn radio Chung cư 2. Click Số phòng và không nhập dữ liệu 3. Click khỏi trường Số phòng | F87: Border đỏ Số phòng và hiển thị thông báo: "Vui lòng nhập số phòng."
A88: =IF(E88="","",$C$3&"."&COUNTA($E$12:E88)&"") -> TC_01.65 | B88: Medium | C88: Check nhập/copy-paste Số phòng quá 10 ký tự | D88: - Truy cập màn hình đăng ký dịch vụ/thanh toán - Block "Địa chỉ lắp đặt" đang hiển thị | E88: 1. Click btn radio Chung cư 2.Check nhập/copy-paste Số phòng quá 10 ký tự | F88: Chỉ cho phép nhập và hiển thị tối đa 10 ký tự
B89: Ghi chú
A90: =IF(E90="","",$C$3&"."&COUNTA($E$12:E90)&"") -> TC_01.66 | B90: Low | C90: Check placeholder tại Ghi chú | D90: - Truy cập màn hình đăng ký dịch vụ/thanh toán - Block "Địa chỉ lắp đặt" đang hiển thị | E90: 1. Quan sát tại Ghi chú khi chưa nhập data | F90: Hiển thị Placeholder là ''Gọi cho tôi trước 30 phút nhé!"
A91: =IF(E91="","",$C$3&"."&COUNTA($E$12:E91)&"") -> TC_01.67 | B91: Medium | C91: Check không chọn trường Ghi chú | D91: - Truy cập màn hình đăng ký dịch vụ/thanh toán - Block "Địa chỉ lắp đặt" đang hiển thị | E91: 1. Click Ghi chú và không nhâp data 2. Click khỏi trường Ghi chú | F91: Không hiển thị thông báo lỗi (không bắt buộc nhập)
A92: =IF(E92="","",$C$3&"."&COUNTA($E$12:E92)&"") -> TC_01.68 | B92: Medium | C92: Check nhập/copy-paste trên 100 kí tự trường ghi chú | D92: - Truy cập màn hình đăng ký dịch vụ/thanh toán - Block "Địa chỉ lắp đặt" đang hiển thị | E92: 1. Nhập/copy-paste trên 100 kí tự trường ghi chú | F92: Chỉ cho phép nhập và hiển thị 100 ký tự
A93: =IF(E93="","",$C$3&"."&COUNTA($E$12:E93)&"") -> TC_01.69 | B93: High | C93: Check hiển thị popup thông báo khi chọn địa chỉ không có chính sách | D93: - Truy cập màn hình đăng ký dịch vụ/thanh toán - Block "Địa chỉ lắp đặt" đang hiển thị | E93: 1. Chọn Tỉnh/Thành phố,Phường/xã bất kỳ không có chính sách 2. Check hiển thị popup thông báo khi chọn địa chỉ không có chính sách | F93: Hiển thị popup thông báo như sau: - Title: Chưa hỗ trợ chính sách! - Nội dung: "Địa chỉ của Quý khách hiện chưa hỗ trợ chính sách cho sản phẩm đang chọn. Nhân viên FPT sẽ liên hệ để tư vấn. Mọi thắc mắc, vui lòng liên hệ 1900 6600 để được giải đáp. Xin cảm ơn!" Button Đóng
A94: =IF(E94="","",$C$3&"."&COUNTA($E$12:E94)&"") -> TC_01.70 | B94: Medium | C94: Check hiển thị popup thông báo khi chọn địa chỉ không có chính sách >> Click bnt Đóng | D94: - Truy cập màn hình đăng ký dịch vụ/thanh toán - Block "Địa chỉ lắp đặt" đang hiển thị | E94: 1. Chọn Tỉnh/Thành phố,Phường/xã bất kỳ không có chính sách 2. Click btn Đóng trên popup Chưa hỗ trợ chính sách | F94: Đóng popup, disable btn Tiếp tục
A95: =IF(E95="","",$C$3&"."&COUNTA($E$12:E95)&"") -> TC_01.71 | B95: Medium | C95: Check đẩy KHTN khi chọn địa chỉ không có chính sách | D95: - Truy cập màn hình đăng ký dịch vụ/thanh toán - Block "Địa chỉ lắp đặt" đang hiển thị - Có thể đẩy KHTN thành công | E95: 1. Chọn Tỉnh/Thành phố,Phường/xã bất kỳ không có chính sách 2. Click btn Đóng trên popup Chưa hỗ trợ chính sách! 3. Truy cập https://saleplatform-stag.fpt.net/web-admin check thông tin KHTN | F95: Đẩy KHTN thành công tương ứng với SĐT đã nhập
A96: =IF(E96="","",$C$3&"."&COUNTA($E$12:E96)&"") | B96: Popup Địa chỉ hành chính cũ (3 cấp)
A97: =IF(E97="","",$C$3&"."&COUNTA($E$12:E97)&"") -> TC_01.72 | B97: Medium | C97: Check UI popup Địa chỉ hành chính cũ | D97: - Truy cập màn hình đăng ký dịch vụ/thanh toán - Block "Địa chỉ lắp đặt" đang hiển thị" | E97: 1. Click link Địa chỉ hành chính cũ 2. Check UI popup Địa chỉ hành chính cũ | F97: Popup Địa chỉ hành chính cũ gồm: - Title: Địa chỉ hành chính cũ - Label: Bạn vui lòng xác nhận vị trí lắp đặt để cập nhật vị trí hành chính mới - droplist Tỉnh/ Thành phố - droplist Quận/ Huyện - droplist Phường/ Xã - droplist Tên đường - Địa chỉ hành chính mới (hiện khi chọn full thông tin) - icon x - btn Xác nhận
A98: =IF(E98="","",$C$3&"."&COUNTA($E$12:E98)&"") -> TC_01.73 | B98: Medium | C98: Check Load data trường Tỉnh/ Thành phố _Popup Địa chỉ hành chính cũ | D98: - Truy cập màn hình đăng ký dịch vụ/thanh toán - Block "Địa chỉ lắp đặt" đang hiển thị" | E98: 1. Click link Địa chỉ hành chính cũ 2. Check Load data trường Tỉnh/ Thành phố | F98: Hiển thị đúng, đủ thông tin tỉnh thành trên toàn quốc: 63 Tỉnh thành theo ĐCHC 3 cấp - Cho phép chọn từng tỉnh thành
A99: =IF(E99="","",$C$3&"."&COUNTA($E$12:E99)&"") -> TC_01.74 | B99: Medium | C99: Check không chọn trường Tỉnh/ Thành phố _Popup Địa chỉ hành chính cũ | D99: - Truy cập màn hình đăng ký dịch vụ/thanh toán - Block "Địa chỉ lắp đặt" đang hiển thị" | E99: 1. Click link Địa chỉ hành chính cũ 2. Click vô trường Tỉnh/Thành phố 3. Click btn Xác nhận | F99: Disable btn Xác nhận
A100: =IF(E100="","",$C$3&"."&COUNTA($E$12:E100)&"") -> TC_01.75 | B100: Medium | C100: Check chọn 1 Tỉnh/ Thành phố _Popup Địa chỉ hành chính cũ | D100: - Truy cập màn hình đăng ký dịch vụ/thanh toán - Block "Địa chỉ lắp đặt" đang hiển thị" | E100: 1. Click link Địa chỉ hành chính cũ 2. Chọn 1 Tỉnh/ Thành phố | F100: Hiện thị đúng giá trị chọn
A101: =IF(E101="","",$C$3&"."&COUNTA($E$12:E101)&"") -> TC_01.76 | B101: Medium | C101: Check tìm kiếm theo tên Tỉnh/ Thành phố _Popup Địa chỉ hành chính cũ | D101: - Truy cập màn hình đăng ký dịch vụ/thanh toán - Block "Địa chỉ lắp đặt" đang hiển thị" | E101: 1 Click link Địa chỉ hành chính cũ 2. Nhập Tỉnh/ Thành phố cần tìm | F101: Hiện danh sách gới ý các tỉnh thành phố thoả từ khoá cần tìm
A102: =IF(E102="","",$C$3&"."&COUNTA($E$12:E102)&"") -> TC_01.77 | B102: Medium | C102: Check quy tắc tìm kiếm theo tên Tỉnh/ Thành phố _Popup Địa chỉ hành chính cũ | D102: - Truy cập màn hình đăng ký dịch vụ/thanh toán - Block "Địa chỉ lắp đặt" đang hiển thị" | E102: 1. Click link Địa chỉ hành chính cũ 2. Nhập từ khoá vào droplist Tỉnh/Thành phố 3. Check quy tắc tìm kiếm theo tên Tỉnh/ Thành phố | F102: Hệ thống không trim khoảng cách trước khi thực hiện tìm kiếm, tìm kiếm theo quy tắc contains
A103: =IF(E103="","",$C$3&"."&COUNTA($E$12:E103)&"") -> TC_01.78 | B103: Medium | C103: Check Load data trường Quận/ Huyện _Popup Địa chỉ hành chính cũ | D103: - Truy cập màn hình đăng ký dịch vụ/thanh toán - Block "Địa chỉ lắp đặt" đang hiển thị" | E103: 1. Click link Địa chỉ hành chính cũ 2. Chọn 1 Tỉnh/ Thành phố 3. Check Load data trường Quận/ Huyện | F103: Hiển thị đúng, đủ thông tin Quận/ Huyện thuộc thành phố đã chọn theo ĐCHC 3 cấp
A104: =IF(E104="","",$C$3&"."&COUNTA($E$12:E104)&"") -> TC_01.79 | B104: Medium | C104: Check không chọn trường Quận/ Huyện _Popup Địa chỉ hành chính cũ | D104: - Truy cập màn hình đăng ký dịch vụ/thanh toán - Block "Địa chỉ lắp đặt" đang hiển thị" | E104: 1. Click link Địa chỉ hành chính cũ 2. Chọn 1 Tỉnh/ Thành phố 3. Để rỗng Quận/ Huyện 4. Click btn Xác nhận | F104: Disable btn Xác nhận
...

Sheet Chi tiết các dịch vụ SA
A3: Mã chức năng (Function ID) | C3: TC_05
A4: Tên chức năng (Function Name) | C4: Chi tiết dịch vụ SA
A7: Testcase ID | B7: Mức Độ Ưu Tiên (Priority) | C7: Nội Dung Test (Test Title) | D7: Điều Kiện/ Dữ Liệu Test (Pre-condition/ Test Data) | E7: Các Bước Thực Hiện (Test Steps) | F7: Kết Quả Mong Đợi (Expected Results) | G7: =Summary!G8 -> Round 1 (09/04/2026 - 15/04/2026) | M7: =Summary!L8 -> Round 2 (dd/mm/yyyy - dd/mm/yyyy) | U7: =Summary!V8 -> Round 4 (dd/mm/yyyy - dd/mm/yyyy)
G8: Kết Quả Thực Hiện (Actual Result) | J8: Người Thực Hiện (Executed By) | K8: ID Bugs | L8: Ghi Chú (Remark) | M8: Kết Quả Thực Hiện (Actual Result) | P8: Người Thực Hiện (Executed By) | Q8: ID Bugs | R8: Ghi Chú (Remark) | S8: ID Bugs | T8: Ghi Chú (Remark) | U8: Kết Quả Thực Hiện (Actual Result) | V8: Người Thực Hiện (Executed By) | W8: ID Bugs | X8: Ghi Chú (Remark)
A9: Các dịch vụ cần test | M9: FPL | N9: Ultra Fast | O9: HyperFast
A10: Tổng Quan Màn Hình
A11: =IF(E11="","",$C$3&"."&COUNTA($E$11:E11)&"") -> TC_05.1 | B11: High | C11: Kiểm tra layout tổng thể trang chi tiết dịch vụ | D11: Đang ở trang chi tiết dịch vụ với URL hợp lệ của 1 gói bán đang active. | E11: 1. Mở trang chi tiết dịch vụ. 2. Quan sát toàn bộ bố cục màn hình. | F11: Trang hiển thị đầy đủ các block theo đúng thứ tự: (1) Header dùng chung (2) Breadcrumb (3) Hình ảnh & Video (4) Thông tin gói bán (Tên, Mô tả, Chu kỳ, Giá bán) (5) Block Đặc quyền (6) Block Ưu đãi (7) Block Khuyến mãi thanh toán (8) Button Mua ngay (9) Block Thông tin sản phẩm (10) Block Thông tin hay (11) Block Đã xem gần đây (12) Câu hỏi thường gặp (13) Footer dùng chung Không có block bị vỡ layout, trùng chèn hoặc hiển thị lỗi. | J11: GiangDC2
A12: =IF(E12="","",$C$3&"."&COUNTA($E$11:E12)&"") -> TC_05.2 | B12: High | C12: Kiểm tra trang chi tiết dịch vụ truy cập tử Homepage | D12: User mở trình duyệt. | E12: 1. Truy cập Homepage Tongdaiwifi 2. Click btn Xem chi tiết tại card dịch vụ SA bất kỳ | F12: Điều hướng đúng màn hình chi tiết của dịch vụ, Và load tên gói đúng với card đã chọn | J12: GiangDC2
A13: =IF(E13="","",$C$3&"."&COUNTA($E$11:E13)&"") -> TC_05.3 | B13: High | C13: Kiểm tra trang chi tiết dịch vụ truy cập trực tiếp từ link | D13: User mở trình duyệt. | E13: 1. Nhập URL trang chi tiết dịch vụ với ID sản phẩm hợp lệ vào thanh địa chỉ. 2. Nhấn Enter. | F13: Điều hướng đúng màn hình chi tiết của dịch vụ, và load thông tin gói đúng với URL đã nhập | J13: GiangDC2
A14: =IF(E14="","",$C$3&"."&COUNTA($E$11:E14)&"") -> TC_05.4 | B14: Medium | C14: Kiểm tra trang chi tiết dịch vụ với URL sản phẩm không tồn tại | D14: User mở trình duyệt. | E14: 1. Nhập URL trang chi tiết dịch vụ với ID sản phẩm không tồn tại vào thanh địa chỉ. 2. Nhấn Enter. | F14: Hệ thống hiển thị trang lỗi (404) hoặc trang thông báo 'Không tìm thấy sản phẩm'. Không hiển thị trang trắng hoặc crash. | J14: GiangDC2
A15: Breadcrumb
A16: =IF(E16="","",$C$3&"."&COUNTA($E$11:E16)&"") -> TC_05.5 | B16: High | C16: Kiểm tra breadcrumb hiển thị đúng danh mục và tên gói dịch vụ | D16: Đang ở trang chi tiết dịch vụ với URL hợp lệ của 1 gói bán đang active. | E16: 1. Mở trang chi tiết dịch vụ. 2. Quan sát breadcrumb ở đầu trang. | F16: Breadcrumb hiển thị đúng chuỗi danh mục sản phẩm dẫn đến gói đang xem. Điểm đến cuối cùng là tên gói bán hiện tại. | J16: GiangDC2
A17: =IF(E17="","",$C$3&"."&COUNTA($E$11:E17)&"") -> TC_05.6 | B17: Medium | C17: Kiểm tra breadcrumb điều hướng về trang danh mục cha | D17: Đang ở trang chi tiết dịch vụ với URL hợp lệ của 1 gói bán đang active. | E17: 1. Mở trang chi tiết dịch vụ. 2. Click vào một mục trung gian trong breadcrumb (không phải mục cuối). | F17: Hệ thống điều hướng đúng đến trang danh mục tương ứng. URL thay đổi chính xác. | J17: GiangDC2
A18: =IF(E18="","",$C$3&"."&COUNTA($E$11:E18)&"") -> TC_05.7 | B18: Low | C18: Kiểm tra breadcrumb không cho phép click vào điểm cuối (tên gói hiện tại) | D18: Đang ở trang chi tiết dịch vụ với URL hợp lệ của 1 gói bán đang active. | E18: 1. Mở trang chi tiết dịch vụ. 2. Click vào tên gói ở cuối breadcrumb. | F18: Giữ nguyên màn hình hiện tại, không điều hướng | J18: GiangDC2
A19: Hình Ảnh & Video Sản Phẩm
A20: =IF(E20="","",$C$3&"."&COUNTA($E$11:E20)&"") -> TC_05.8 | B20: High | C20: Kiểm tra hiển thị hình ảnh và video sản phẩm load từ ProductHub | D20: Đang ở trang chi tiết dịch vụ với URL hợp lệ của 1 gói bán đang active. Gói bán có cả ảnh và video trong ProductHub. | E20: 1. Mở trang chi tiết dịch vụ. 2. Quan sát block Hình ảnh & Video. | F20: Hình ảnh và video load đúng từ ProductHub. Ảnh đầu tiên hiển thị ở khung chính. Thumbnail ảnh/video hiển thị phía dưới để chọn. | J20: GiangDC2 | L20: hiện tại chưa hỗ trợ đính kèm video
A21: =IF(E21="","",$C$3&"."&COUNTA($E$11:E21)&"") -> TC_05.9 | B21: High | C21: Kiểm tra giới hạn tối đa 10 mục hình ảnh & video | D21: Đang ở trang chi tiết dịch vụ với URL hợp lệ của 1 gói bán đang active. Gói bán có hơn 10 ảnh/video trong ProductHub. | E21: 1. Mở trang chi tiết dịch vụ. 2. Đếm số lượng ảnh và video hiển thị trong block. | F21: Hệ thống chỉ hiển thị tối đa 10 mục (ảnh + video kết hợp). Các mục từ thứ 11 trở đi không hiển thị. | J21: GiangDC2 | L21: hiện tại chưa hỗ trợ đính kèm video
A22: =IF(E22="","",$C$3&"."&COUNTA($E$11:E22)&"") -> TC_05.10 | B22: High | C22: Kiểm tra chuyển ảnh/video bằng nút điều hướng | D22: Đang ở trang chi tiết dịch vụ với URL hợp lệ của 1 gói bán đang active. Gói bán có >= 3 ảnh trong ProductHub. | E22: 1. Mở trang chi tiết dịch vụ. 2. Click nút điều hướng sang phải (Next). | F22: Hình ảnh chuyển sang mục tiếp theo. Khung ảnh chính cập nhật đúng ảnh tương ứng. | J22: GiangDC2
A23: =IF(E23="","",$C$3&"."&COUNTA($E$11:E23)&"") -> TC_05.11 | B23: High | C23: Kiểm tra nút điều hướng khi đang ở vị trí giữa | D23: Đang ở trang chi tiết dịch vụ với URL hợp lệ của 1 gói bán đang active. Gói bán có >= 3 ảnh/video trong ProductHub. | E23: 1. Mở trang chi tiết dịch vụ. 2. Click nút Next 3. Quan sát trạng thái nút Next/Prev | F23: Nút Next/Prev không bị disable có thể click được | J23: GiangDC2
A24: =IF(E24="","",$C$3&"."&COUNTA($E$11:E24)&"") -> TC_05.12 | B24: High | C24: Kiểm tra nút điều hướng bị disabled khi đến giới hạn phải | D24: Đang ở trang chi tiết dịch vụ với URL hợp lệ của 1 gói bán đang active. Gói bán có >= 2 ảnh/video trong ProductHub. | E24: 1. Mở trang chi tiết dịch vụ. 2. Click nút Next liên tục cho đến mục cuối cùng. 3. Quan sát trạng thái nút Next. | F24: Nút điều hướng phải (Next) bị disabled (không thể click, thay đổi giao diện thể hiện trạng thái disabled) khi đang ở mục cuối cùng. | J24: GiangDC2
A25: =IF(E25="","",$C$3&"."&COUNTA($E$11:E25)&"") -> TC_05.13 | B25: High | C25: Kiểm tra nút điều hướng bị disabled khi đang ở mục đầu tiên (giới hạn trái) | D25: Đang ở trang chi tiết dịch vụ với URL hợp lệ của 1 gói bán đang active. Gói bán có >= 2 ảnh/video trong ProductHub. | E25: 1. Mở trang chi tiết dịch vụ. 2. Quan sát trạng thái nút điều hướng trái (Prev) ngay khi mở trang. | F25: Nút điều hướng trái (Prev) bị disabled khi đang hiển thị mục đầu tiên (không thể click thêm về trái). | J25: GiangDC2
A26: =IF(E26="","",$C$3&"."&COUNTA($E$11:E26)&"") -> TC_05.14 | B26: Medium | C26: Kiểm tra cả 2 nút điều hướng đều disabled khi gói bán chỉ có 1 mục ảnh/video | D26: Đang ở trang chi tiết dịch vụ với URL hợp lệ của 1 gói bán đang active. Gói bán chỉ có đúng 1 ảnh hoặc 1 video trong ProductHub. | E26: 1. Mở trang chi tiết dịch vụ. 2. Quan sát trạng thái cả hai nút điều hướng. | F26: Cả nút Prev và Next đều ẩn. Không thể click vào bất kỳ nút nào. | J26: GiangDC2
A27: =IF(E27="","",$C$3&"."&COUNTA($E$11:E27)&"") -> TC_05.15 | B27: High | C27: Kiểm tra video tự động play khi chuyển đến mục video | D27: Đang ở trang chi tiết dịch vụ với URL hợp lệ của 1 gói bán đang active. Gói bán có ít nhất 1 video và 1 ảnh trong ProductHub, video không phải mục đầu tiên. | E27: 1. Mở trang chi tiết dịch vụ. 2. Chuyển điều hướng đến mục là video. | F27: Video tự động phát (autoplay) trong khung ảnh chính ngay khi chuyển tới. Không cần người dùng click thêm. | J27: GiangDC2 | L27: chưa hỗ trợ video
A28: =IF(E28="","",$C$3&"."&COUNTA($E$11:E28)&"") -> TC_05.16 | B28: High | C28: Kiểm tra click vào video mở popup trình phát video | D28: Đang ở trang chi tiết dịch vụ với URL hợp lệ của 1 gói bán đang active. Gói bán có ít nhất 1 video trong ProductHub. | E28: 1. Mở trang chi tiết dịch vụ. 2. Chuyển đến mục video. 3. Click vào video đang play trong khung chính. | F28: Hệ thống mở popup trình phát video ở dạng overlay/lightbox. Video tiếp tục phát trong popup. Nền màn hình bị mờ/dim. | J28: GiangDC2 | L28: chưa hỗ trợ video
A29: =IF(E29="","",$C$3&"."&COUNTA($E$11:E29)&"") -> TC_05.17 | B29: Medium | C29: Kiểm tra tổng số mục boundary = 10 (đúng giới hạn tối đa) | D29: Đang ở trang chi tiết dịch vụ với URL hợp lệ của 1 gói bán đang active. Gói bán có đúng 10 ảnh/video trong ProductHub. | E29: 1. Mở trang chi tiết dịch vụ. 2. Đếm tổng số mục media hiển thị. 3. Click Next đến mục cuối cùng. | F29: Hiển thị đúng 10 mục. Mục thứ 10 là mục cuối. Nút Next disabled ở mục thứ 10. | J29: GiangDC2
A30: Thông Tin Gói Bán
A31: =IF(E31="","",$C$3&"."&COUNTA($E$11:E31)&"") -> TC_05.18 | B31: High | C31: Kiểm tra hiển thị tên gói và mô tả gói từ ProductHub | D31: Đang ở trang chi tiết dịch vụ với URL hợp lệ của 1 gói bán đang active. | E31: 1. Mở trang chi tiết dịch vụ. 2. Quan sát block Thông tin gói bán. | F31: Tên gói và mô tả gói hiển thị đúng theo dữ liệu từ ProductHub. Không bị cắt ngắn bất thường, font và layout đúng design. | J31: GiangDC2
A32: =IF(E32="","",$C$3&"."&COUNTA($E$11:E32)&"") -> TC_05.19 | B32: High | C32: Kiểm tra hiển thị các option chu kỳ của gói | D32: Đang ở trang chi tiết dịch vụ với URL hợp lệ của 1 gói bán đang active. Gói bán có nhiều chu kỳ (ví dụ: 1 tháng, 3 tháng, 12 tháng). | E32: 1. Mở trang chi tiết dịch vụ. 2. Quan sát block Chu kỳ của gói. | F32: Tất cả các option chu kỳ của gói hiển thị đúng. Option đầu tiên (hoặc mặc định) được highlight. | J32: GiangDC2
A33: =IF(E33="","",$C$3&"."&COUNTA($E$11:E33)&"") -> TC_05.20 | B33: High | C33: Kiểm tra chọn chu kỳ → option được highlight | D33: Đang ở trang chi tiết dịch vụ với URL hợp lệ của 1 gói bán đang active. Gói bán có >= 2 chu kỳ. | E33: 1. Mở trang chi tiết dịch vụ. 2. Click chọn một option chu kỳ khác (không phải mặc định). | F33: Option vừa click được highlight (active state). Các option khác trở về trạng thái không được chọn. | J33: GiangDC2
A34: Giá Bán
A35: =IF(E35="","",$C$3&"."&COUNTA($E$11:E35)&"") -> TC_05.21 | B35: High | C35: Kiểm tra giá bán hiển thị theo location khi user có location | D35: User đã chọn Location | E35: 1. Mở trang chi tiết dịch vụ. 2. Quan sát block Giá bán. | F35: Giá bán hiển thị đúng theo location của user (lấy từ ProductHub theo location). Giá đúng định dạng tiền tệ (VND hoặc theo cấu hình). | J35: GiangDC2
A36: =IF(E36="","",$C$3&"."&COUNTA($E$11:E36)&"") -> TC_05.22 | B36: High | C36: Kiểm tra giá bán hiển thị giá thấp nhất khi user không có location | D36: User đã chưa chọn Location | E36: 1. Mở trang chi tiết dịch vụ. 2. Quan sát block Giá bán. | F36: Giá bán hiển thị giá thấp nhất hiện có trên ProductHub (không phụ thuộc location). Giá đúng định dạng tiền tệ. | J36: GiangDC2
A37: =IF(E37="","",$C$3&"."&COUNTA($E$11:E37)&"") -> TC_05.23 | B37: High | C37: Kiểm tra giá bán khi user chọn chu kỳ khác | D37: Đang ở trang chi tiết dịch vụ với URL hợp lệ của 1 gói bán đang active. Gói bán có >= 2 chu kỳ | E37: 1. Mở trang chi tiết dịch vụ. 2. Quan sát giá bán ứng với chu kỳ mặc định. 3. Click chọn chu kỳ khác. | F37: Giá hiển thị đúng với chu kỳ đã chọn | J37: GiangDC2
A38: =IF(E38="","",$C$3&"."&COUNTA($E$11:E38)&"") -> TC_05.24 | B38: Medium | C38: Kiểm tra định dạng hiển thị giá bán (format số, đơn vị tiền tệ) | D38: Đang ở trang chi tiết dịch vụ với URL hợp lệ của 1 gói bán đang active. | E38: 1. Mở trang chi tiết dịch vụ. 2. Quan sát giá trị và định dạng giá bán. | F38: Giá hiển thị đúng định dạng: có dấu phân cách hàng nghìn, đơn vị tiền tệ (VNĐ/đ hoặc theo thiết kế). Không hiển thị số raw không định dạng. | J38: GiangDC2
A39: Block Đặc quyền
A40: =IF(E40="","",$C$3&"."&COUNTA($E$11:E40)&"") -> TC_05.25 | B40: Medium | C40: Kiểm tra blockĐặc quyền load data từ ProductHub | D40: Đang ở trang chi tiết dịch vụ với URL hợp lệ của 1 gói bán đang active. | E40: 1. Mở trang chi tiết dịch vụ. 2. Quan sát block Đặc quyền | F40: Block hiển thị đúng nội dung được cấu hình trong ProductHub. Không có nội dung trống hoặc lỗi hiển thị. | J40: GiangDC2
A41: =IF(E41="","",$C$3&"."&COUNTA($E$11:E41)&"") -> TC_05.26 | B41: Low | C41: Kiểm tra hiển thị block khi ProductHub không có data cho block Đặc quyền | D41: Đang ở trang chi tiết dịch vụ với URL hợp lệ của 1 gói bán đang active. Gói bán không cấu hình data cho block Đặc quyền trong ProductHub. | E41: 1. Mở trang chi tiết dịch vụ. 2. Quan sát vị trí của block Đặc quyền | F41: Ẩn block không hiển thị | J41: GiangDC2
A42: Block Ưu Đãi(sprint 12 chưa test)
B43: Medium | C43: Kiểm tra block Ưu đãi load data từ ProductHub | D43: Đang ở trang chi tiết dịch vụ với URL hợp lệ của 1 gói bán đang active. | E43: 1. Mở trang chi tiết dịch vụ. 2. Quan sát block Ưu đãi. | F43: Block Ưu đãi hiển thị đúng nội dung từ ProductHub. Nội dung rõ ràng, đúng layout thiết kế.
B44: Low | C44: Kiểm tra hiển thị block khi ProductHub không có data cho block ƯU ĐÃI | D44: Đang ở trang chi tiết dịch vụ với URL hợp lệ của 1 gói bán đang active. Gói bán không cấu hình data cho block ƯU ĐÃI trong ProductHub. | E44: 1. Mở trang chi tiết dịch vụ. 2. Quan sát vị trí của block ƯU ĐÃI | F44: Ẩn block không hiển thị
A45: Block Khuyến Mãi Thanh Toán(sprint 12 chưa test)
B46: High | C46: Kiểm tra block Khuyến mãi thanh toán load data từ CMS | D46: Đang ở trang chi tiết dịch vụ với URL hợp lệ của 1 gói bán đang active. | E46: 1. Mở trang chi tiết dịch vụ. 2. Quan sát block Khuyến mãi thanh toán. | F46: Block hiển thị đúng các option khuyến mãi theo cấu hình CMS. Mỗi option có nội dung đầy đủ.
B47: High | C47: Kiểm tra click vào option khuyến mãi → hiển thị thông tin chi tiết | D47: Đang ở trang chi tiết dịch vụ với URL hợp lệ của 1 gói bán đang active. Block Khuyến mãi thanh toán có ít nhất 1 option. | E47: 1. Mở trang chi tiết dịch vụ. 2. Click vào 1 option trong block Khuyến mãi thanh toán. | F47: Hệ thống hiển thị thêm thông tin chi tiết của option vừa click (popup, expand section, hoặc theo design đã xác định). Nội dung chi tiết đúng với option được chọn.
B48: High | C48: Kiểm tra scroll để xem hết thông tin khuyến mãi khi có nhiều data | D48: Đang ở trang chi tiết dịch vụ với URL hợp lệ của 1 gói bán đang active. Block Khuyến mãi thanh toán có nhiều option. | E48: 1. Mở trang chi tiết dịch vụ. 2. Scroll tại block thông tin khuyến mãi | F48: Có thể xem được full tất cả các option thông tin khuyến mãi, không có option nào bị che mất
B49: Low | C49: Kiểm tra block Khuyến mãi thanh toán khi CMS không có data | D49: Đang ở trang chi tiết dịch vụ với URL hợp lệ của 1 gói bán đang active. CMS không cấu hình data cho block Khuyến mãi thanh toán. | E49: 1. Mở trang chi tiết dịch vụ. 2. Quan sát vị trí block Khuyến mãi thanh toán. | F49: Ẩn block không hiển thị
A50: Button Mua Ngay
A51: =IF(E51="","",$C$3&"."&COUNTA($E$11:E51)&"") -> TC_05.33 | B51: High | C51: Kiểm tra Button Mua ngay điều hướng đến màn hình đăng ký sản phẩm | D51: Đang ở trang chi tiết dịch vụ với URL hợp lệ của 1 gói bán đang active. | E51: 1. Mở trang chi tiết dịch vụ. 2. Click button Mua ngay. | F51: Hệ thống điều hướng đến màn hình đăng ký sản phẩm của dịch vụ đang xem. URL và trang đích đúng. | J51: GiangDC2
A52: =IF(E52="","",$C$3&"."&COUNTA($E$11:E52)&"") -> TC_05.34 | B52: High | C52: Kiểm tra màn hình đăng ký nhận đúng chu kỳ đã chọn khi click Mua ngay | D52: Đang ở trang chi tiết dịch vụ với URL hợp lệ của 1 gói bán đang active. Gói bán có >= 2 chu kỳ. | E52: 1. Mở trang chi tiết dịch vụ. 2. Click chọn chu kỳ '3 tháng' (hoặc một chu kỳ không phải mặc định). 3. Click button Mua ngay. | F52: Màn hình đăng ký load với chu kỳ '3 tháng' đã được chọn sẵn (default load đúng thông tin chu kỳ đã chọn). Người dùng không phải chọn lại chu kỳ. | J52: GiangDC2
A53: =IF(E53="","",$C$3&"."&COUNTA($E$11:E53)&"") -> TC_05.35 | B53: Medium | C53: Kiểm tra Button Mua ngay hiển thị và nổi bật theo design | D53: Đang ở trang chi tiết dịch vụ với URL hợp lệ của 1 gói bán đang active. | E53: 1. Mở trang chi tiết dịch vụ. 2. Quan sát button Mua ngay. | F53: Button Mua ngay hiển thị đúng màu sắc, kích thước, vị trí theo design. Không bị ẩn hay bị block bởi element khác. | J53: GiangDC2
A54: Block Thông Tin Sản Phẩm
A55: =IF(E55="","",$C$3&"."&COUNTA($E$11:E55)&"") -> TC_05.36 | B55: High | C55: Kiểm tra block Thông tin sản phẩm mặc định hiển thị dạng rút gọn với button Xem thêm | D55: Đang ở trang chi tiết dịch vụ với URL hợp lệ của 1 gói bán đang active. | E55: 1. Mở trang chi tiết dịch vụ. 2. Quan sát block Thông tin sản phẩm. | F55: Block Thông tin sản phẩm hiển thị nội dung dạng rút gọn (truncated). Button 'Xem thêm' hiển thị ở cuối phần rút gọn. | J55: GiangDC2
A56: =IF(E56="","",$C$3&"."&COUNTA($E$11:E56)&"") -> TC_05.37 | B56: High | C56: Kiểm tra click Xem thêm → hiển thị full nội dung và xuất hiện button Thu gọn | D56: Đang ở trang chi tiết dịch vụ với URL hợp lệ của 1 gói bán đang active. | E56: 1. Mở trang chi tiết dịch vụ. 2. Click button 'Xem thêm' trong block Thông tin sản phẩm. | F56: Toàn bộ nội dung Thông tin sản phẩm được hiển thị đầy đủ. Button 'Xem thêm' biến mất, button 'Thu gọn' xuất hiện thay thế. | J56: GiangDC2
A57: =IF(E57="","",$C$3&"."&COUNTA($E$11:E57)&"") -> TC_05.38 | B57: High | C57: Kiểm tra click Thu gọn → nội dung trở về dạng rút gọn | D57: Đang ở trang chi tiết dịch vụ với URL hợp lệ của 1 gói bán đang active. | E57: 1. Mở trang chi tiết dịch vụ. 2. Click button 'Xem thêm' để expand. 3. Click button 'Thu gọn'. | F57: Nội dung block Thông tin sản phẩm trở về dạng rút gọn. Button 'Thu gọn' biến mất, button 'Xem thêm' xuất hiện lại. | J57: GiangDC2
A58: =IF(E58="","",$C$3&"."&COUNTA($E$11:E58)&"") -> TC_05.39 | B58: Medium | C58: Kiểm tra nội dung block Thông tin sản phẩm load từ CMS | D58: Đang ở trang chi tiết dịch vụ với URL hợp lệ của 1 gói bán đang active. | E58: 1. Mở trang chi tiết dịch vụ. 2. Click Xem thêm để xem full nội dung. 3. Đối chiếu nội dung hiển thị với cấu hình CMS. | F58: Nội dung block Thông tin sản phẩm khớp với dữ liệu đã cấu hình trên CMS. Không bị mất nội dung hay hiển thị sai. | J58: GiangDC2 | L58: Hiện đang load từ mô tả dài của gói, ko có CMS
A59: Block Thông Tin Hay (sprint 12 chưa làm )
B60: Medium | C60: Kiểm tra block Thông tin hay load tối đa 5 bài đăng từ CMS | D60: Đang ở trang chi tiết dịch vụ với URL hợp lệ của 1 gói bán đang active. CMS có >= 6 bài đăng cho block Thông tin hay của dịch vụ này. | E60: 1. Mở trang chi tiết dịch vụ. 2. Đếm số bài đăng hiển thị trong block Thông tin hay. | F60: Hệ thống chỉ hiển thị tối đa 5 bài đăng. Bài thứ 6 trở đi không hiển thị.
B61: Medium | C61: Kiểm tra mỗi bài đăng hiển thị đủ: thời gian, hình ảnh, tiêu đề | D61: Đang ở trang chi tiết dịch vụ với URL hợp lệ của 1 gói bán đang active. Block Thông tin hay có ít nhất 1 bài đăng. | E61: 1. Mở trang chi tiết dịch vụ. 2. Quan sát từng card bài đăng trong block Thông tin hay. | F61: Mỗi bài đăng hiển thị đủ 3 thành phần: (1) Thời gian đăng, (2) Hình ảnh thumbnail, (3) Tiêu đề bài đăng. Không thiếu bất kỳ thành phần nào.
B62: Low | C62: Kiểm tra block Thông tin hay khi CMS có đúng 5 bài (boundary) | D62: Đang ở trang chi tiết dịch vụ với URL hợp lệ của 1 gói bán đang active. CMS có đúng 5 bài đăng cho block Thông tin hay. | E62: 1. Mở trang chi tiết dịch vụ. 2. Đếm số bài đăng hiển thị trong block Thông tin hay. | F62: Hiển thị đúng 5 bài đăng, không hơn không kém.
B63: Low | C63: Kiểm tra block Thông tin hay khi CMS không có bài đăng | D63: Đang ở trang chi tiết dịch vụ với URL hợp lệ của 1 gói bán đang active. CMS không có bài đăng nào cho block Thông tin hay của dịch vụ này. | E63: 1. Mở trang chi tiết dịch vụ. 2. Quan sát vị trí block Thông tin hay. | F63: Ẩn block không hiển thị
A64: Block Đã Xem Gần Đây
A65: =IF(E65="","",$C$3&"."&COUNTA($E$11:E65)&"") -> TC_05.44 | B65: High | C65: Kiểm tra block Đã xem gần đây hiển thị các sản phẩm đã xem trong phiên hiện tại | D65: User đã xem ít nhất 2 sản phẩm/dịch vụ khác trước đó trong cùng phiên trình duyệt. Đang ở trang chi tiết dịch vụ. | E65: 1. Mở trang chi tiết dịch vụ. 2. Quan sát block Đã xem gần đây. | F65: Block hiển thị các sản phẩm đã xem trước đó trong phiên hiện tại. Mỗi card hiển thị đúng: Hình ảnh, Tên sản phẩm/dịch vụ, Giá tiền. | J65: GiangDC2
A66: =IF(E66="","",$C$3&"."&COUNTA($E$11:E66)&"") -> TC_05.45 | B66: High | C66: Kiểm tra thứ tự sản phẩm trong block Đã xem gần đây (mới nhất từ trái sang) | D66: User đã xem các sản phẩm theo thứ tự: A → B → C trong cùng phiên. Đang ở trang chi tiết dịch vụ khác. | E66: 1. Mở trang chi tiết dịch vụ. 2. Quan sát thứ tự hiển thị trong block Đã xem gần đây. | F66: Sản phẩm C (xem gần nhất) xuất hiện đầu tiên bên trái, tiếp theo là B, sau đó là A. Thứ tự đúng: mới nhất → cũ hơn từ trái sang phải. | J66: GiangDC2
A67: =IF(E67="","",$C$3&"."&COUNTA($E$11:E67)&"") -> TC_05.46 | B67: High | C67: Kiểm tra giới hạn tối đa 10 sản phẩm trong block Đã xem gần đây | D67: User đã xem hơn 10 sản phẩm/dịch vụ khác nhau trong cùng phiên trình duyệt. | E67: 1. Mở trang chi tiết dịch vụ. 2. Đếm số card trong block Đã xem gần đây. | F67: Block chỉ hiển thị tối đa 10 sản phẩm gần nhất. Các sản phẩm xem cũ hơn không hiển thị. | J67: GiangDC2 | K67: https://foxproject.atlassian.net/browse/EP-891 | L67: đã recheck OK
A68: =IF(E68="","",$C$3&"."&COUNTA($E$11:E68)&"") -> TC_05.47 | B68: Medium | C68: Kiểm tra block Đã xem gần đây ẩn khi chưa có lịch sử xem (phiên mới) | D68: User mở trình duyệt lần đầu (hoặc xóa session). Đang ở trang chi tiết dịch vụ. | E68: 1. Mở trang chi tiết dịch vụ. 2. Quan sát vị trí block Đã xem gần đây. | F68: Ẩn block không hiển thị | J68: GiangDC2
A69: =IF(E69="","",$C$3&"."&COUNTA($E$11:E69)&"") -> TC_05.48 | B69: Medium | C69: Kiểm tra trang hiện tại không xuất hiện trong block Đã xem gần đây của chính nó | D69: User đã xem sản phẩm X và các sản phẩm khác. Hiện đang ở trang chi tiết sản phẩm X. | E69: 1. Mở trang chi tiết sản phẩm X. 2. Quan sát block Đã xem gần đây. | F69: Sản phẩm X (trang đang xem) không xuất hiện trong danh sách Đã xem gần đây của chính nó. Chỉ các sản phẩm khác mới được liệt kê. | J69: GiangDC2
A70: =IF(E70="","",$C$3&"."&COUNTA($E$11:E70)&"") -> TC_05.49 | B70: Low | C70: Kiểm tra block Đã xem gần đây không lưu sau khi đóng trình duyệt (session-based) | D70: User đã xem sản phẩm trong phiên trước. | E70: 1. Mở trang Home và xem chi tiết dịch vụ bất kỳ 2. Đóng hoàn toàn trình duyệt. 3. Mở lại trình duyệt và điều hướng đến trang chi tiết dịch vụ. 4. Quan sát block Đã xem gần đây. | F70: Block Đã xem gần đây không hiển thị các sản phẩm từ phiên trước. Dữ liệu chỉ tồn tại trong phiên trình duyệt hiện tại (session-based, không persist qua session). | J70: GiangDC2
A71: =IF(E71="","",$C$3&"."&COUNTA($E$11:E71)&"") -> TC_05.50 | B71: Low | C71: Kiểm tra click vào gói tại block Đã xem gần đây | D71: User đã xem sản phẩm trong phiên trước. | E71: 1. Mở trang chi tiết sản phẩm X. 2. Click vào block của 1 gói bất kỳ tại Block đã Xem gần đây | F71: Điều hướng qua đúng màn hình chi tiết của gói đó | J71: GiangDC2 | K71: https://foxproject.atlassian.net/browse/EP-899 | L71: suggest, recheck OK
A72: =IF(E72="","",$C$3&"."&COUNTA($E$11:E72)&"") -> TC_05.51 | B72: Low | C72: Kiểm tra click vào gói tại block Đã xem gần đây>back về | D72: User đã xem sản phẩm trong phiên trước. | E72: 1. Mở trang chi tiết sản phẩm X. 2. Click vào gói bất kỳ tại Block đã Xem gần đây 3. Click Back trên trình duyệt | F72: Quay về đúng màn hình ban đầu | J72: GiangDC2
A73: Câu Hỏi Thường Gặp (FAQ)
A74: =IF(E74="","",$C$3&"."&COUNTA($E$11:E74)&"") -> TC_05.52 | B74: High | C74: Kiểm tra block FAQ mặc định chỉ hiển thị câu hỏi, ẩn câu trả lời | D74: Đang ở trang chi tiết dịch vụ với URL hợp lệ của 1 gói bán đang active. CMS có cấu hình ít nhất 2 câu hỏi FAQ cho dịch vụ này. | E74: 1. Mở trang chi tiết dịch vụ. 2. Quan sát block Câu hỏi thường gặp. | F74: Tất cả các câu hỏi hiển thị. Câu trả lời ẩn hoàn toàn. Icon '+' hiển thị bên cạnh mỗi câu hỏi (trạng thái đóng). | J74: GiangDC2
A75: =IF(E75="","",$C$3&"."&COUNTA($E$11:E75)&"") -> TC_05.53 | B75: High | C75: Kiểm tra click icon '+' mở rộng câu trả lời và icon chuyển thành '-' | D75: Đang ở trang chi tiết dịch vụ với URL hợp lệ của 1 gói bán đang active. Block FAQ có ít nhất 1 câu hỏi. | E75: 1. Mở trang chi tiết dịch vụ. 2. Click icon '+' của câu hỏi đầu tiên. | F75: Nội dung câu trả lời của câu hỏi đó xuất hiện (expand). Icon '+' chuyển thành '-'. Các câu hỏi khác không bị ảnh hưởng. | J75: GiangDC2
A76: =IF(E76="","",$C$3&"."&COUNTA($E$11:E76)&"") -> TC_05.54 | B76: High | C76: Kiểm tra click icon '-' thu gọn câu trả lời và icon chuyển về '+' | D76: Đang ở trang chi tiết dịch vụ với URL hợp lệ của 1 gói bán đang active. Block FAQ có ít nhất 1 câu hỏi đang ở trạng thái mở (đã click '+'). | E76: 1. Mở trang chi tiết dịch vụ. 2. Click icon '+' của câu hỏi đầu tiên để mở. 3. Click icon '-' của câu hỏi đó. | F76: Câu trả lời bị ẩn (collapse). Icon '-' chuyển về '+'. Block trở về trạng thái ban đầu. | J76: GiangDC2
A77: =IF(E77="","",$C$3&"."&COUNTA($E$11:E77)&"") -> TC_05.55 | B77: Medium | C77: Kiểm tra có thể mở nhiều câu hỏi FAQ đồng thời | D77: Đang ở trang chi tiết dịch vụ với URL hợp lệ của 1 gói bán đang active. Block FAQ có >= 2 câu hỏi. | E77: 1. Mở trang chi tiết dịch vụ. 2. Click '+' mở câu hỏi 1. 3. Click '+' mở câu hỏi 2. 4. Quan sát trạng thái block FAQ. | F77: Chỉ mở 1 câu hỏi mới nhất | J77: GiangDC2
A78: =IF(E78="","",$C$3&"."&COUNTA($E$11:E78)&"") -> TC_05.56 | B78: Medium | C78: Kiểm tra nội dung FAQ load đúng từ CMS | D78: Đang ở trang chi tiết dịch vụ với URL hợp lệ của 1 gói bán đang active. CMS đã cấu hình FAQ cho dịch vụ này. | E78: 1. Mở trang chi tiết dịch vụ. 2. Click mở từng câu hỏi FAQ. 3. Đối chiếu câu hỏi và câu trả lời với cấu hình CMS. | F78: Nội dung câu hỏi và câu trả lời hiển thị đúng theo cấu hình CMS. Không bị thiếu câu hỏi hoặc sai nội dung. | J78: GiangDC2
A79: =IF(E79="","",$C$3&"."&COUNTA($E$11:E79)&"") -> TC_05.57 | B79: Low | C79: Kiểm tra block FAQ khi CMS không có câu hỏi nào | D79: Đang ở trang chi tiết dịch vụ với URL hợp lệ của 1 gói bán đang active. CMS không cấu hình FAQ cho dịch vụ này. | E79: 1. Mở trang chi tiết dịch vụ. 2. Quan sát vị trí block Câu hỏi thường gặp. | F79: Ẩn block không hiển thị | J79: GiangDC2
A80: UI/UX — Trải Nghiệm Người Dùng
A81: =IF(E81="","",$C$3&"."&COUNTA($E$11:E81)&"") -> TC_05.58 | B81: High | C81: Kiểm tra trang chi tiết dịch vụ responsive trên thiết bị mobile | D81: Mở trang trên thiết bị mobile hoặc DevTools với viewport 375px (iPhone SE). | E81: 1. Mở trang chi tiết dịch vụ trên viewport mobile (375px). 2. Scroll qua tất cả các block từ trên xuống dưới. 3. Quan sát layout và các thành phần UI. | F81: Tất cả block hiển thị đúng trên mobile. Không có element bị tràn ngang (overflow-x). Text không bị cắt. Button Mua ngay dễ dàng tap. Ảnh scale đúng tỷ lệ. | J81: GiangDC2
A82: =IF(E82="","",$C$3&"."&COUNTA($E$11:E82)&"") -> TC_05.59 | B82: High | C82: Kiểm tra trang chi tiết dịch vụ responsive trên tablet (768px) | D82: Mở trang với viewport 768px. | E82: 1. Mở trang chi tiết dịch vụ trên viewport 768px. 2. Scroll qua tất cả các block. 3. Quan sát layout. | F82: Layout hiển thị phù hợp với viewport tablet. Không bị vỡ layout, overlap hay overflow. | J82: GiangDC2
A83: =IF(E83="","",$C$3&"."&COUNTA($E$11:E83)&"") -> TC_05.60 | B83: Medium | C83: Kiểm tra loading state khi trang đang tải data từ ProductHub và CMS | D83: Đang ở trang chi tiết dịch vụ với URL hợp lệ của 1 gói bán đang active. Mạng chậm (simulate Slow 3G trong DevTools). | E83: 1. Mở trang chi tiết dịch vụ trong điều kiện mạng chậm. 2. Quan sát trạng thái hiển thị trong khi chờ data load. | F83: Trang hiển thị skeleton loader hoặc spinner trong khi data đang tải. Không hiển thị layout trống đột ngột hay lỗi layout trước khi data về. | J83: GiangDC2

Sheet Chi tiết thiết bị
B3: Mã chức năng (Function ID) | D3: TC_05
B4: Tên chức năng (Function Name) | D4: Chi tiết thiết bị
A7: QC/AI | B7: Testcase ID | C7: Mức Độ Ưu Tiên (Priority) | D7: Nội Dung Test (Test Title) | E7: Điều Kiện/ Dữ Liệu Test (Pre-condition/ Test Data) | F7: Các Bước Thực Hiện (Test Steps) | G7: Kết Quả Mong Đợi (Expected Results) | H7: =Summary!G8 -> Round 1 (09/04/2026 - 15/04/2026) | O7: =Summary!L8 -> Round 2 (dd/mm/yyyy - dd/mm/yyyy)
H8: Kết Quả Thực Hiện (Actual Result) | L8: Người Thực Hiện (Executed By) | M8: ID Bugs | N8: Ghi Chú (Remark) | O8: Kết Quả Thực Hiện (Actual Result) | S8: Người Thực Hiện (Executed By) | T8: ID Bugs | U8: Ghi Chú (Remark)
B9: Các loại thiết bị cần test | H9: AP | I9: Smart Home | J9: Smart Tivi | K9: Camera | O9: AP | P9: Smart Home | Q9: Smart Tivi | R9: Camera
B10: Nhóm 1: Tổng Quan Màn Hình
A11: AI | B11: =IF(F11="","",$D$3&"."&COUNTA($F$11:F11)&"") -> TC_05.1 | C11: High | D11: Kiểm tra layout tổng thể trang chi tiết thiết bị | E11: Đang ở trang chi tiết thiết bị với URL hợp lệ của 1 thiết bị đang active (non-camera). | F11: 1. Mở trang chi tiết thiết bị. 2. Quan sát toàn bộ bố cục màn hình. | G11: Trang hiển thị đầy đủ các block theo đúng thứ tự: (1) Header (2) Breadcrumb (3) Hình ảnh & Video (4) Block Thông số kỹ thuật (nếu PDH cấu hình) (5) Thông tin thiết bị (Tên, Mô tả) (6) Số lượng (7) Giá bán (8) Block Đặc quyền (9) Block Ưu đãi (10) Block KMTT (11) Button Mua ngay (12) Block Thông tin sản phẩm (13) Block Thông tin hay (14) Block Đã xem gần đây (15) FAQ (16) Footer Không có block bị vỡ layout, trùng chèn hoặc lỗi hiển thị.
A12: AI | B12: =IF(F12="","",$D$3&"."&COUNTA($F$11:F12)&"") -> TC_05.2 | C12: High | D12: Kiểm tra điều hướng đến trang chi tiết thiết bị từ Homepage | E12: User đang ở Homepage, có hiển thị card thiết bị. | F12: 1. Truy cập Homepage. 2. Click button "Xem chi tiết" tại card thiết bị bất kỳ. | G12: Điều hướng đúng màn hình chi tiết của thiết bị. Tên thiết bị load đúng với card đã chọn.
A13: AI | B13: =IF(F13="","",$D$3&"."&COUNTA($F$11:F13)&"") -> TC_05.3 | C13: Medium | D13: Kiểm tra truy cập trực tiếp trang chi tiết thiết bị bằng URL hợp lệ | E13: User mở trình duyệt. | F13: 1. Nhập URL trang chi tiết thiết bị với ID sản phẩm hợp lệ vào thanh địa chỉ. 2. Nhấn Enter. | G13: Trang chi tiết thiết bị load thành công. Hiển thị đúng thông tin thiết bị tương ứng với URL.
A14: AI | B14: =IF(F14="","",$D$3&"."&COUNTA($F$11:F14)&"") -> TC_05.4 | C14: Medium | D14: Kiểm tra trang chi tiết với URL thiết bị không tồn tại → hiển thị 404 | E14: User mở trình duyệt. | F14: 1. Nhập URL trang chi tiết thiết bị với ID sản phẩm không tồn tại vào thanh địa chỉ. 2. Nhấn Enter. | G14: Hệ thống hiển thị trang lỗi 404 hoặc thông báo "Không tìm thấy sản phẩm". Không hiển thị trang trắng hoặc crash.
B15: Nhóm 2: Breadcrumb
A16: AI | B16: =IF(F16="","",$D$3&"."&COUNTA($F$11:F16)&"") -> TC_05.5 | C16: Medium | D16: Kiểm tra breadcrumb hiển thị đúng danh mục và tên thiết bị | E16: Đang ở trang chi tiết thiết bị. | F16: 1. Mở trang chi tiết thiết bị. 2. Quan sát breadcrumb ở đầu trang. | G16: Breadcrumb hiển thị đúng chuỗi danh mục dẫn đến thiết bị. Điểm cuối là tên thiết bị hiện tại.
A17: AI | B17: =IF(F17="","",$D$3&"."&COUNTA($F$11:F17)&"") -> TC_05.6 | C17: Medium | D17: Kiểm tra click mục trung gian breadcrumb điều hướng đúng trang danh mục | E17: Đang ở trang chi tiết thiết bị. Breadcrumb có ít nhất 2 mục. | F17: 1. Mở trang chi tiết thiết bị. 2. Click vào mục trung gian trong breadcrumb (không phải mục cuối). | G17: Hệ thống điều hướng đúng đến trang danh mục tương ứng. URL thay đổi chính xác.
A18: AI | B18: =IF(F18="","",$D$3&"."&COUNTA($F$11:F18)&"") -> TC_05.7 | C18: Low | D18: Kiểm tra click điểm cuối breadcrumb không điều hướng | E18: Đang ở trang chi tiết thiết bị. | F18: 1. Mở trang chi tiết thiết bị. 2. Click vào tên thiết bị ở cuối breadcrumb. | G18: Giữ nguyên màn hình hiện tại, không điều hướng đi nơi khác.
B19: Nhóm 3: Hình Ảnh & Video Sản Phẩm
A20: AI | B20: =IF(F20="","",$D$3&"."&COUNTA($F$11:F20)&"") -> TC_05.8 | C20: High | D20: Kiểm tra hình ảnh sản phẩm load đúng từ PDH | E20: Đang ở trang chi tiết thiết bị. Thiết bị có cấu hình ảnh trong PDH. | F20: 1. Mở trang chi tiết thiết bị. 2. Quan sát block Hình ảnh & Video. | G20: Hình ảnh load đúng từ PDH. Ảnh đầu tiên hiển thị ở khung chính. Thumbnail ảnh hiển thị phía dưới để chọn.
A21: AI | B21: =IF(F21="","",$D$3&"."&COUNTA($F$11:F21)&"") -> TC_05.9 | C21: Medium | D21: Kiểm tra giới hạn tối đa 10 mục hình ảnh & video | E21: Đang ở trang chi tiết thiết bị. Thiết bị có hơn 10 ảnh trong PDH. | F21: 1. Mở trang chi tiết thiết bị. 2. Đếm số lượng ảnh hiển thị trong block. | G21: Hệ thống chỉ hiển thị tối đa 10 mục. Các mục từ thứ 11 trở đi không hiển thị.
A22: AI | B22: =IF(F22="","",$D$3&"."&COUNTA($F$11:F22)&"") -> TC_05.10 | C22: Medium | D22: Kiểm tra chuyển ảnh bằng nút điều hướng Next | E22: Đang ở trang chi tiết thiết bị. Thiết bị có >= 3 ảnh trong PDH. | F22: 1. Mở trang chi tiết thiết bị. 2. Click nút điều hướng sang phải (Next). | G22: Hình ảnh chuyển sang mục tiếp theo. Khung ảnh chính cập nhật đúng ảnh tương ứng.
A23: AI | B23: =IF(F23="","",$D$3&"."&COUNTA($F$11:F23)&"") -> TC_05.11 | C23: Medium | D23: Kiểm tra nút Next disabled khi đến mục cuối | E23: Đang ở trang chi tiết thiết bị. Thiết bị có >= 2 ảnh trong PDH. | F23: 1. Mở trang chi tiết thiết bị. 2. Click nút Next liên tục đến mục cuối cùng. 3. Quan sát trạng thái nút Next. | G23: Nút Next bị disabled (không thể click, giao diện thay đổi trạng thái disabled) khi đang ở mục cuối.
A24: AI | B24: =IF(F24="","",$D$3&"."&COUNTA($F$11:F24)&"") -> TC_05.12 | C24: Medium | D24: Kiểm tra nút Prev disabled khi đang ở mục đầu tiên | E24: Đang ở trang chi tiết thiết bị. | F24: 1. Mở trang chi tiết thiết bị. 2. Quan sát trạng thái nút Prev ngay khi mở trang. | G24: Nút Prev bị disabled khi đang hiển thị mục đầu tiên.
A25: AI | B25: =IF(F25="","",$D$3&"."&COUNTA($F$11:F25)&"") -> TC_05.13 | C25: Medium | D25: Kiểm tra cả 2 nút ẩn khi chỉ có 1 mục ảnh | E25: Đang ở trang chi tiết thiết bị. Thiết bị chỉ có đúng 1 ảnh trong PDH. | F25: 1. Mở trang chi tiết thiết bị. 2. Quan sát trạng thái 2 nút điều hướng. | G25: Cả nút Prev và Next đều ẩn, không hiển thị.
A26: AI | B26: =IF(F26="","",$D$3&"."&COUNTA($F$11:F26)&"") -> TC_05.14 | C26: Low | D26: Kiểm tra nút Next/Prev active khi đang ở vị trí giữa | E26: Đang ở trang chi tiết thiết bị. Thiết bị có >= 3 ảnh trong PDH. | F26: 1. Mở trang chi tiết thiết bị. 2. Click Next 1 lần để đến mục thứ 2. 3. Quan sát trạng thái cả 2 nút. | G26: Cả nút Next và Prev đều active (không disabled), có thể click được.
A27: AI | B27: =IF(F27="","",$D$3&"."&COUNTA($F$11:F27)&"") -> TC_05.15 | C27: Medium | D27: Kiểm tra boundary = 10 mục ảnh (đúng giới hạn tối đa) | E27: Đang ở trang chi tiết thiết bị. Thiết bị có đúng 10 ảnh trong PDH. | F27: 1. Mở trang chi tiết thiết bị. 2. Đếm tổng số mục media hiển thị. 3. Click Next đến mục cuối. | G27: Hiển thị đúng 10 mục. Mục thứ 10 là mục cuối. Nút Next disabled ở mục thứ 10.
B28: Nhóm 4: Thông Tin Thiết Bị & Giá Bán
A29: AI | B29: =IF(F29="","",$D$3&"."&COUNTA($F$11:F29)&"") -> TC_05.16 | C29: High | D29: Kiểm tra tên thiết bị và mô tả hiển thị đúng từ PDH | E29: Đang ở trang chi tiết thiết bị. | F29: 1. Mở trang chi tiết thiết bị. 2. Quan sát phần Thông tin thiết bị. | G29: Tên thiết bị và mô tả hiển thị đúng theo dữ liệu từ PDH. Không bị cắt ngắn bất thường, font và layout đúng design.
A30: AI | B30: =IF(F30="","",$D$3&"."&COUNTA($F$11:F30)&"") -> TC_05.17 | C30: High | D30: Kiểm tra giá bán hiển thị theo location khi user đã chọn location | E30: User đã chọn Location. | F30: 1. Mở trang chi tiết thiết bị. 2. Quan sát block Giá bán. | G30: Giá bán hiển thị đúng theo location của user (lấy từ PDH theo location). Đúng định dạng tiền tệ VNĐ.
A31: AI | B31: =IF(F31="","",$D$3&"."&COUNTA($F$11:F31)&"") -> TC_05.18 | C31: Medium | D31: Kiểm tra giá bán hiển thị giá thấp nhất khi user chưa chọn location | E31: User chưa chọn Location. | F31: 1. Mở trang chi tiết thiết bị. 2. Quan sát block Giá bán. | G31: Giá bán hiển thị giá thấp nhất hiện có trên PDH (không phụ thuộc location). Đúng định dạng tiền tệ.
A32: AI | B32: =IF(F32="","",$D$3&"."&COUNTA($F$11:F32)&"") -> TC_05.19 | C32: Medium | D32: Kiểm tra định dạng hiển thị giá (dấu phân cách hàng nghìn, đơn vị VNĐ) | E32: Đang ở trang chi tiết thiết bị. | F32: 1. Mở trang chi tiết thiết bị. 2. Quan sát giá trị và định dạng giá bán. | G32: Giá hiển thị đúng định dạng: có dấu phân cách hàng nghìn, đơn vị tiền tệ VNĐ/đ. Không hiển thị số raw không định dạng.
B33: Nhóm 5: Số Lượng
A34: AI | B34: =IF(F34="","",$D$3&"."&COUNTA($F$11:F34)&"") -> TC_05.20 | C34: High | D34: Kiểm tra selector Số lượng mặc định = 1 và không hiển thị block Chu kỳ | E34: Đang ở trang chi tiết thiết bị non-camera (VD: TV, router, modem). PDH thiết bị đang active. | F34: 1. Mở trang chi tiết thiết bị non-camera. 2. Quan sát khu vực thông tin mua hàng. | G34: Block "Số lượng" hiển thị với giá trị mặc định = 1. Block "Chu kỳ gói" KHÔNG hiển thị. Button Mua Ngay vẫn hiển thị đầy đủ.
A35: AI | B35: =IF(F35="","",$D$3&"."&COUNTA($F$11:F35)&"") -> TC_05.21 | C35: High | D35: Kiểm tra tăng số lượng bằng button (+) | E35: Đang ở trang chi tiết thiết bị non-camera. Số lượng hiện tại = 1. | F35: 1. Click button (+) trên selector Số lượng. | G35: Số lượng tăng thêm 1, hiển thị = 2. Giao diện selector cập nhật đúng giá trị mới.
A36: AI | B36: =IF(F36="","",$D$3&"."&COUNTA($F$11:F36)&"") -> TC_05.22 | C36: High | D36: Kiểm tra giảm số lượng về tối thiểu = 1 và button (–) bị disabled | E36: Đang ở trang chi tiết thiết bị non-camera. Số lượng hiện tại = 2. | F36: 1. Click button (–) trên selector Số lượng. 2. Quan sát giá trị và trạng thái button (–). | G36: Số lượng giảm về 1. Button (–) chuyển sang trạng thái disabled (không thể click thêm).
A37: AI | B37: =IF(F37="","",$D$3&"."&COUNTA($F$11:F37)&"") -> TC_05.23 | C37: Medium | D37: Kiểm tra giá bán thay đổi hay không khi thay đổi số lượng | E37: Đang ở trang chi tiết thiết bị non-camera. Số lượng = 1. | F37: 1. Ghi nhớ giá hiển thị khi Số lượng = 1. 2. Click (+) để tăng Số lượng lên 2. 3. Quan sát giá bán. | G37: [BLOCKED – cần confirm BA: CLA-CSTHIETBI-005 — Giá bán có thay đổi theo số lượng không? Số lượng có giới hạn tối đa không?]
B38: Nhóm 5b: Chu kỳ [Camera only — áp dụng cho thiết bị loại Camera]
A39: QC | B39: =IF(F39="","",$D$3&"."&COUNTA($F$11:F39)&"") -> TC_05.24 | C39: High | D39: Kiểm tra block Chu kỳ hiển thị đầy đủ tất cả option cho camera | E39: Đã mở trang chi tiết thiết bị Camera (VD: Camera giám sát). Thiết bị là Camera | F39: 1. Quan sát khu vực thông tin mua hàng trên trang chi tiết camera. | G39: Block "Chu kỳ" hiển thị với đầy đủ option chu kỳ đã cấu hình trên PDH. Option đầu tiên được highlight/selected mặc định. Block "Số lượng" KHÔNG xuất hiện.
A40: QC | B40: =IF(F40="","",$D$3&"."&COUNTA($F$11:F40)&"") -> TC_05.25 | C40: High | D40: Kiểm tra chọn option Chu kỳ khác → option highlight và giá bán cập nhật đúng | E40: Đã mở trang chi tiết Camera. Block Chu kỳ hiển thị với ít nhất 2 option. Option mặc định (option đầu tiên) đang được chọn. Thiết bị là Camera | F40: 1. Ghi nhận giá bán hiển thị ứng với option chu kỳ mặc định. 2. Click chọn option chu kỳ khác (không phải mặc định, VD: 3 tháng). | G40: Option vừa click được highlight (trạng thái selected). Option cũ bỏ highlight. Giá bán cập nhật sang giá tương ứng với chu kỳ mới đã chọn. Không reload toàn trang.
A41: QC | B41: =IF(F41="","",$D$3&"."&COUNTA($F$11:F41)&"") -> TC_05.26 | C41: High | D41: Kiểm tra button Mua Ngay truyền đúng chu kỳ đã chọn sang màn hình đặt hàng | E41: Đã mở trang chi tiết Camera. Đã chọn option chu kỳ không phải mặc định (VD: 3 tháng). Thiết bị là Camera | F41: 1. Click button "Mua Ngay". | G41: Chuyển sang màn hình đặt hàng. Chu kỳ được pre-select là option đã chọn trước đó (VD: 3 tháng). Người dùng không cần chọn lại chu kỳ.
A42: QC | B42: =IF(F42="","",$D$3&"."&COUNTA($F$11:F42)&"") -> TC_05.27 | C42: Medium | D42: Kiểm tra block Chu kỳ KHÔNG hiển thị trên thiết bị non-camera | E42: Đã mở trang chi tiết thiết bị non-camera (VD: TV Samsung, Router Wifi). | F42: 1. Quan sát khu vực thông tin mua hàng. | G42: Block "Chu kỳ" KHÔNG hiển thị. Chỉ hiển thị block "Số lượng". Không có selector chu kỳ nào.
B43: Nhóm 5c: Cloud lưu trữ [Camera only — MỚI, không có trong SA]
A44: QC | B44: =IF(F44="","",$D$3&"."&COUNTA($F$11:F44)&"") -> TC_05.28 | C44: High | D44: Kiểm tra block Cloud lưu trữ hiển thị đầy đủ option cho camera | E44: Đã mở trang chi tiết thiết bị Camera. PDH đã cấu hình block Cloud lưu trữ với ít nhất 2 option (VD: Không / 7 ngày / 30 ngày). Thiết bị là Camera | F44: 1. Quan sát khu vực thông tin mua hàng, tìm block Cloud lưu trữ. | G44: Block "Cloud lưu trữ" hiển thị với đầy đủ option đã cấu hình trên PDH. Option mặc định được highlight. Giá bán phản ánh option Cloud mặc định.
A45: QC | B45: =IF(F45="","",$D$3&"."&COUNTA($F$11:F45)&"") -> TC_05.29 | C45: High | D45: Kiểm tra chọn option Cloud lưu trữ khác → highlight và giá bán thay đổi | E45: Đã mở trang chi tiết Camera. Block Cloud lưu trữ hiển thị với ít nhất 2 option. Option mặc định đang được chọn. Thiết bị là Camera | F45: 1. Ghi nhận giá bán hiện tại. 2. Click chọn option Cloud lưu trữ khác (VD: 30 ngày). | G45: Option vừa click được highlight. Option cũ bỏ highlight. Giá bán cập nhật phản ánh option Cloud lưu trữ mới. Không reload toàn trang.
A46: QC | B46: =IF(F46="","",$D$3&"."&COUNTA($F$11:F46)&"") -> TC_05.30 | C46: High | D46: Kiểm tra giá bán tổng hợp đúng khi chọn kết hợp Chu kỳ + Cloud lưu trữ | E46: Đã mở trang chi tiết Camera. Block Chu kỳ và Cloud lưu trữ đều hiển thị. PDH đã cấu hình giá cho các combination. Thiết bị là Camera | F46: 1. Chọn option Chu kỳ (VD: 3 tháng). 2. Chọn option Cloud lưu trữ (VD: 30 ngày). 3. Quan sát giá bán hiển thị. | G46: [BLOCKED – cần confirm CLA-CSTHIETBI-007: Giá bán hiển thị dưới dạng 1 giá tổng hay 2 dòng giá riêng (Chu kỳ + Cloud)? Formula tính giá là gì?] Chờ BA
A47: QC | B47: =IF(F47="","",$D$3&"."&COUNTA($F$11:F47)&"") -> TC_05.31 | C47: Medium | D47: Kiểm tra block Cloud lưu trữ KHÔNG hiển thị trên thiết bị non-camera | E47: Đã mở trang chi tiết thiết bị non-camera (VD: TV Samsung). | F47: 1. Quan sát khu vực thông tin mua hàng. | G47: Block "Cloud lưu trữ" KHÔNG hiển thị trên thiết bị non-camera. Chỉ có block Số lượng.
B48: Nhóm 6: Block Đặc Quyền
A49: AI | B49: =IF(F49="","",$D$3&"."&COUNTA($F$11:F49)&"") -> TC_05.32 | C49: Medium | D49: Kiểm tra block Đặc quyền load data từ PDH | E49: Đang ở trang chi tiết thiết bị có cấu hình block Đặc quyền trong PDH. | F49: 1. Mở trang chi tiết thiết bị. 2. Quan sát block Đặc quyền. | G49: Block Đặc quyền hiển thị đúng nội dung được cấu hình trong PDH. Không có nội dung trống hoặc lỗi hiển thị.
A50: AI | B50: =IF(F50="","",$D$3&"."&COUNTA($F$11:F50)&"") -> TC_05.33 | C50: Medium | D50: Kiểm tra block Đặc quyền ẩn khi PDH không có data | E50: Đang ở trang chi tiết thiết bị không cấu hình Đặc quyền trong PDH. | F50: 1. Mở trang chi tiết thiết bị. 2. Quan sát vị trí block Đặc quyền. | G50: Block Đặc quyền không hiển thị.
B51: Nhóm 7: Block Ưu Đãi [Sprint 12 – chưa test]
A52: AI | B52: =IF(F52="","",$D$3&"."&COUNTA($F$11:F52)&"") -> TC_05.34 | C52: Medium | D52: Kiểm tra block Ưu đãi load data từ PDH | E52: Đang ở trang chi tiết thiết bị có cấu hình Ưu đãi trong PDH. (Sprint 12) | F52: 1. Mở trang chi tiết thiết bị. 2. Quan sát block Ưu đãi. | G52: Block Ưu đãi hiển thị đúng nội dung từ PDH, layout đúng design.
A53: AI | B53: =IF(F53="","",$D$3&"."&COUNTA($F$11:F53)&"") -> TC_05.35 | C53: Medium | D53: Kiểm tra block Ưu đãi ẩn khi PDH không có data | E53: Đang ở trang chi tiết thiết bị không cấu hình Ưu đãi trong PDH. (Sprint 12) | F53: 1. Mở trang chi tiết thiết bị. 2. Quan sát vị trí block Ưu đãi. | G53: Block Ưu đãi không hiển thị.
B54: Nhóm 8: Block Khuyến Mãi Thanh Toán [Sprint 12 – chưa test]
A55: AI | B55: =IF(F55="","",$D$3&"."&COUNTA($F$11:F55)&"") -> TC_05.36 | C55: Medium | D55: Kiểm tra block Khuyến mãi thanh toán load data từ CMS | E55: CMS có cấu hình Khuyến mãi thanh toán cho thiết bị. (Sprint 12) | F55: 1. Mở trang chi tiết thiết bị. 2. Quan sát block Khuyến mãi thanh toán. | G55: Block hiển thị đúng các option khuyến mãi theo cấu hình CMS. Mỗi option có nội dung đầy đủ.
A56: AI | B56: =IF(F56="","",$D$3&"."&COUNTA($F$11:F56)&"") -> TC_05.37 | C56: Medium | D56: Kiểm tra click option Khuyến mãi thanh toán hiển thị thông tin chi tiết | E56: Block Khuyến mãi thanh toán có ít nhất 1 option. (Sprint 12) | F56: 1. Mở trang chi tiết thiết bị. 2. Click vào 1 option trong block Khuyến mãi thanh toán. | G56: Hệ thống hiển thị thêm thông tin chi tiết của option vừa click. Nội dung đúng với option đã chọn.
A57: AI | B57: =IF(F57="","",$D$3&"."&COUNTA($F$11:F57)&"") -> TC_05.38 | C57: Low | D57: Kiểm tra scroll xem hết thông tin Khuyến mãi thanh toán khi có nhiều option | E57: Block Khuyến mãi thanh toán có nhiều option. (Sprint 12) | F57: 1. Mở trang chi tiết thiết bị. 2. Scroll trong block Khuyến mãi thanh toán. | G57: Có thể xem đầy đủ tất cả option KMTT, không có option nào bị che.
A58: AI | B58: =IF(F58="","",$D$3&"."&COUNTA($F$11:F58)&"") -> TC_05.39 | C58: Medium | D58: Kiểm tra block Khuyến mãi thanh toán ẩn khi CMS không có data | E58: CMS không cấu hình Khuyến mãi thanh toán cho thiết bị. (Sprint 12) | F58: 1. Mở trang chi tiết thiết bị. 2. Quan sát vị trí block Khuyến mãi thanh toán. | G58: Block Khuyến mãi thanh toán không hiển thị.
B59: Nhóm 9: Button Mua Ngay
A60: AI | B60: =IF(F60="","",$D$3&"."&COUNTA($F$11:F60)&"") -> TC_05.40 | C60: High | D60: Kiểm tra Button Mua Ngay điều hướng đến màn hình đặt hàng thiết bị | E60: Đang ở trang chi tiết thiết bị. | F60: 1. Mở trang chi tiết thiết bị. 2. Click button Mua Ngay. | G60: Hệ thống điều hướng đến màn hình đặt hàng của thiết bị đang xem. URL và trang đích đúng.
A61: AI | B61: =IF(F61="","",$D$3&"."&COUNTA($F$11:F61)&"") -> TC_05.41 | C61: Low | D61: Kiểm tra Button Mua Ngay hiển thị đúng design | E61: Đang ở trang chi tiết thiết bị. | F61: 1. Mở trang chi tiết thiết bị. 2. Quan sát button Mua Ngay. | G61: Button hiển thị đúng màu sắc, kích thước, vị trí theo design. Không bị ẩn hay che bởi element khác.
B62: Nhóm 10: Block Thông Tin Sản Phẩm
A63: AI | B63: =IF(F63="","",$D$3&"."&COUNTA($F$11:F63)&"") -> TC_05.42 | C63: Medium | D63: Kiểm tra block Thông Tin Sản Phẩm mặc định dạng rút gọn + button Xem thêm | E63: Đang ở trang chi tiết thiết bị. | F63: 1. Mở trang chi tiết thiết bị. 2. Quan sát block Thông Tin Sản Phẩm. | G63: Block hiển thị nội dung dạng rút gọn (truncated). Button "Xem thêm" hiển thị ở cuối phần rút gọn.
A64: AI | B64: =IF(F64="","",$D$3&"."&COUNTA($F$11:F64)&"") -> TC_05.43 | C64: Medium | D64: Kiểm tra click Xem thêm → full content + button Thu gọn xuất hiện | E64: Đang ở trang chi tiết thiết bị. Block Thông Tin Sản Phẩm đang ở trạng thái rút gọn. | F64: 1. Click button "Xem thêm" trong block Thông Tin Sản Phẩm. | G64: Toàn bộ nội dung hiển thị đầy đủ. Button "Xem thêm" biến mất. Button "Thu gọn" xuất hiện thay thế.
A65: AI | B65: =IF(F65="","",$D$3&"."&COUNTA($F$11:F65)&"") -> TC_05.44 | C65: Medium | D65: Kiểm tra click Thu gọn → nội dung rút gọn lại + Xem thêm xuất hiện | E65: Block Thông Tin Sản Phẩm đang ở trạng thái mở rộng (đã click Xem thêm). | F65: 1. Click button "Thu gọn". | G65: Nội dung trở về dạng rút gọn. Button "Thu gọn" biến mất. Button "Xem thêm" xuất hiện lại.
B66: Nhóm 11: Block Thông Tin Hay [Sprint 12 – chưa làm]
A67: AI | B67: =IF(F67="","",$D$3&"."&COUNTA($F$11:F67)&"") -> TC_05.45 | C67: Medium | D67: Kiểm tra block Thông Tin Hay load tối đa 5 bài từ CMS | E67: CMS có >= 6 bài đăng cho thiết bị. (Sprint 12) | F67: 1. Mở trang chi tiết thiết bị. 2. Đếm số bài đăng trong block Thông Tin Hay. | G67: Hệ thống chỉ hiển thị tối đa 5 bài. Bài thứ 6 trở đi không hiển thị.
A68: AI | B68: =IF(F68="","",$D$3&"."&COUNTA($F$11:F68)&"") -> TC_05.46 | C68: Medium | D68: Kiểm tra mỗi bài Thông Tin Hay hiển thị đủ: thời gian, hình ảnh, tiêu đề | E68: Block Thông Tin Hay có ít nhất 1 bài đăng. (Sprint 12) | F68: 1. Mở trang chi tiết thiết bị. 2. Quan sát từng card bài trong block. | G68: Mỗi bài hiển thị đủ 3 thành phần: (1) Thời gian đăng, (2) Hình ảnh thumbnail, (3) Tiêu đề bài.
A69: AI | B69: =IF(F69="","",$D$3&"."&COUNTA($F$11:F69)&"") -> TC_05.47 | C69: Medium | D69: Kiểm tra boundary = 5 bài đúng giới hạn tối đa Thông Tin Hay | E69: CMS có đúng 5 bài đăng cho thiết bị. (Sprint 12) | F69: 1. Mở trang chi tiết thiết bị. 2. Đếm số bài hiển thị trong block. | G69: Hiển thị đúng 5 bài, không hơn không kém.
A70: AI | B70: =IF(F70="","",$D$3&"."&COUNTA($F$11:F70)&"") -> TC_05.48 | C70: Medium | D70: Kiểm tra block Thông Tin Hay ẩn khi CMS không có bài đăng | E70: CMS không có bài đăng nào cho thiết bị. (Sprint 12) | F70: 1. Mở trang chi tiết thiết bị. 2. Quan sát vị trí block Thông Tin Hay. | G70: Block Thông Tin Hay không hiển thị.
B71: Nhóm 12: Block Đã Xem Gần Đây
A72: AI | B72: =IF(F72="","",$D$3&"."&COUNTA($F$11:F72)&"") -> TC_05.49 | C72: Medium | D72: Kiểm tra block Đã xem gần đây hiển thị thiết bị đã xem trong phiên | E72: User đã xem ít nhất 2 SP/thiết bị khác trong cùng phiên. Đang ở trang chi tiết thiết bị. | F72: 1. Mở trang chi tiết thiết bị. 2. Quan sát block Đã xem gần đây. | G72: Block hiển thị các SP đã xem trong phiên. Mỗi card hiển thị đủ: Hình ảnh, Tên SP, Giá.
A73: AI | B73: =IF(F73="","",$D$3&"."&COUNTA($F$11:F73)&"") -> TC_05.50 | C73: Low | D73: Kiểm tra thứ tự hiển thị: SP mới xem nhất từ trái sang phải | E73: User đã xem theo thứ tự A → B → C trong phiên. Đang ở trang chi tiết thiết bị khác. | F73: 1. Mở trang chi tiết thiết bị. 2. Quan sát thứ tự card trong block. | G73: SP C (xem gần nhất) xuất hiện đầu tiên bên trái. Thứ tự: mới nhất → cũ hơn từ trái sang phải.
A74: AI | B74: =IF(F74="","",$D$3&"."&COUNTA($F$11:F74)&"") -> TC_05.51 | C74: Medium | D74: Kiểm tra giới hạn max 10 SP trong block Đã xem gần đây | E74: User đã xem hơn 10 SP khác nhau trong phiên. | F74: 1. Mở trang chi tiết thiết bị. 2. Đếm số card trong block. | G74: Block chỉ hiển thị tối đa 10 SP gần nhất.
A75: AI | B75: =IF(F75="","",$D$3&"."&COUNTA($F$11:F75)&"") -> TC_05.52 | C75: Medium | D75: Kiểm tra block Đã xem gần đây ẩn khi chưa có lịch sử xem | E75: User mở trình duyệt lần đầu (phiên mới, chưa xem SP nào). | F75: 1. Mở trang chi tiết thiết bị. 2. Quan sát vị trí block Đã xem gần đây. | G75: Block Đã xem gần đây không hiển thị.
A76: AI | B76: =IF(F76="","",$D$3&"."&COUNTA($F$11:F76)&"") -> TC_05.53 | C76: Medium | D76: Kiểm tra trang thiết bị hiện tại không xuất hiện trong block Đã xem gần đây | E76: User đã xem SP X và các SP khác. Đang ở trang chi tiết SP X. | F76: 1. Mở trang chi tiết SP X. 2. Quan sát block Đã xem gần đây. | G76: SP X không xuất hiện trong danh sách Đã xem gần đây của chính nó.
A77: AI | B77: =IF(F77="","",$D$3&"."&COUNTA($F$11:F77)&"") -> TC_05.54 | C77: Medium | D77: Kiểm tra block Đã xem gần đây không lưu sau khi đóng trình duyệt | E77: User đã xem SP trong phiên trước. | F77: 1. Xem chi tiết thiết bị bất kỳ. 2. Đóng hoàn toàn trình duyệt. 3. Mở lại trình duyệt và truy cập trang chi tiết thiết bị. 4. Quan sát block Đã xem gần đây. | G77: Block không hiển thị SP từ phiên trước. Dữ liệu chỉ tồn tại trong phiên hiện tại (session-based).
A78: AI | B78: =IF(F78="","",$D$3&"."&COUNTA($F$11:F78)&"") -> TC_05.55 | C78: Medium | D78: Kiểm tra click SP trong block Đã xem gần đây điều hướng đúng trang chi tiết | E78: Đang ở trang chi tiết thiết bị. Block Đã xem gần đây có ít nhất 1 SP. | F78: 1. Click vào card SP bất kỳ trong block Đã xem gần đây. | G78: Điều hướng đến đúng trang chi tiết của SP đó.
A79: AI | B79: =IF(F79="","",$D$3&"."&COUNTA($F$11:F79)&"") -> TC_05.56 | C79: Medium | D79: Kiểm tra Back sau khi click SP trong block → quay về trang chi tiết thiết bị | E79: User đã click vào SP trong block Đã xem gần đây, đang ở trang chi tiết SP đó. | F79: 1. Click Back trên trình duyệt. | G79: Quay về đúng trang chi tiết thiết bị ban đầu.
B80: Nhóm 13: Câu Hỏi Thường Gặp (FAQ)
A81: AI | B81: =IF(F81="","",$D$3&"."&COUNTA($F$11:F81)&"") -> TC_05.57 | C81: Medium | D81: Kiểm tra FAQ mặc định ẩn câu trả lời và hiển thị icon '+' | E81: CMS đã cấu hình ít nhất 2 câu hỏi FAQ cho thiết bị. | F81: 1. Mở trang chi tiết thiết bị. 2. Quan sát block Câu hỏi thường gặp. | G81: Tất cả câu hỏi hiển thị. Câu trả lời ẩn hoàn toàn. Icon '+' hiển thị bên cạnh mỗi câu hỏi.
A82: AI | B82: =IF(F82="","",$D$3&"."&COUNTA($F$11:F82)&"") -> TC_05.58 | C82: Medium | D82: Kiểm tra click icon '+' mở rộng câu trả lời và icon chuyển thành '–' | E82: Block FAQ có ít nhất 1 câu hỏi. | F82: 1. Mở trang chi tiết thiết bị. 2. Click icon '+' của câu hỏi đầu tiên. | G82: Câu trả lời của câu hỏi đó hiển thị (expand). Icon '+' chuyển thành '–'. Các câu hỏi khác không bị ảnh hưởng.
B83: =IF(F83="","",$D$3&"."&COUNTA($F$11:F83)&"") -> TC_05.59 | C83: Medium | D83: Kiểm tra click icon '–' thu gọn câu trả lời và chuyển về '+' | E83: Một câu hỏi FAQ đang ở trạng thái mở (đã click '+'). | F83: 1. Click icon '–' của câu hỏi đang mở. | G83: Câu trả lời ẩn lại. Icon '–' chuyển về '+'. Block về trạng thái ban đầu.
A84: AI | B84: =IF(F84="","",$D$3&"."&COUNTA($F$11:F84)&"") -> TC_05.60 | C84: Medium | D84: Kiểm tra chỉ mở 1 câu hỏi tại 1 thời điểm (accordion behavior) | E84: Block FAQ có >= 2 câu hỏi. | F84: 1. Click '+' mở câu hỏi 1. 2. Click '+' mở câu hỏi 2. 3. Quan sát trạng thái block FAQ. | G84: Chỉ câu hỏi 2 được mở. Câu hỏi 1 tự động đóng lại (accordion behavior).
A85: AI | B85: =IF(F85="","",$D$3&"."&COUNTA($F$11:F85)&"") -> TC_05.61 | C85: Medium | D85: Kiểm tra nội dung FAQ load đúng từ CMS | E85: CMS đã cấu hình FAQ cho thiết bị. | F85: 1. Mở trang chi tiết thiết bị. 2. Click mở từng câu hỏi FAQ. 3. Đối chiếu nội dung với cấu hình CMS. | G85: Nội dung câu hỏi và câu trả lời khớp với cấu hình CMS. Không thiếu câu hỏi hoặc sai nội dung.
A86: AI | B86: =IF(F86="","",$D$3&"."&COUNTA($F$11:F86)&"") -> TC_05.62 | C86: Medium | D86: Kiểm tra block FAQ ẩn khi CMS không có câu hỏi nào | E86: CMS không cấu hình FAQ cho thiết bị này. | F86: 1. Mở trang chi tiết thiết bị. 2. Quan sát vị trí block Câu hỏi thường gặp. | G86: Block FAQ không hiển thị.
B87: Nhóm 14: Thông Số Kỹ Thuật [MỚI – không có trong SA service]
A88: AI | B88: =IF(F88="","",$D$3&"."&COUNTA($F$11:F88)&"") -> TC_05.63 | C88: Medium | D88: Kiểm tra block Thông số kỹ thuật ẩn khi PDH không cấu hình | E88: PDH không cấu hình thông số kỹ thuật cho thiết bị này. | F88: 1. Mở trang chi tiết thiết bị. 2. Quan sát layout sau block Hình Ảnh & Video. | G88: Block Thông số kỹ thuật và cả 2 button ("Xem tất cả thông số", "Thông số kỹ thuật") không hiển thị. Không có vùng trống bất thường trong layout.
A89: AI | B89: =IF(F89="","",$D$3&"."&COUNTA($F$11:F89)&"") -> TC_05.64 | C89: High | D89: Kiểm tra click 'Xem tất cả thông số' mở popup Thông số kỹ thuật | E89: Đang ở trang chi tiết thiết bị. PDH đã cấu hình thông số kỹ thuật. Button "Xem tất cả thông số" hiển thị trong section Thông số kỹ thuật (nằm dưới block Hình Ảnh & Video). | F89: 1. Click button "Xem tất cả thông số". | G89: Popup Thông số kỹ thuật mở ra. Nội dung load đúng từ PDH. Nền màn hình phía sau bị dim/mờ.
A90: AI | B90: =IF(F90="","",$D$3&"."&COUNTA($F$11:F90)&"") -> TC_05.65 | C90: High | D90: Kiểm tra click entry point 'Thông số kỹ thuật' mở cùng popup | E90: Đang ở trang chi tiết thiết bị. PDH đã cấu hình thông số kỹ thuật. Thấy link/entry point "Thông số kỹ thuật" ở vị trí khác với button "Xem tất cả thông số". | F90: 1. Click "Thông số kỹ thuật". | G90: Cùng popup Thông số kỹ thuật mở ra. Nội dung giống hệt khi click từ "Xem tất cả thông số".
A91: AI | B91: =IF(F91="","",$D$3&"."&COUNTA($F$11:F91)&"") -> TC_05.66 | C91: Medium | D91: Kiểm tra popup hiển thị hình ảnh kỹ thuật khi PDH có cấu hình ảnh | E91: PDH đã cấu hình 1–5 hình ảnh kỹ thuật cho thiết bị. Popup Thông số kỹ thuật đang mở. | F91: 1. Mở popup Thông số kỹ thuật. 2. Quan sát phần hình ảnh kỹ thuật trong popup. | G91: Hình ảnh kỹ thuật hiển thị đúng số lượng và nội dung theo dữ liệu PDH.
A92: AI | B92: =IF(F92="","",$D$3&"."&COUNTA($F$11:F92)&"") -> TC_05.67 | C92: Medium | D92: Kiểm tra popup không hiển thị section ảnh khi PDH không cấu hình ảnh kỹ thuật | E92: PDH không cấu hình hình ảnh kỹ thuật (field optional) nhưng có cấu hình thông số text. Popup đang mở. | F92: 1. Mở popup Thông số kỹ thuật. 2. Quan sát phần hình ảnh trong popup. | G92: Section hình ảnh không hiển thị. Phần thông số text vẫn load bình thường. Không crash hay lỗi layout.
A93: AI | B93: =IF(F93="","",$D$3&"."&COUNTA($F$11:F93)&"") -> TC_05.68 | C93: Medium | D93: Kiểm tra boundary = 5 ảnh kỹ thuật (đúng giới hạn tối đa) | E93: PDH cấu hình đúng 5 hình ảnh kỹ thuật cho thiết bị. Popup đang mở. | F93: 1. Mở popup Thông số kỹ thuật. 2. Đếm số ảnh hiển thị. | G93: Hiển thị đúng 5 ảnh kỹ thuật, không hơn không kém.
A94: AI | B94: =IF(F94="","",$D$3&"."&COUNTA($F$11:F94)&"") -> TC_05.69 | C94: Medium | D94: Kiểm tra chỉ hiển thị tối đa 5 ảnh kỹ thuật khi PDH cấu hình hơn 5 | E94: PDH cấu hình 6+ hình ảnh kỹ thuật cho thiết bị. Popup đang mở. | F94: 1. Mở popup Thông số kỹ thuật. 2. Đếm số ảnh hiển thị. | G94: Hệ thống chỉ hiển thị 5 ảnh. Các ảnh từ thứ 6 không hiển thị.
A95: AI | B95: =IF(F95="","",$D$3&"."&COUNTA($F$11:F95)&"") -> TC_05.70 | C95: High | D95: Kiểm tra popup hiển thị thông số kỹ thuật đúng 2 cột (nội dung + thông số) | E95: PDH đã cấu hình thông số kỹ thuật chi tiết. Popup đang mở. | F95: 1. Mở popup Thông số kỹ thuật. 2. Quan sát phần thông số chi tiết trong popup. | G95: Dữ liệu thông số hiển thị dạng 2 cột: cột "nội dung" và cột "thông số". Dữ liệu đúng theo PDH. Không vỡ layout, đặc biệt trên mobile.
B96: =IF(F96="","",$D$3&"."&COUNTA($F$11:F96)&"") -> TC_05.71 | C96: High | D96: Kiểm tra đóng popup Thông số kỹ thuật bằng cách tap vào vùng ngoài | E96: Popup Thông số kỹ thuật đang mở. Nền màn hình đang bị dim. | F96: 1. Tap/click vào vùng dim bên ngoài popup. | G96: Popup đóng lại. Màn hình chi tiết thiết bị trở về trạng thái bình thường. Không mất data trang.
A97: AI | B97: =IF(F97="","",$D$3&"."&COUNTA($F$11:F97)&"") -> TC_05.72 | C97: High | D97: Kiểm tra đóng popup Thông số kỹ thuật bằng button X | E97: Popup Thông số kỹ thuật đang mở. Button X hiển thị trong popup. | F97: 1. Click button X trên popup. | G97: Popup đóng lại. Màn hình chi tiết thiết bị trở về trạng thái bình thường.
B98: Nhóm 15: UI/UX & Responsive
A99: AI | B99: =IF(F99="","",$D$3&"."&COUNTA($F$11:F99)&"") -> TC_05.73 | C99: Medium | D99: Kiểm tra trang chi tiết thiết bị responsive trên mobile (375px) | E99: Trình duyệt mở với viewport 375px (iPhone SE) hoặc thiết bị mobile thực. | F99: 1. Mở trang chi tiết thiết bị với viewport 375px. 2. Scroll qua tất cả blocks từ trên xuống dưới. 3. Quan sát layout và UI components. | G99: Tất cả blocks hiển thị đúng. Không overflow-x. Text không bị cắt. Button Mua Ngay dễ tap. Popup Thông số kỹ thuật và selector Số lượng hiển thị đúng trên mobile.
A100: AI | B100: =IF(F100="","",$D$3&"."&COUNTA($F$11:F100)&"") -> TC_05.74 | C100: Low | D100: Kiểm tra trang chi tiết thiết bị responsive trên tablet (768px) | E100: Trình duyệt mở với viewport 768px. | F100: 1. Mở trang chi tiết thiết bị với viewport 768px. 2. Scroll qua tất cả blocks. 3. Quan sát layout. | G100: Layout hiển thị phù hợp viewport tablet. Không vỡ layout, overlap hay overflow.
A101: AI | B101: =IF(F101="","",$D$3&"."&COUNTA($F$11:F101)&"") -> TC_05.75 | C101: Medium | D101: Kiểm tra loading skeleton/spinner khi data đang tải từ PDH | E101: Trình duyệt được cấu hình mạng chậm (Slow 3G trong DevTools). | F101: 1. Mở trang chi tiết thiết bị với điều kiện mạng chậm. 2. Quan sát trạng thái trong khi chờ data load. | G101: Trang hiển thị skeleton loader hoặc spinner trong khi data đang tải. Không hiển thị layout trống đột ngột hay lỗi layout trước khi data về.
A102: AI | B102: =IF(F102="","",$D$3&"."&COUNTA($F$11:F102)&"") -> TC_05.76 | C102: Low | D102: Kiểm tra ẩn block FAQ khi CMS không có câu hỏi nào | E102: Đang ở trang chi tiết thiết bị với URL hợp lệ của 1 gói thiết bị đang active. CMS không cấu hình FAQ cho thiết bị này. | F102: 1. Mở trang chi tiết thiết bị. 2. Quan sát vị trí block Câu hỏi thường gặp. | G102: Block Câu hỏi thường gặp ẩn hoàn toàn, không chiếm không gian layout.
B103: UI/UX — Trải Nghiệm Người Dùng
A104: AI | B104: =IF(F104="","",$D$3&"."&COUNTA($F$11:F104)&"") -> TC_05.77 | C104: High | D104: Kiểm tra trang chi tiết thiết bị responsive trên thiết bị mobile | E104: Mở trang trên thiết bị mobile hoặc DevTools với viewport 375px (iPhone SE). | F104: 1. Mở trang chi tiết thiết bị trên viewport mobile (375px). 2. Scroll qua tất cả các block từ trên xuống dưới. 3. Quan sát layout và các thành phần UI. | G104: Tất cả block hiển thị đúng trên mobile. Không có element bị tràn ngang (overflow-x). Text không bị cắt. Button Mua ngay dễ dàng tap. Ảnh scale đúng tỷ lệ. Popup Thông số kỹ thuật hiển thị đúng trên mobile.
...

Sheet Checkout AP
B3: Mã chức năng (Function ID) | D3: TC_05
B4: Tên chức năng (Function Name) | D4: Checkout AP
A7: QC/AI | B7: Testcase ID | C7: Mức Độ Ưu Tiên (Priority) | D7: Nội Dung Test (Test Title) | E7: Điều Kiện/ Dữ Liệu Test (Pre-condition/ Test Data) | F7: Các Bước Thực Hiện (Test Steps) | G7: Kết Quả Mong Đợi (Expected Results) | H7: =Summary!G8 -> Round 1 (09/04/2026 - 15/04/2026) | L7: =Summary!L8 -> Round 2 (dd/mm/yyyy - dd/mm/yyyy) | P7: =Summary!Q8 -> Round 3(dd/mm/yyyy - dd/mm/yyyy) | T7: =Summary!V8 -> Round 4 (dd/mm/yyyy - dd/mm/yyyy)
H8: Kết Quả Thực Hiện (Actual Result) | I8: Người Thực Hiện (Executed By) | J8: ID Bugs | K8: Ghi Chú (Remark) | L8: Kết Quả Thực Hiện (Actual Result) | M8: Người Thực Hiện (Executed By) | N8: ID Bugs | O8: Ghi Chú (Remark) | P8: Kết Quả Thực Hiện (Actual Result) | Q8: Người Thực Hiện (Executed By) | R8: ID Bugs | S8: Ghi Chú (Remark) | T8: Kết Quả Thực Hiện (Actual Result) | U8: Người Thực Hiện (Executed By) | V8: ID Bugs | W8: Ghi Chú (Remark)
A9: Điều hướng màn hình
B10: =IF(F10="","",$D$3&"."&COUNTA($F$9:F10)&"") -> TC_05.1 | C10: High | D10: Check điều hướng vào màn hình Checkout AP + verify URL | F10: 1. Truy cập trang chi tiết sản phẩm Access Point AX8000C 2. Click btn Mua ngay 3. Check URL và giao diện trang Checkout AP | G10: Điều hướng vào trang Checkout AP đúng URL. Hiển thị đủ các block: Sản phẩm đã chọn, Thông tin cá nhân, Địa chỉ lắp đặt, Phương thức thanh toán, Panel thông tin KH + thanh toán.
B11: =IF(F11="","",$D$3&"."&COUNTA($F$9:F11)&"") -> TC_05.2 | C11: High | D11: Check GUI tổng thể màn hình Checkout AP | E11: Đang ở màn hình Checkout AP | F11: 1. Truy cập màn hình Checkout AP 2. Check GUI toàn trang | G11: Hiển thị UI đầy đủ gồm: - Progress bar 2 bước: Thanh toán → Hoàn tất đơn hàng - Block Sản phẩm dịch vụ đã chọn - Block Thông tin cá nhân - Block Địa chỉ lắp đặt - Block Phương thức thanh toán - Block Thông tin khách hàng - Block Thông tin thanh toán - Button Thanh toán - Button Quay lại
A12: Màn hình Thông tin thanh toán
B13: =IF(D13="","",$D$3&"."&COUNTA($D$9:D13)&"") | C13: Block Sản phẩm dịch vụ đã chọn
B14: =IF(F14="","",$D$3&"."&COUNTA($F$9:F14)&"") -> TC_05.3 | C14: Medium | D14: Check hiển thị các trường trong block Sản phẩm dịch vụ đã chọn | E14: Chọn thiết bị AP từ màn hình Chi tiết sản phẩm | F14: 1. Truy cập màn hình Checkout AP 2. Check hiển thị các trường trong block Sản phẩm dịch vụ đã chọn | G14: Block hiển thị thông tin gồm: - Title Sản phẩm dịch vụ đã chọn (Số lượng) - Icon/Hình ảnh sản phẩm - Tên sản phẩm: thiết bị AP - Số lượng: x1 - Giá gốc: <giá gốc> (gạch ngang) - Giá ưu đãi: <giá ưu đãi> (màu xanh nổi bật) Không có nút chỉnh sửa số lượng tại màn hình này.
B15: =IF(D15="","",$D$3&"."&COUNTA($D$9:D15)&"") | C15: Block Thông tin cá nhân
B16: =IF(F16="","",$D$3&"."&COUNTA($F$9:F16)&"") -> TC_05.4 | C16: Medium | D16: Check hiển thị các trường trong block Thông tin cá nhân | F16: 1. Truy cập màn hình Checkout AP 2. Check UI block Thông tin cá nhân | G16: Block hiển thị 2 trường bắt buộc: - Họ và tên (*) - Số điện thoại (*)
B17: =IF(D17="","",$D$3&"."&COUNTA($D$9:D17)&"") | C17: Block Địa chỉ lắp đặt
C18: Medium | D18: Check hiển thị block Địa chỉ lắp đặt mặc định | F18: 1. Truy cập màn hình Checkout AP 2. Check block Địa chỉ lắp đặt | G18: Block Địa chỉ lắp đặt hiển thị mặc định. Gồm các trường bắt buộc: - Tỉnh/Thành phố (*) - Phường/Xã (*) - Tên đường (*) - Radio Nhà riêng / Chung cư - Số nhà (*) - Ghi chú (không bắt buộc)
B19: =IF(F19="","",$D$3&"."&COUNTA($F$9:F19)&"") -> TC_05.6 | D19: Check hiển thị label thời gian giao hàng dự kiến | F19: 1. Truy cập màn hình Checkout AP 2. Check label thông tin trong block Địa chỉ lắp đặt | G19: Hiển thị text: 'Thời gian giao hàng dự kiến từ 3 đến 7 ngày'.
B20: =IF(F20="","",$D$3&"."&COUNTA($F$15:F20)&"") | C20: Block Thông tin khách hàng
B21: =IF(F21="","",$D$3&"."&COUNTA($F$9:F21)&"") -> TC_05.7 | C21: Medium | D21: Check hiển thị tại Block Thông tin khách hàng | F21: 1. Truy cập màn hình Checkout AP 2. Check hiển thị tại Block Thông tin khách hàng | G21: Hiển thị các trường thông tin gồm: - Họ và tên - Số điện thoại - Địa chỉ (Số nhà + Tên đường + Phường/Xã + Tỉnh/TP) - Icon collapse (mặc định)
B22: =IF(F22="","",$D$3&"."&COUNTA($F$9:F22)&"") | C22: Thông tin thanh toán
B23: =IF(F23="","",$D$3&"."&COUNTA($F$9:F23)&"") -> TC_05.8 | C23: Medium | D23: Check mặc định hiển thị tại block Thông tin thanh toán | F23: 1. Truy cập màn hình Thanh toán dịch vụ Ultra Fast 2 . Check hiển thị tại block Thông tin thanh toán | G23: Hiển thị các thông tin gồm + Tên gói - 1 tháng - giá tiền + Textbox Nhập ưu đãi - hyperlink Chọn ưu đãi - Button Áp dụng + Cần thanh toán - Giá tiền + Button Thanh toán + icon collapse (mặc định) + Text (Bằng việc nhấn vào nút Thanh toán bạn đã đồng ý với các <linktext> điều khoản của FPT Telecom
B24: =IF(F24="","",$D$3&"."&COUNTA($F$9:F24)&"") -> TC_05.9 | C24: High | D24: Check click button Thanh toán khi chính sách gói bán đã hết hiệu lực | E24: Gói bán có ít nhất 1 chính sách đã hết hiệu lực trên QLCS | F24: 1. Điều hướng vào trang thanh toán dịch vụ Ultra Fast thành công 2. Chọn PTTT 3. Check click button Thanh toán khi chính sách gói bán đã hết hiệu lực | G24: Hệ thống show thông báo lỗi, không lên đơn hàng
B25: =IF(F25="","",$D$3&"."&COUNTA($F$9:F25)&"") -> TC_05.10 | C25: High | D25: Check click button Thanh toán khi chính sách gói bán còn hiệu lực | E25: Gói bán có chính sách còn hiệu lực trên QLCS | F25: 1. Điều hướng vào trang thanh toán dịch vụ Ultra Fast thành công 2. Chọn PTTT 3. Check click button Thanh toán khi chính sách gói bán còn hiệu lực | G25: Hệ thống lên đơn hàng, điều hướng qua màn hình thanh toán của PTTT đã chọn và hiển thị đúng số tiền cần thanh toán
B26: Màn hình Hoàn tất đơn hàng
C27: High | D27: Check giao diện bước Hoàn tất đơn hàng_Đã thanh toán | E27: - Thanh toán COD | F27: 1. Hoàn tất đơn hàng thanh toán COD 2. Check giao diện bước hoàn tất | G27: Hiển thị giao diện hoàn tất đơn hàng như sau: - Logo FPT Telecom - Các bước: Đăng ký |Thanh toán|Hoàn tất màu xanh lá - Label: Hoàn tất đơn hàng Chưa thanh toán Đơn hàng đã đăng ký thành công. Kỹ thuật viên FPT sẽ liên hệ triển khai dịch vụ trong 8h - 12h. Mọi thắc mắc, vui lòng liên hệ 1900 6600 để được giải đáp. Xin cảm ơn. - Block Thông tin đơn hàng(ref: sheet Thông tin chung)
B28: =IF(F28="","",$D$3&"."&COUNTA($F$9:F28)&"") -> TC_05.12 | C28: High | D28: Check giao diện bước Hoàn tất đơn hàng_Đã thanh toán | E28: - Thanh toán khác COD | F28: 1. Hoàn tất đơn hàng thanh toán khác COD 2. Check giao diện bước hoàn tất | G28: Hiển thị giao diện hoàn tất đơn hàng như sau: - Logo FPT Telecom - Các bước: Đăng ký |Thanh toán|Hoàn tất màu xanh lá - Label: Hoàn tất đơn hàng Thanh toán thành công Đơn hàng đã đăng ký thành công. Kỹ thuật viên FPT sẽ liên hệ triển khai dịch vụ trong 8h - 12h. Mọi thắc mắc, vui lòng liên hệ 1900 6600 để được giải đáp. Xin cảm ơn. - Block Thông tin đơn hàng(ref: sheet Thông tin chung)
B29: =IF(F29="","",$D$3&"."&COUNTA($F$9:F29)&"") -> TC_05.13 | C29: High | D29: Check thông tin đơn hàng sau khi thanh toán thành công | E29: - Đã thanh toán thành công | F29: - Tại bước Hoàn tất 1. Truy cập webadmin 2. Check lại thông tin đơn hàng đã thanh toán | G29: Đơn hàng ghi nhận đúng thông tin đã nhập
B30: =IF(F30="","",$D$3&"."&COUNTA($F$9:F30)&"") -> TC_05.14 | C30: High | D30: Check thông tin Hợp đồng sau khi thanh toán thành công | E30: - Đã thanh toán thành công | F30: - Tại bước Hoàn tất 1. Truy cập inside 2. Check lại thông tin hợp đồng | G30: Hợp đồng ghi nhận đúng các thông tin đơn hàng

Sheet Checkout Smart Home
B3: Mã chức năng (Function ID) | D3: TC_05
B4: Tên chức năng (Function Name) | D4: Checkout Smart Home
A7: QC/AI | B7: Testcase ID | C7: Mức Độ Ưu Tiên (Priority) | D7: Nội Dung Test (Test Title) | E7: Điều Kiện/ Dữ Liệu Test (Pre-condition/ Test Data) | F7: Các Bước Thực Hiện (Test Steps) | G7: Kết Quả Mong Đợi (Expected Results) | H7: =Summary!G8 -> Round 1 (09/04/2026 - 15/04/2026) | L7: =Summary!L8 -> Round 2 (dd/mm/yyyy - dd/mm/yyyy) | P7: =Summary!Q8 -> Round 3(dd/mm/yyyy - dd/mm/yyyy) | T7: =Summary!V8 -> Round 4 (dd/mm/yyyy - dd/mm/yyyy)
H8: Kết Quả Thực Hiện (Actual Result) | I8: Người Thực Hiện (Executed By) | J8: ID Bugs | K8: Ghi Chú (Remark) | L8: Kết Quả Thực Hiện (Actual Result) | M8: Người Thực Hiện (Executed By) | N8: ID Bugs | O8: Ghi Chú (Remark) | P8: Kết Quả Thực Hiện (Actual Result) | Q8: Người Thực Hiện (Executed By) | R8: ID Bugs | S8: Ghi Chú (Remark) | T8: Kết Quả Thực Hiện (Actual Result) | U8: Người Thực Hiện (Executed By) | V8: ID Bugs | W8: Ghi Chú (Remark)
A9: Điều hướng màn hình
B10: =IF(F10="","",$D$3&"."&COUNTA($F$9:F10)&"") -> TC_05.1 | C10: High | D10: Check điều hướng vào màn hình Checkout Smart Home + verify URL | F10: 1. Truy cập trang chi tiết sản phẩm Access Point AX8000C 2. Click btn Mua ngay 3. Check URL và giao diện trang Checkout Smart Home | G10: Điều hướng vào trang Checkout Smart Home đúng URL. Hiển thị đủ các block: Sản phẩm đã chọn, Thông tin cá nhân, Địa chỉ lắp đặt, Phương thức thanh toán, Panel thông tin KH + thanh toán.
B11: =IF(F11="","",$D$3&"."&COUNTA($F$9:F11)&"") -> TC_05.2 | C11: High | D11: Check GUI tổng thể màn hình Checkout Smart Home | E11: Đang ở màn hình Checkout Smart Home | F11: 1. Truy cập màn hình Checkout Smart Home 2. Check GUI toàn trang | G11: Hiển thị UI đầy đủ gồm: - Progress bar 2 bước: Thanh toán → Hoàn tất đơn hàng - Block Sản phẩm dịch vụ đã chọn - Block Thông tin cá nhân - Block Địa chỉ lắp đặt - Block Phương thức thanh toán - Block Thông tin khách hàng - Block Thông tin thanh toán - Button Thanh toán - Button Quay lại
A12: Màn hình Thông tin thanh toán
B13: =IF(D13="","",$D$3&"."&COUNTA($D$9:D13)&"") | C13: Block Sản phẩm dịch vụ đã chọn
B14: =IF(F14="","",$D$3&"."&COUNTA($F$9:F14)&"") -> TC_05.3 | C14: Medium | D14: Check hiển thị các trường trong block Sản phẩm dịch vụ đã chọn | E14: Chọn thiết bị Smart Home từ màn hình Chi tiết sản phẩm | F14: 1. Truy cập màn hình Checkout Smart Home 2. Check hiển thị các trường trong block Sản phẩm dịch vụ đã chọn | G14: Block hiển thị thông tin gồm: - Title Sản phẩm dịch vụ đã chọn (Số lượng) - Icon/Hình ảnh sản phẩm - Tên sản phẩm: thiết bị Smart Home - Số lượng: x1 - Giá gốc: <giá gốc> (gạch ngang) - Giá ưu đãi: <giá ưu đãi> (màu xanh nổi bật) Không có nút chỉnh sửa số lượng tại màn hình này.
B15: =IF(D15="","",$D$3&"."&COUNTA($D$9:D15)&"") | C15: Block Thông tin cá nhân
B16: =IF(F16="","",$D$3&"."&COUNTA($F$9:F16)&"") -> TC_05.4 | C16: Medium | D16: Check hiển thị các trường trong block Thông tin cá nhân | F16: 1. Truy cập màn hình Checkout Smart Home 2. Check UI block Thông tin cá nhân | G16: Block hiển thị 2 trường bắt buộc: - Họ và tên (*) - Số điện thoại (*)
B17: =IF(F17="","",$D$3&"."&COUNTA($F$9:F17)&"") | C17: Block Địa chỉ lắp đặt
B18: =IF(F18="","",$D$3&"."&COUNTA($F$9:F18)&"") -> TC_05.5 | C18: Medium | D18: Check hiển thị block Địa chỉ lắp đặt mặc định | F18: 1. Truy cập màn hình Checkout Smart Home 2. Check block Địa chỉ lắp đặt | G18: Block Địa chỉ lắp đặt hiển thị mặc định. Gồm các trường bắt buộc: - Tỉnh/Thành phố (*) - Phường/Xã (*) - Tên đường (*) - Radio Nhà riêng / Chung cư - Số nhà (*) - Ghi chú (không bắt buộc)
B19: =IF(F19="","",$D$3&"."&COUNTA($F$9:F19)&"") -> TC_05.6 | D19: Check hiển thị label thời gian giao hàng dự kiến | F19: 1. Truy cập màn hình Checkout Smart Home 2. Check label thông tin trong block Địa chỉ lắp đặt | G19: Hiển thị text: 'Thời gian giao hàng dự kiến từ 3 đến 7 ngày'.
B20: =IF(F20="","",$D$3&"."&COUNTA($F$9:F20)&"") | C20: Block Thông tin khách hàng
B21: =IF(F21="","",$D$3&"."&COUNTA($F$9:F21)&"") -> TC_05.7 | C21: Medium | D21: Check hiển thị tại Block Thông tin khách hàng | F21: 1. Truy cập màn hình Checkout Smart Home 2. Check hiển thị tại Block Thông tin khách hàng | G21: Hiển thị các trường thông tin gồm: - Họ và tên - Số điện thoại - Địa chỉ (Số nhà + Tên đường + Phường/Xã + Tỉnh/TP) - Icon collSmart Homese (mặc định)
B22: =IF(F22="","",$D$3&"."&COUNTA($F$9:F22)&"") | C22: Thông tin thanh toán
B23: =IF(F23="","",$D$3&"."&COUNTA($F$9:F23)&"") -> TC_05.8 | C23: Medium | D23: Check mặc định hiển thị tại block Thông tin thanh toán | F23: 1. Truy cập màn hình Thanh toán dịch vụ Ultra Fast 2 . Check hiển thị tại block Thông tin thanh toán | G23: Hiển thị các thông tin gồm + Tên gói - 1 tháng - giá tiền + Textbox Nhập ưu đãi - hyperlink Chọn ưu đãi - Button Áp dụng + Cần thanh toán - Giá tiền + Button Thanh toán + icon collSmart Homese (mặc định) + Text (Bằng việc nhấn vào nút Thanh toán bạn đã đồng ý với các <linktext> điều khoản của FPT Telecom
B24: =IF(F24="","",$D$3&"."&COUNTA($F$9:F24)&"") -> TC_05.9 | C24: High | D24: Check click button Thanh toán khi chính sách gói bán đã hết hiệu lực | E24: Gói bán có ít nhất 1 chính sách đã hết hiệu lực trên QLCS | F24: 1. Điều hướng vào trang thanh toán dịch vụ Ultra Fast thành công 2. Chọn PTTT 3. Check click button Thanh toán khi chính sách gói bán đã hết hiệu lực | G24: Hệ thống show thông báo lỗi, không lên đơn hàng
B25: =IF(F25="","",$D$3&"."&COUNTA($F$9:F25)&"") -> TC_05.10 | C25: High | D25: Check click button Thanh toán khi chính sách gói bán còn hiệu lực | E25: Gói bán có chính sách còn hiệu lực trên QLCS | F25: 1. Điều hướng vào trang thanh toán dịch vụ Ultra Fast thành công 2. Chọn PTTT 3. Check click button Thanh toán khi chính sách gói bán còn hiệu lực | G25: Hệ thống lên đơn hàng, điều hướng qua màn hình thanh toán của PTTT đã chọn và hiển thị đúng số tiền cần thanh toán
B26: Màn hình Hoàn tất đơn hàng
C27: High | D27: Check giao diện bước Hoàn tất đơn hàng_Đã thanh toán | E27: - Thanh toán COD | F27: 1. Hoàn tất đơn hàng thanh toán COD 2. Check giao diện bước hoàn tất | G27: Hiển thị giao diện hoàn tất đơn hàng như sau: - Logo FPT Telecom - Các bước: Đăng ký |Thanh toán|Hoàn tất màu xanh lá - Label: Hoàn tất đơn hàng Chưa thanh toán Đơn hàng đã đăng ký thành công. Kỹ thuật viên FPT sẽ liên hệ triển khai dịch vụ trong 8h - 12h. Mọi thắc mắc, vui lòng liên hệ 1900 6600 để được giải đáp. Xin cảm ơn. - Block Thông tin đơn hàng(ref: sheet Thông tin chung)
