Workbook
Name Testing_status: #REF!
Name Testing_status: #REF!
Name Testing_status: #REF!
Name Testing_status: #REF!
Name Testing_status: #REF!
Name Display_Week: #REF!
Name Project_Start: #REF!

Sheet Cover
B6: ECP
B7: TESTCASE
F9: Mã hiệu
F10: Phiên bản | I10: 1.0
F11: Ngày hiệu lực

Sheet Revision history
C1: REVISION HISTORY - TESTCASE
B4: Phiên bản testcase (Testcase version) | C4: Ngày cập nhật (Date Update) | D4: Người tạo (Author) | E4: Người xem xét (Reviewer) | F4: Tên chức năng (Function name) | G4: Mô tả chức năng (Function description) | H4: Tình trạng (Status)
B5: v1.0
B6: v1.0_Sprint 10 | C6: 20/03/2026 | D6: GiangDC2, AnhDC4 | E6: HuyenNHK | F6: Luồng checkout Net,Combo net | G6: Luồng checkout Net,Combo net | H6: Thêm mới
B7: v1.0 Sprint 12 | C7: 46026 | D7: GiangDC2, AnhDC4 | E7: HuyenNHK | F7: Thông tin chung | G7: Các TC dùng chung cho tất cả dịch vụ (UI, navigation, form validation cơ bản...) | H7: Thêm mới
F8: FPL SA | G8: Luồng checkout FPL SA | H8: Thêm mới
F9: Ultra Fast | G9: Luồng checkout Ultra Fast | H9: Thêm mới
F10: Hyper Fast | G10: Luồng checkout Hyper Fast | H10: Thêm mới
F11: Chi tiết các dịch vụ SA | G11: Chi tiết các dịch vụ SA(FPTPlay, UltraFast, HyperFast) | H11: Thêm mới
F12: Trang tổng hợp dịch vụ | G12: Trang tổng hợp dịch vụ số (UltraFast, HyperFast) | H12: Thêm mới
C29: REVISION HISTORY - TEMPLATE
B30: [Phần này chỉ giành cho QA update]
B32: Ngày hiệu lực | C32: Version | D32: Người tạo | E32: Người xem xét | F32: Người phê duyệt | G32: Nội dung thay đổi
C33: 1.0 | G33: Tạo mới

Sheet Guideline
B3: QUY ĐỊNH CHUNG
B4: 1. Tên File Testcase/Report đặt theo chuẩn:
B5: ISC_[Tên Dự Án]_[Version Dự Án]_TC_[Version File TC theo Revision history]_R[Số vòng test khi report].xlsx
B6: ISC_[Tên Dự Án]_[Version Dự Án]_Report.xlsx
B7: VD: ISC_Salary FTI_V2.2_TC_V1.0_R1.xlsx ISC_Salary FTI_V2.2_Report.xlsx
B8: 2. Khi update nội dung File Testcase (Add/Update/Delete các Function/Screen) phải tăng [Version File TC] và quản lý lịch sử thay đổi trong Revision history.
B9: 3. Các Function/ Screen khác nhau được tách ra thành từng sheet.
B10: - [Nội Dung Test/Test Title] trongTestcase tách ra từng case riêng biệt không gộp lại thành 1 case nhưng kết quả test khác nhau.
B11: - [Người thực hiện]: sử dụng tên email, chỉ duy nhất một người thực hiện.
B13: BẢNG PHÂN LOẠI TRẠNG THÁI TESTCASE
B15: Trạng thái | C15: Ý nghĩa
B16: (Blank) | C16: Trạng thái mặc định khi chưa thực hiện test
B17: Pass | C17: Thực hiện thành công case
B18: Fail | C18: Không thành công case, có lỗi phát sinh
B19: Block | C19: Case này không thể thực hiện/Pending, ghi rõ lý do trong phần ghi chú: (VD: Do chưa dev xong, Không có điều kiện - dữ liệu test, Tài liệu đặc tả sai, Đã thay đổi yêu cầu...).
B20: N/A | C20: - Case Suggest - Case Won't fix
B23: BẢNG PHÂN LOẠI ĐỘ ƯU TIÊN
B25: Trạng thái | C25: Ý nghĩa
B26: High | C26: - Phải thực hiện trong bất kỳ vòng nào - Case ảnh hưởng trực tiếp đến nhiều người dùng - Chức năng, nghiệp vụ
B27: Medium | C27: - Phải thực hiện ít nhất một lần - Ảnh hưởng đến người dùng
B28: Low | C28: - Có thể bỏ qua khi rút ngắn thời gian test - Case không gây ảnh hưởng nhiều đến người dùng - Case phụ thêm - Không quy định trong tài liệu

Sheet Summary
D1: SUMMARY
A5: Project name | C5: ECP | D5: Version | E5: V1.0 - Sprint 12
A6: Division | C6: ECOM | D6: Project Manager - PM | E6: TaiTT13
B8: STT | C8: Mã chức năng | D8: Sheet Name | E8: Function/ Screen | F8: Số Testcase | G8: Round 1 (09/04/2026 - 15/04/2026) | K8: G:I | L8: Round 2 (dd/mm/yyyy - dd/mm/yyyy) | P8: K:K | Q8: Round 3(dd/mm/yyyy - dd/mm/yyyy) | U8: O:O | V8: Round 4 (dd/mm/yyyy - dd/mm/yyyy) | Z8: S:S | AA8: Round 5 (dd/mm/yyyy - dd/mm/yyyy) | AE8: W:W | AF8: Round 6 (dd/mm/yyyy - dd/mm/yyyy) | AJ8: AA:AA | AK8: Round 7 (dd/mm/yyyy - dd/mm/yyyy) | AO8: AE:AE | AP8: Round 8 (dd/mm/yyyy - dd/mm/yyyy) | AT8: AI:AI | AU8: Round 9 (dd/mm/yyyy - dd/mm/yyyy) | AY8: AM:AM | AZ8: Round 10 (dd/mm/yyyy - dd/mm/yyyy) | BD8: AQ:AQ
G9: Excute Testcase | H9: Pass | I9: Fail | J9: N/A | K9: Block | L9: Excute Testcase | M9: Pass | N9: Fail | O9: N/A | P9: Block | Q9: Excute Testcase | R9: Pass | S9: Fail | T9: N/A | U9: Block | V9: Excute Testcase | W9: Pass | X9: Fail | Y9: N/A | Z9: Block | AA9: Excute Testcase | AB9: Pass | AC9: Fail | AD9: N/A | AE9: Block | AF9: Excute Testcase | AG9: Pass | AH9: Fail | AI9: N/A | AJ9: Block | AK9: Excute Testcase | AL9: Pass | AM9: Fail | AN9: N/A | AO9: Block | AP9: v | AQ9: Pass | AR9: Fail | AS9: N/A | AT9: Block | AU9: Excute Testcase | AV9: Pass | AW9: Fail | AX9: N/A | AY9: Block | AZ9: Excute Testcase | BA9: Pass | BB9: Fail | BC9: N/A | BD9: Block
B10: 1 | C10: TC_01 | D10: Thông tin chung | E10: Thông tin chung | F10: 300 | G10: =SUM(H10:J10) -> 255 | H10: =COUNTIF(INDIRECT("'"&$D10&"'!"&K$8),"Pass") -> 255 | I10: =COUNTIF(INDIRECT("'"&$D10&"'!"&K$8),"Fail") -> 0 | J10: =COUNTIF(INDIRECT("'"&$D10&"'!"&K$8),"N/A") -> 0 | K10: =COUNTIF(INDIRECT("'"&$D10&"'!"&K$8),"Block") -> 45 | L10: =SUM(M10:O10) -> 0 | M10: =COUNTIF(INDIRECT("'"&$D10&"'!"&P$8),"Pass") -> 0 | N10: =COUNTIF(INDIRECT("'"&$D10&"'!"&P$8),"Fail") -> 0 | O10: =COUNTIF(INDIRECT("'"&$D10&"'!"&P$8),"N/A") -> 0 | P10: =COUNTIF(INDIRECT("'"&$D10&"'!"&P$8),"Block") -> 0 | Q10: =SUM(R10:T10) -> 0 | R10: =COUNTIF(INDIRECT("'"&$D10&"'!"&U$8),"Pass") -> 0 | S10: =COUNTIF(INDIRECT("'"&$D10&"'!"&U$8),"Fail") -> 0 | T10: =COUNTIF(INDIRECT("'"&$D10&"'!"&U$8),"N/A") -> 0 | U10: =COUNTIF(INDIRECT("'"&$D10&"'!"&U$8),"Block") -> 0 | V10: =SUM(W10:Y10) -> 0 | W10: =COUNTIF(INDIRECT("'"&$D10&"'!"&Z$8),"Pass") -> 0 | X10: =COUNTIF(INDIRECT("'"&$D10&"'!"&Z$8),"Fail") -> 0 | Y10: =COUNTIF(INDIRECT("'"&$D10&"'!"&Z$8),"N/A") -> 0 | Z10: =COUNTIF(INDIRECT("'"&$D10&"'!"&Z$8),"Block") -> 0 | AA10: =SUM(AB10:AD10) -> 0 | AB10: =COUNTIF(INDIRECT("'"&$D10&"'!"&AE$8),"Pass") -> 0 | AC10: =COUNTIF(INDIRECT("'"&$D10&"'!"&AE$8),"Fail") -> 0 | AD10: =COUNTIF(INDIRECT("'"&$D10&"'!"&AE$8),"N/A") -> 0 | AE10: =COUNTIF(INDIRECT("'"&$D10&"'!"&AE$8),"Block") -> 0 | AF10: =SUM(AG10:AI10) -> 0 | AG10: =COUNTIF(INDIRECT("'"&$D10&"'!"&AJ$8),"Pass") -> 0 | AH10: =COUNTIF(INDIRECT("'"&$D10&"'!"&AJ$8),"Fail") -> 0 | AI10: =COUNTIF(INDIRECT("'"&$D10&"'!"&AJ$8),"N/A") -> 0 | AJ10: =COUNTIF(INDIRECT("'"&$D10&"'!"&AJ$8),"Block") -> 0 | AK10: =SUM(AL10:AN10) -> 0 | AL10: =COUNTIF(INDIRECT("'"&$D10&"'!"&AO$8),"Pass") -> 0 | AM10: =COUNTIF(INDIRECT("'"&$D10&"'!"&AO$8),"Fail") -> 0 | AN10: =COUNTIF(INDIRECT("'"&$D10&"'!"&AO$8),"N/A") -> 0 | AO10: =COUNTIF(INDIRECT("'"&$D10&"'!"&AO$8),"Block") -> 0 | AP10: =SUM(AQ10:AS10) -> 0 | AQ10: =COUNTIF(INDIRECT("'"&$D10&"'!"&AT$8),"Pass") -> 0 | AR10: =COUNTIF(INDIRECT("'"&$D10&"'!"&AT$8),"Fail") -> 0 | AS10: =COUNTIF(INDIRECT("'"&$D10&"'!"&AT$8),"N/A") -> 0 | AT10: =COUNTIF(INDIRECT("'"&$D10&"'!"&AT$8),"Block") -> 0 | AU10: =SUM(AV10:AX10) -> 0 | AV10: =COUNTIF(INDIRECT("'"&$D10&"'!"&AY$8),"Pass") -> 0 | AW10: =COUNTIF(INDIRECT("'"&$D10&"'!"&AY$8),"Fail") -> 0 | AX10: =COUNTIF(INDIRECT("'"&$D10&"'!"&AY$8),"N/A") -> 0 | AY10: =COUNTIF(INDIRECT("'"&$D10&"'!"&AY$8),"Block") -> 0 | AZ10: =SUM(BA10:BC10) -> 0 | BA10: =COUNTIF(INDIRECT("'"&$D10&"'!"&BD$8),"Pass") -> 0 | BB10: =COUNTIF(INDIRECT("'"&$D10&"'!"&BD$8),"Fail") -> 0 | BC10: =COUNTIF(INDIRECT("'"&$D10&"'!"&BD$8),"N/A") -> 0 | BD10: =COUNTIF(INDIRECT("'"&$D10&"'!"&BD$8),"Block") -> 0
B11: 2 | C11: TC_02 | D11: FPL SA | E11: FPL SA | F11: =COUNTIF(INDIRECT("'"&D11&"'!A:A"),C11&"*") -> 22 | G11: =SUM(H11:J11) -> 17 | H11: =COUNTIF(INDIRECT("'"&$D11&"'!"&K$8),"Pass") -> 16 | I11: =COUNTIF(INDIRECT("'"&$D11&"'!"&K$8),"Fail") -> 0 | J11: =COUNTIF(INDIRECT("'"&$D11&"'!"&K$8),"N/A") -> 1 | K11: =COUNTIF(INDIRECT("'"&$D11&"'!"&K$8),"Block") -> 5 | L11: =SUM(M11:O11) -> 0 | M11: =COUNTIF(INDIRECT("'"&$D11&"'!"&P$8),"Pass") -> 0 | N11: =COUNTIF(INDIRECT("'"&$D11&"'!"&P$8),"Fail") -> 0 | O11: =COUNTIF(INDIRECT("'"&$D11&"'!"&P$8),"N/A") -> 0 | P11: =COUNTIF(INDIRECT("'"&$D11&"'!"&P$8),"Block") -> 0 | Q11: =SUM(R11:T11) -> 0 | R11: =COUNTIF(INDIRECT("'"&$D11&"'!"&U$8),"Pass") -> 0 | S11: =COUNTIF(INDIRECT("'"&$D11&"'!"&U$8),"Fail") -> 0 | T11: =COUNTIF(INDIRECT("'"&$D11&"'!"&U$8),"N/A") -> 0 | U11: =COUNTIF(INDIRECT("'"&$D11&"'!"&U$8),"Block") -> 0 | V11: =SUM(W11:Y11) -> 0 | W11: =COUNTIF(INDIRECT("'"&$D11&"'!"&Z$8),"Pass") -> 0 | X11: =COUNTIF(INDIRECT("'"&$D11&"'!"&Z$8),"Fail") -> 0 | Y11: =COUNTIF(INDIRECT("'"&$D11&"'!"&Z$8),"N/A") -> 0 | Z11: =COUNTIF(INDIRECT("'"&$D11&"'!"&Z$8),"Block") -> 0 | AA11: =SUM(AB11:AD11) -> 0 | AB11: =COUNTIF(INDIRECT("'"&$D11&"'!"&AE$8),"Pass") -> 0 | AC11: =COUNTIF(INDIRECT("'"&$D11&"'!"&AE$8),"Fail") -> 0 | AD11: =COUNTIF(INDIRECT("'"&$D11&"'!"&AE$8),"N/A") -> 0 | AE11: =COUNTIF(INDIRECT("'"&$D11&"'!"&AE$8),"Block") -> 0 | AF11: =SUM(AG11:AI11) -> 0 | AG11: =COUNTIF(INDIRECT("'"&$D11&"'!"&AJ$8),"Pass") -> 0 | AH11: =COUNTIF(INDIRECT("'"&$D11&"'!"&AJ$8),"Fail") -> 0 | AI11: =COUNTIF(INDIRECT("'"&$D11&"'!"&AJ$8),"N/A") -> 0 | AJ11: =COUNTIF(INDIRECT("'"&$D11&"'!"&AJ$8),"Block") -> 0 | AK11: =SUM(AL11:AN11) -> 0 | AL11: =COUNTIF(INDIRECT("'"&$D11&"'!"&AO$8),"Pass") -> 0 | AM11: =COUNTIF(INDIRECT("'"&$D11&"'!"&AO$8),"Fail") -> 0 | AN11: =COUNTIF(INDIRECT("'"&$D11&"'!"&AO$8),"N/A") -> 0 | AO11: =COUNTIF(INDIRECT("'"&$D11&"'!"&AO$8),"Block") -> 0 | AP11: =SUM(AQ11:AS11) -> 0 | AQ11: =COUNTIF(INDIRECT("'"&$D11&"'!"&AT$8),"Pass") -> 0 | AR11: =COUNTIF(INDIRECT("'"&$D11&"'!"&AT$8),"Fail") -> 0 | AS11: =COUNTIF(INDIRECT("'"&$D11&"'!"&AT$8),"N/A") -> 0 | AT11: =COUNTIF(INDIRECT("'"&$D11&"'!"&AT$8),"Block") -> 0 | AU11: =SUM(AV11:AX11) -> 0 | AV11: =COUNTIF(INDIRECT("'"&$D11&"'!"&AY$8),"Pass") -> 0 | AW11: =COUNTIF(INDIRECT("'"&$D11&"'!"&AY$8),"Fail") -> 0 | AX11: =COUNTIF(INDIRECT("'"&$D11&"'!"&AY$8),"N/A") -> 0 | AY11: =COUNTIF(INDIRECT("'"&$D11&"'!"&AY$8),"Block") -> 0 | AZ11: =SUM(BA11:BC11) -> 0 | BA11: =COUNTIF(INDIRECT("'"&$D11&"'!"&BD$8),"Pass") -> 0 | BB11: =COUNTIF(INDIRECT("'"&$D11&"'!"&BD$8),"Fail") -> 0 | BC11: =COUNTIF(INDIRECT("'"&$D11&"'!"&BD$8),"N/A") -> 0 | BD11: =COUNTIF(INDIRECT("'"&$D11&"'!"&BD$8),"Block") -> 0
B12: 3 | C12: TC_03 | D12: Ultra Fast | E12: Ultra Fast | F12: =COUNTIF(INDIRECT("'"&D12&"'!A:A"),C12&"*") -> 24 | G12: =SUM(H12:J12) -> 11 | H12: =COUNTIF(INDIRECT("'"&$D12&"'!"&K$8),"Pass") -> 11 | I12: =COUNTIF(INDIRECT("'"&$D12&"'!"&K$8),"Fail") -> 0 | J12: =COUNTIF(INDIRECT("'"&$D12&"'!"&K$8),"N/A") -> 0 | K12: =COUNTIF(INDIRECT("'"&$D12&"'!"&K$8),"Block") -> 13 | L12: =SUM(M12:O12) -> 0 | M12: =COUNTIF(INDIRECT("'"&$D12&"'!"&P$8),"Pass") -> 0 | N12: =COUNTIF(INDIRECT("'"&$D12&"'!"&P$8),"Fail") -> 0 | O12: =COUNTIF(INDIRECT("'"&$D12&"'!"&P$8),"N/A") -> 0 | P12: =COUNTIF(INDIRECT("'"&$D12&"'!"&P$8),"Block") -> 0 | Q12: =SUM(R12:T12) -> 0 | R12: =COUNTIF(INDIRECT("'"&$D12&"'!"&U$8),"Pass") -> 0 | S12: =COUNTIF(INDIRECT("'"&$D12&"'!"&U$8),"Fail") -> 0 | T12: =COUNTIF(INDIRECT("'"&$D12&"'!"&U$8),"N/A") -> 0 | U12: =COUNTIF(INDIRECT("'"&$D12&"'!"&U$8),"Block") -> 0 | V12: =SUM(W12:Y12) -> 0 | W12: =COUNTIF(INDIRECT("'"&$D12&"'!"&Z$8),"Pass") -> 0 | X12: =COUNTIF(INDIRECT("'"&$D12&"'!"&Z$8),"Fail") -> 0 | Y12: =COUNTIF(INDIRECT("'"&$D12&"'!"&Z$8),"N/A") -> 0 | Z12: =COUNTIF(INDIRECT("'"&$D12&"'!"&Z$8),"Block") -> 0 | AA12: =SUM(AB12:AD12) -> 0 | AB12: =COUNTIF(INDIRECT("'"&$D12&"'!"&AE$8),"Pass") -> 0 | AC12: =COUNTIF(INDIRECT("'"&$D12&"'!"&AE$8),"Fail") -> 0 | AD12: =COUNTIF(INDIRECT("'"&$D12&"'!"&AE$8),"N/A") -> 0 | AE12: =COUNTIF(INDIRECT("'"&$D12&"'!"&AE$8),"Block") -> 0 | AF12: =SUM(AG12:AI12) -> 0 | AG12: =COUNTIF(INDIRECT("'"&$D12&"'!"&AJ$8),"Pass") -> 0 | AH12: =COUNTIF(INDIRECT("'"&$D12&"'!"&AJ$8),"Fail") -> 0 | AI12: =COUNTIF(INDIRECT("'"&$D12&"'!"&AJ$8),"N/A") -> 0 | AJ12: =COUNTIF(INDIRECT("'"&$D12&"'!"&AJ$8),"Block") -> 0 | AK12: =SUM(AL12:AN12) -> 0 | AL12: =COUNTIF(INDIRECT("'"&$D12&"'!"&AO$8),"Pass") -> 0 | AM12: =COUNTIF(INDIRECT("'"&$D12&"'!"&AO$8),"Fail") -> 0 | AN12: =COUNTIF(INDIRECT("'"&$D12&"'!"&AO$8),"N/A") -> 0 | AO12: =COUNTIF(INDIRECT("'"&$D12&"'!"&AO$8),"Block") -> 0 | AP12: =SUM(AQ12:AS12) -> 0 | AQ12: =COUNTIF(INDIRECT("'"&$D12&"'!"&AT$8),"Pass") -> 0 | AR12: =COUNTIF(INDIRECT("'"&$D12&"'!"&AT$8),"Fail") -> 0 | AS12: =COUNTIF(INDIRECT("'"&$D12&"'!"&AT$8),"N/A") -> 0 | AT12: =COUNTIF(INDIRECT("'"&$D12&"'!"&AT$8),"Block") -> 0 | AU12: =SUM(AV12:AX12) -> 0 | AV12: =COUNTIF(INDIRECT("'"&$D12&"'!"&AY$8),"Pass") -> 0 | AW12: =COUNTIF(INDIRECT("'"&$D12&"'!"&AY$8),"Fail") -> 0 | AX12: =COUNTIF(INDIRECT("'"&$D12&"'!"&AY$8),"N/A") -> 0 | AY12: =COUNTIF(INDIRECT("'"&$D12&"'!"&AY$8),"Block") -> 0 | AZ12: =SUM(BA12:BC12) -> 0 | BA12: =COUNTIF(INDIRECT("'"&$D12&"'!"&BD$8),"Pass") -> 0 | BB12: =COUNTIF(INDIRECT("'"&$D12&"'!"&BD$8),"Fail") -> 0 | BC12: =COUNTIF(INDIRECT("'"&$D12&"'!"&BD$8),"N/A") -> 0 | BD12: =COUNTIF(INDIRECT("'"&$D12&"'!"&BD$8),"Block") -> 0
B13: 4 | C13: TC_04 | D13: Hyper Fast | E13: Hyper Fast | F13: =COUNTIF(INDIRECT("'"&D13&"'!A:A"),C13&"*") -> 40 | G13: =SUM(H13:J13) -> 13 | H13: =COUNTIF(INDIRECT("'"&$D13&"'!"&K$8),"Pass") -> 13 | I13: =COUNTIF(INDIRECT("'"&$D13&"'!"&K$8),"Fail") -> 0 | J13: =COUNTIF(INDIRECT("'"&$D13&"'!"&K$8),"N/A") -> 0 | K13: =COUNTIF(INDIRECT("'"&$D13&"'!"&K$8),"Block") -> 27 | L13: =SUM(M13:O13) -> 0 | M13: =COUNTIF(INDIRECT("'"&$D13&"'!"&P$8),"Pass") -> 0 | N13: =COUNTIF(INDIRECT("'"&$D13&"'!"&P$8),"Fail") -> 0 | O13: =COUNTIF(INDIRECT("'"&$D13&"'!"&P$8),"N/A") -> 0 | P13: =COUNTIF(INDIRECT("'"&$D13&"'!"&P$8),"Block") -> 0 | Q13: =SUM(R13:T13) -> 0 | R13: =COUNTIF(INDIRECT("'"&$D13&"'!"&U$8),"Pass") -> 0 | S13: =COUNTIF(INDIRECT("'"&$D13&"'!"&U$8),"Fail") -> 0 | T13: =COUNTIF(INDIRECT("'"&$D13&"'!"&U$8),"N/A") -> 0 | U13: =COUNTIF(INDIRECT("'"&$D13&"'!"&U$8),"Block") -> 0 | V13: =SUM(W13:Y13) -> 0 | W13: =COUNTIF(INDIRECT("'"&$D13&"'!"&Z$8),"Pass") -> 0 | X13: =COUNTIF(INDIRECT("'"&$D13&"'!"&Z$8),"Fail") -> 0 | Y13: =COUNTIF(INDIRECT("'"&$D13&"'!"&Z$8),"N/A") -> 0 | Z13: =COUNTIF(INDIRECT("'"&$D13&"'!"&Z$8),"Block") -> 0 | AA13: =SUM(AB13:AD13) -> 0 | AB13: =COUNTIF(INDIRECT("'"&$D13&"'!"&AE$8),"Pass") -> 0 | AC13: =COUNTIF(INDIRECT("'"&$D13&"'!"&AE$8),"Fail") -> 0 | AD13: =COUNTIF(INDIRECT("'"&$D13&"'!"&AE$8),"N/A") -> 0 | AE13: =COUNTIF(INDIRECT("'"&$D13&"'!"&AE$8),"Block") -> 0 | AF13: =SUM(AG13:AI13) -> 0 | AG13: =COUNTIF(INDIRECT("'"&$D13&"'!"&AJ$8),"Pass") -> 0 | AH13: =COUNTIF(INDIRECT("'"&$D13&"'!"&AJ$8),"Fail") -> 0 | AI13: =COUNTIF(INDIRECT("'"&$D13&"'!"&AJ$8),"N/A") -> 0 | AJ13: =COUNTIF(INDIRECT("'"&$D13&"'!"&AJ$8),"Block") -> 0 | AK13: =SUM(AL13:AN13) -> 0 | AL13: =COUNTIF(INDIRECT("'"&$D13&"'!"&AO$8),"Pass") -> 0 | AM13: =COUNTIF(INDIRECT("'"&$D13&"'!"&AO$8),"Fail") -> 0 | AN13: =COUNTIF(INDIRECT("'"&$D13&"'!"&AO$8),"N/A") -> 0 | AO13: =COUNTIF(INDIRECT("'"&$D13&"'!"&AO$8),"Block") -> 0 | AP13: =SUM(AQ13:AS13) -> 0 | AQ13: =COUNTIF(INDIRECT("'"&$D13&"'!"&AT$8),"Pass") -> 0 | AR13: =COUNTIF(INDIRECT("'"&$D13&"'!"&AT$8),"Fail") -> 0 | AS13: =COUNTIF(INDIRECT("'"&$D13&"'!"&AT$8),"N/A") -> 0 | AT13: =COUNTIF(INDIRECT("'"&$D13&"'!"&AT$8),"Block") -> 0 | AU13: =SUM(AV13:AX13) -> 0 | AV13: =COUNTIF(INDIRECT("'"&$D13&"'!"&AY$8),"Pass") -> 0 | AW13: =COUNTIF(INDIRECT("'"&$D13&"'!"&AY$8),"Fail") -> 0 | AX13: =COUNTIF(INDIRECT("'"&$D13&"'!"&AY$8),"N/A") -> 0 | AY13: =COUNTIF(INDIRECT("'"&$D13&"'!"&AY$8),"Block") -> 0 | AZ13: =SUM(BA13:BC13) -> 0 | BA13: =COUNTIF(INDIRECT("'"&$D13&"'!"&BD$8),"Pass") -> 0 | BB13: =COUNTIF(INDIRECT("'"&$D13&"'!"&BD$8),"Fail") -> 0 | BC13: =COUNTIF(INDIRECT("'"&$D13&"'!"&BD$8),"N/A") -> 0 | BD13: =COUNTIF(INDIRECT("'"&$D13&"'!"&BD$8),"Block") -> 0
B14: 5 | C14: TC_05 | D14: Chi tiết các dịch vụ SA | E14: Chi tiết các dịch vụ SA | F14: {=COUNTIF(INDIRECT("'"&D14&"'!A:A"),C14&"*")*3} -> 150 | G14: =SUM(H14:J14) -> 144 | H14: =COUNTIF(INDIRECT("'"&$D14&"'!"&K$8),"Pass") -> 144 | I14: =COUNTIF(INDIRECT("'"&$D14&"'!"&K$8),"Fail") -> 0 | J14: =COUNTIF(INDIRECT("'"&$D14&"'!"&K$8),"N/A") -> 0 | K14: =COUNTIF(INDIRECT("'"&$D14&"'!"&K$8),"Block") -> 6 | L14: =SUM(M14:O14) -> 0 | M14: =COUNTIF(INDIRECT("'"&$D14&"'!"&P$8),"Pass") -> 0 | N14: =COUNTIF(INDIRECT("'"&$D14&"'!"&P$8),"Fail") -> 0 | O14: =COUNTIF(INDIRECT("'"&$D14&"'!"&P$8),"N/A") -> 0 | P14: =COUNTIF(INDIRECT("'"&$D14&"'!"&P$8),"Block") -> 0 | Q14: =SUM(R14:T14) -> 0 | R14: =COUNTIF(INDIRECT("'"&$D14&"'!"&U$8),"Pass") -> 0 | S14: =COUNTIF(INDIRECT("'"&$D14&"'!"&U$8),"Fail") -> 0 | T14: =COUNTIF(INDIRECT("'"&$D14&"'!"&U$8),"N/A") -> 0 | U14: =COUNTIF(INDIRECT("'"&$D14&"'!"&U$8),"Block") -> 0 | V14: =SUM(W14:Y14) -> 0 | W14: =COUNTIF(INDIRECT("'"&$D14&"'!"&Z$8),"Pass") -> 0 | X14: =COUNTIF(INDIRECT("'"&$D14&"'!"&Z$8),"Fail") -> 0 | Y14: =COUNTIF(INDIRECT("'"&$D14&"'!"&Z$8),"N/A") -> 0 | Z14: =COUNTIF(INDIRECT("'"&$D14&"'!"&Z$8),"Block") -> 0 | AA14: =SUM(AB14:AD14) -> 0 | AB14: =COUNTIF(INDIRECT("'"&$D14&"'!"&AE$8),"Pass") -> 0 | AC14: =COUNTIF(INDIRECT("'"&$D14&"'!"&AE$8),"Fail") -> 0 | AD14: =COUNTIF(INDIRECT("'"&$D14&"'!"&AE$8),"N/A") -> 0 | AE14: =COUNTIF(INDIRECT("'"&$D14&"'!"&AE$8),"Block") -> 0 | AF14: =SUM(AG14:AI14) -> 0 | AG14: =COUNTIF(INDIRECT("'"&$D14&"'!"&AJ$8),"Pass") -> 0 | AH14: =COUNTIF(INDIRECT("'"&$D14&"'!"&AJ$8),"Fail") -> 0 | AI14: =COUNTIF(INDIRECT("'"&$D14&"'!"&AJ$8),"N/A") -> 0 | AJ14: =COUNTIF(INDIRECT("'"&$D14&"'!"&AJ$8),"Block") -> 0 | AK14: =SUM(AL14:AN14) -> 0 | AL14: =COUNTIF(INDIRECT("'"&$D14&"'!"&AO$8),"Pass") -> 0 | AM14: =COUNTIF(INDIRECT("'"&$D14&"'!"&AO$8),"Fail") -> 0 | AN14: =COUNTIF(INDIRECT("'"&$D14&"'!"&AO$8),"N/A") -> 0 | AO14: =COUNTIF(INDIRECT("'"&$D14&"'!"&AO$8),"Block") -> 0 | AP14: =SUM(AQ14:AS14) -> 0 | AQ14: =COUNTIF(INDIRECT("'"&$D14&"'!"&AT$8),"Pass") -> 0 | AR14: =COUNTIF(INDIRECT("'"&$D14&"'!"&AT$8),"Fail") -> 0 | AS14: =COUNTIF(INDIRECT("'"&$D14&"'!"&AT$8),"N/A") -> 0 | AT14: =COUNTIF(INDIRECT("'"&$D14&"'!"&AT$8),"Block") -> 0 | AU14: =SUM(AV14:AX14) -> 0 | AV14: =COUNTIF(INDIRECT("'"&$D14&"'!"&AY$8),"Pass") -> 0 | AW14: =COUNTIF(INDIRECT("'"&$D14&"'!"&AY$8),"Fail") -> 0 | AX14: =COUNTIF(INDIRECT("'"&$D14&"'!"&AY$8),"N/A") -> 0 | AY14: =COUNTIF(INDIRECT("'"&$D14&"'!"&AY$8),"Block") -> 0 | AZ14: =SUM(BA14:BC14) -> 0 | BA14: =COUNTIF(INDIRECT("'"&$D14&"'!"&BD$8),"Pass") -> 0 | BB14: =COUNTIF(INDIRECT("'"&$D14&"'!"&BD$8),"Fail") -> 0 | BC14: =COUNTIF(INDIRECT("'"&$D14&"'!"&BD$8),"N/A") -> 0 | BD14: =COUNTIF(INDIRECT("'"&$D14&"'!"&BD$8),"Block") -> 0
B15: 4 | C15: TC_06 | D15: Trang tổng hợp dịch vụ | E15: Trang tổng hợp dịch vụ | F15: {=COUNTIF(INDIRECT("'"&D15&"'!A:A"),C15&"*")} -> 110 | G15: =SUM(H15:J15) -> 109 | H15: =COUNTIF(INDIRECT("'"&$D15&"'!"&K$8),"Pass") -> 108 | I15: =COUNTIF(INDIRECT("'"&$D15&"'!"&K$8),"Fail") -> 0 | J15: =COUNTIF(INDIRECT("'"&$D15&"'!"&K$8),"N/A") -> 1 | K15: =COUNTIF(INDIRECT("'"&$D15&"'!"&K$8),"Block") -> 1 | L15: =SUM(M15:O15) -> 0 | M15: =COUNTIF(INDIRECT("'"&$D15&"'!"&P$8),"Pass") -> 0 | N15: =COUNTIF(INDIRECT("'"&$D15&"'!"&P$8),"Fail") -> 0 | O15: =COUNTIF(INDIRECT("'"&$D15&"'!"&P$8),"N/A") -> 0 | P15: =COUNTIF(INDIRECT("'"&$D15&"'!"&P$8),"Block") -> 0 | Q15: =SUM(R15:T15) -> 0 | R15: =COUNTIF(INDIRECT("'"&$D15&"'!"&U$8),"Pass") -> 0 | S15: =COUNTIF(INDIRECT("'"&$D15&"'!"&U$8),"Fail") -> 0 | T15: =COUNTIF(INDIRECT("'"&$D15&"'!"&U$8),"N/A") -> 0 | U15: =COUNTIF(INDIRECT("'"&$D15&"'!"&U$8),"Block") -> 0 | V15: =SUM(W15:Y15) -> 0 | W15: =COUNTIF(INDIRECT("'"&$D15&"'!"&Z$8),"Pass") -> 0 | X15: =COUNTIF(INDIRECT("'"&$D15&"'!"&Z$8),"Fail") -> 0 | Y15: =COUNTIF(INDIRECT("'"&$D15&"'!"&Z$8),"N/A") -> 0 | Z15: =COUNTIF(INDIRECT("'"&$D15&"'!"&Z$8),"Block") -> 0 | AA15: =SUM(AB15:AD15) -> 0 | AB15: =COUNTIF(INDIRECT("'"&$D15&"'!"&AE$8),"Pass") -> 0 | AC15: =COUNTIF(INDIRECT("'"&$D15&"'!"&AE$8),"Fail") -> 0 | AD15: =COUNTIF(INDIRECT("'"&$D15&"'!"&AE$8),"N/A") -> 0 | AE15: =COUNTIF(INDIRECT("'"&$D15&"'!"&AE$8),"Block") -> 0 | AF15: =SUM(AG15:AI15) -> 0 | AG15: =COUNTIF(INDIRECT("'"&$D15&"'!"&AJ$8),"Pass") -> 0 | AH15: =COUNTIF(INDIRECT("'"&$D15&"'!"&AJ$8),"Fail") -> 0 | AI15: =COUNTIF(INDIRECT("'"&$D15&"'!"&AJ$8),"N/A") -> 0 | AJ15: =COUNTIF(INDIRECT("'"&$D15&"'!"&AJ$8),"Block") -> 0 | AK15: =SUM(AL15:AN15) -> 0 | AL15: =COUNTIF(INDIRECT("'"&$D15&"'!"&AO$8),"Pass") -> 0 | AM15: =COUNTIF(INDIRECT("'"&$D15&"'!"&AO$8),"Fail") -> 0 | AN15: =COUNTIF(INDIRECT("'"&$D15&"'!"&AO$8),"N/A") -> 0 | AO15: =COUNTIF(INDIRECT("'"&$D15&"'!"&AO$8),"Block") -> 0 | AP15: =SUM(AQ15:AS15) -> 0 | AQ15: =COUNTIF(INDIRECT("'"&$D15&"'!"&AT$8),"Pass") -> 0 | AR15: =COUNTIF(INDIRECT("'"&$D15&"'!"&AT$8),"Fail") -> 0 | AS15: =COUNTIF(INDIRECT("'"&$D15&"'!"&AT$8),"N/A") -> 0 | AT15: =COUNTIF(INDIRECT("'"&$D15&"'!"&AT$8),"Block") -> 0 | AU15: =SUM(AV15:AX15) -> 0 | AV15: =COUNTIF(INDIRECT("'"&$D15&"'!"&AY$8),"Pass") -> 0 | AW15: =COUNTIF(INDIRECT("'"&$D15&"'!"&AY$8),"Fail") -> 0 | AX15: =COUNTIF(INDIRECT("'"&$D15&"'!"&AY$8),"N/A") -> 0 | AY15: =COUNTIF(INDIRECT("'"&$D15&"'!"&AY$8),"Block") -> 0 | AZ15: =SUM(BA15:BC15) -> 0 | BA15: =COUNTIF(INDIRECT("'"&$D15&"'!"&BD$8),"Pass") -> 0 | BB15: =COUNTIF(INDIRECT("'"&$D15&"'!"&BD$8),"Fail") -> 0 | BC15: =COUNTIF(INDIRECT("'"&$D15&"'!"&BD$8),"N/A") -> 0 | BD15: =COUNTIF(INDIRECT("'"&$D15&"'!"&BD$8),"Block") -> 0
B16: Total | F16: =SUM(F10:F15) -> 646 | G16: =SUM(G10:G15) -> 549 | H16: =SUM(H10:H14) -> 439 | I16: =SUM(I10:I15) -> 0 | J16: =SUM(J10:J15) -> 2 | K16: =SUM(K10:K15) -> 97 | L16: =SUM(L10) -> 0 | M16: =SUM(M10) -> 0 | N16: =SUM(N10) -> 0 | O16: =SUM(O10) -> 0 | P16: =SUM(P10) -> 0 | Q16: =SUM(Q10) -> 0 | R16: =SUM(R10) -> 0 | S16: =SUM(S10) -> 0 | ... BD16: =SUM(BD10) -> 0
B17: Rate (%) | G17: =IFERROR(G16/$F$16,0) -> 0.8498452 | H17: =IFERROR(H16/G$16,0) -> 0.7996357 | I17: =IFERROR(I16/G$16,0) -> 0 | J17: =IFERROR(J16/G$16,0) -> 0.0036429873 | K17: =IFERROR(K16/$F$16,0) -> 0.1501548 | L17: =IFERROR(L16/$F$16,0) -> 0 | M17: =IFERROR(M16/L$16,0) -> 0 | N17: =IFERROR(N16/L$16,0) -> 0 | O17: =IFERROR(O16/L$16,0) -> 0 | P17: =IFERROR(P16/$F$16,0) -> 0 | Q17: =IFERROR(Q16/$F$16,0) -> 0 | R17: =IFERROR(R16/Q$16,0) -> 0 | S17: =IFERROR(S16/Q$16,0) -> 0 | T17: =IFERROR(T16/Q$16,0) -> 0 | U17: =IFERROR(U16/$F$16,0) -> 0 | V17: =IFERROR(V16/$F$16,0) -> 0 | W17: =IFERROR(W16/V$16,0) -> 0 | X17: =IFERROR(X16/V$16,0) -> 0 | Y17: =IFERROR(Y16/V$16,0) -> 0 | Z17: =IFERROR(Z16/$F$16,0) -> 0 | AA17: =IFERROR(AA16/$F$16,0) -> 0 | AB17: =IFERROR(AB16/AA$16,0) -> 0 | AC17: =IFERROR(AC16/AA$16,0) -> 0 | AD17: =IFERROR(AD16/AA$16,0) -> 0 | AE17: =IFERROR(AE16/$F$16,0) -> 0 | AF17: =IFERROR(AF16/$F$16,0) -> 0 | AG17: =IFERROR(AG16/AF$16,0) -> 0 | AH17: =IFERROR(AH16/AF$16,0) -> 0 | AI17: =IFERROR(AI16/AF$16,0) -> 0 | AJ17: =IFERROR(AJ16/$F$16,0) -> 0 | AK17: =IFERROR(AK16/$F$16,0) -> 0 | AL17: =IFERROR(AL16/AK$16,0) -> 0 | AM17: =IFERROR(AM16/AK$16,0) -> 0 | AN17: =IFERROR(AN16/AK$16,0) -> 0 | AO17: =IFERROR(AO16/$F$16,0) -> 0 | AP17: =IFERROR(AP16/$F$16,0) -> 0 | AQ17: =IFERROR(AQ16/AP$16,0) -> 0 | AR17: =IFERROR(AR16/AP$16,0) -> 0 | AS17: =IFERROR(AS16/AP$16,0) -> 0 | AT17: =IFERROR(AT16/$F$16,0) -> 0 | AU17: =IFERROR(AU16/$F$16,0) -> 0 | AV17: =IFERROR(AV16/AU$16,0) -> 0 | AW17: =IFERROR(AW16/AU$16,0) -> 0 | AX17: =IFERROR(AX16/AU$16,0) -> 0 | AY17: =IFERROR(AY16/$F$16,0) -> 0 | AZ17: =IFERROR(AZ16/$F$16,0) -> 0 | BA17: =IFERROR(BA16/AZ$16,0) -> 0 | BB17: =IFERROR(BB16/AZ$16,0) -> 0 | BC17: =IFERROR(BC16/AZ$16,0) -> 0 | BD17: =IFERROR(BD16/$F$16,0) -> 0

Sheet Thông tin chung
A3: Mã chức năng (Function ID) | C3: TC_01
A4: Tên chức năng (Function Name) | C4: Thông tin chung
A7: Testcase ID | B7: Mức Độ Ưu Tiên (Priority) | C7: Nội Dung Test (Test Title) | D7: Điều Kiện/ Dữ Liệu Test (Pre-condition/ Test Data) | E7: Các Bước Thực Hiện (Test Steps) | F7: Kết Quả Mong Đợi (Expected Results) | G7: =Summary!G8 -> Round 1 (09/04/2026 - 15/04/2026) | M7: =Summary!L8 -> Round 2 (dd/mm/yyyy - dd/mm/yyyy) | Q7: =Summary!Q8 -> Round 3(dd/mm/yyyy - dd/mm/yyyy) | U7: =Summary!V8 -> Round 4 (dd/mm/yyyy - dd/mm/yyyy)
G8: Kết Quả Thực Hiện (Actual Result) | J8: Người Thực Hiện (Executed By) | K8: ID Bugs | L8: Ghi Chú (Remark) | M8: Kết Quả Thực Hiện (Actual Result) | N8: Người Thực Hiện (Executed By) | O8: ID Bugs | P8: Ghi Chú (Remark) | Q8: Kết Quả Thực Hiện (Actual Result) | R8: Người Thực Hiện (Executed By) | S8: ID Bugs | T8: Ghi Chú (Remark) | U8: Kết Quả Thực Hiện (Actual Result) | V8: Người Thực Hiện (Executed By) | W8: ID Bugs | X8: Ghi Chú (Remark)
A9: Các dịch vụ cần test | G9: FPL | H9: Ultra Fast | I9: HyperFast
A10: Màn hình nhập thông tin
A11: Màn hình nhập thông tin - Header
A12: =IF(E12="","",$C$3&"."&COUNTA($E$12:E12)&"") -> TC_01.1 | B12: Medium | C12: Click vào Logo FPT Telecom | D12: - Đang ở màn hình nhập thông tin đăng ký/thanh toán | E12: 1. Click vào logo FPT Telecom | F12: - Truy cập link trực tiếp: Điều hướng vào màn hình Home fpt.vn - Truy cập từ tongdaiwifi: Điều hướng về home https://staging.tongdaiwifi.vn/ | G12: Pass | H12: Pass | I12: Pass | J12: AnhDC4
A13: =IF(E13="","",$C$3&"."&COUNTA($E$12:E13)&"") -> TC_01.2 | B13: Medium | C13: Click vào icon back_ từ Home truy cập trực tiếp link | D13: - Có link đăng ký dịch vụ | E13: 1. Mở trình duyệt 2. Truy cập trực tiếp link đăng ký dịch vụ 3. Click vào icon back | F13: Điều hướng vào màn hình Home fpt.vn | G13: Pass | H13: Pass | I13: Pass | J13: AnhDC4
A14: =IF(E14="","",$C$3&"."&COUNTA($E$12:E14)&"") -> TC_01.3 | B14: Medium | C14: Click vào icon back_ từ Home tongdaiwifi.vn | D14: - Đang ở màn hình nhập thông tin đăng ký/thanh toán | E14: 1. Mở trình duyệt 2. Truy cập trang tongdaiwifi.vn 3. Click btn Đăng ký ngay 4. Click vào icon back | F14: Điều hướng về home https://staging.tongdaiwifi.vn/ | G14: Pass | H14: Pass | I14: Pass | J14: AnhDC4
A15: Màn hình nhập thông tin - Tiến trình các bước
A16: =IF(E16="","",$C$3&"."&COUNTA($E$12:E16)&"") -> TC_01.4 | B16: Medium | C16: Check màu sắc mặc định tại các bước | D16: - Đang ở màn hình nhập thông tin đăng ký/thanh toán | E16: 1. Quan sát màu sắc tại các bước tiến trình. | F16: Hiển thị đúng màu sắc mặc định tại các bước. Gồm: + Bước 1: màu xanh dương + Bước 2,3: màu xám | G16: Pass | H16: Pass | I16: Pass | J16: AnhDC4 | L16: UltraFas, HyperFast, FPL 2 bước
A17: =IF(E17="","",$C$3&"."&COUNTA($E$12:E17)&"") -> TC_01.5 | B17: Medium | C17: Click vào các bước 1,2,3 khi đang ở bước 1 | D17: - Đang ở màn hình nhập thông tin đăng ký/thanh toán - Đang ở bước 1 | E17: 1. Click vào icon của các bước 1,2,3 | F17: Không có action nào, vẫn ở màn hình hiện tại | G17: Pass | H17: Pass | I17: Pass | J17: AnhDC4
A18: =IF(E18="","",$C$3&"."&COUNTA($E$12:E18)&"") -> TC_01.6 | B18: Medium | C18: Click vào bước 1 khi đang ở bước 2 | D18: - Đang ở màn hình nhập thông tin đăng ký/thanh toán - Hiển thị tiến trình 3 bước - Đang ở bước 2 | E18: 1. Click vào icon của bước 1 | F18: Cho phép quay về bước 1 khi click vào icon bước 1 | G18: Pass | H18: Pass | I18: Pass | J18: AnhDC4
A19: Màn hình nhập thông tin - Block Sản phẩm dịch vụ đã chọn
A20: =IF(E20="","",$C$3&"."&COUNTA($E$9:E20)&"") -> TC_01.7 | B20: Medium | C20: Check load Số lượng gói dịch vụ | D20: Chọn 1 gói dịch vụ SA ở màn hình Chi tiết dịch vụ | E20: 1. Truy cập màn hình Thanh toán dịch vụ 2. Tại block Sản phẩm dịch vụ đã chọn 3. Check load Số lượng gói dịch vụ | F20: Hiển thị đúng số lượng gói dịch vụ đã chọn | G20: Pass | H20: Pass | I20: Pass | J20: AnhDC4
A21: =IF(E21="","",$C$3&"."&COUNTA($E$9:E21)&"") -> TC_01.8 | B21: Medium | C21: Check load data Gói dịch vụ | D21: Chọn 1 gói dịch vụ SA ở màn hình Chi tiết dịch vụ | E21: 1. Truy cập màn hình Thanh toán dịch vụ 2. Tại block Sản phẩm dịch vụ đã chọn 3. Check hiển thị các trường trong block Sản phẩm dịch vụ đã chọn | F21: Hệ thống hiển thị lại gói khách hàng đã chọn | G21: Pass | H21: Pass | I21: Pass | J21: AnhDC4
A22: =IF(E22="","",$C$3&"."&COUNTA($E$9:E22)&"") -> TC_01.9 | B22: Medium | C22: Check load Chu kỳ gói dịch vụ | D22: Chọn 1 gói dịch vụ SA ở màn hình Chi tiết dịch vụ | E22: 1. Truy cập màn hình Thanh toán dịch vụ 2. Tại block Sản phẩm dịch vụ đã chọn 3. Check load Chu kỳ gói dịch vụ | F22: Hệ thống hiển thị đúng chu kỳ đã chọn, ví dụ: 3 tháng, 6 tháng, 12 tháng. | G22: Pass | H22: Pass | I22: Pass | J22: AnhDC4
A23: =IF(E23="","",$C$3&"."&COUNTA($E$9:E23)&"") -> TC_01.10 | B23: Medium | C23: Check load Giá gói dịch vụ | D23: Chọn 1 gói dịch vụ SA ở màn hình Chi tiết dịch vụ | E23: 1. Truy cập màn hình Thanh toán dịch vụ 2. Tại block Sản phẩm dịch vụ đã chọn 3. Check load Giá gói dịch vụ | F23: Hệ thống hiển thị giá của gói đã chọn. Nếu có ưu đãi, hệ thống hiển thị giá sau ưu đãi. | G23: Pass | H23: Pass | I23: Pass | J23: AnhDC4 | L23: không hiển thị giá ưu đãi
A24: =IF(E24="","",$C$3&"."&COUNTA($E$9:E24)&"") -> TC_01.11 | B24: Medium | C24: Check load icon Gói dịch vụ | D24: Chọn 1 gói dịch vụ SA ở màn hình Chi tiết dịch vụ | E24: 1. Truy cập màn hình Thanh toán dịch vụ 2. Tại block Sản phẩm dịch vụ đã chọn 3. Check icon Gói dịch vụ | F24: Hiển thị đúng hình ảnh theo config Product Hub | G24: Pass | H24: Pass | I24: Pass | J24: AnhDC4
A25: Màn hình nhập thông tin - Block Thông tin Cá nhân
B26: Họ Tên (NET, ComBo Net)
B27: Medium | C27: Check khung viền màu xanh khi click chuột vào các trường Họ tên | D27: - Đang ở màn hình nhập thông tin đăng ký/thanh toán - Đang đăng ký dịch vụ NET/Combo net | E27: 1. Click vào trường Họ tên 2. Check hiển thị viền xanh | F27: Hiển thị viền màu xanh của trường | G27: none | H27: none | I27: none | K27: UltraFast/SA/HyperFast không có trường Họ tên
B28: Medium | C28: Check btn x trong trường Họ tên | D28: - Đang ở màn hình nhập thông tin đăng ký/thanh toán - Đang đăng ký dịch vụ NET/Combo net | E28: 1. Nhập 1 ký tự bất kỳ tại trường Họ tên 2. Check hiển thị icon x | F28: Hiển thị icon X khi nhập ký tự bất kỳ | G28: none | H28: none | I28: none | K28: UltraFast/SA/HyperFast không có trường Họ tên
B29: Medium | C29: Click btn x trong trường Họ tên | D29: - Đang ở màn hình nhập thông tin đăng ký/thanh toán - Đang đăng ký dịch vụ NET/Combo net | E29: 1. Nhập 1 ký tự bất kỳ tại trường Họ tên 2. Click icon x | F29: Xóa toàn bộ kí tự trong trường Họ tên và ẩn icon X | G29: none | H29: none | I29: none | K29: UltraFast/SA/HyperFast không có trường Họ tên
B30: Medium | C30: Check trường Họ tên để trống | D30: - Đang ở màn hình nhập thông tin đăng ký/thanh toán - Đang đăng ký dịch vụ NET/Combo net | E30: 1. Click vào trường Họ tên và không nhập data 2. Click ra ngoài trường Họ tên | F30: Border đỏ trường họ tên và thông báo " Vui lòng nhập họ và tên." | G30: none | H30: none | I30: none | K30: UltraFast/SA/HyperFast không có trường Họ tên
B31: Medium | C31: Check trường Họ tên nhập khoảng trắng | D31: - Đang ở màn hình nhập thông tin đăng ký/thanh toán - Đang đăng ký dịch vụ NET/Combo net | E31: 1. Click vào trường Họ tên 2. Nhập khoảng trắng 3. Click ra ngoài trường Họ tên | F31: Border đỏ trường họ tên và thông báo " Vui lòng nhập họ và tên." | G31: none | H31: none | I31: none | K31: UltraFast/SA/HyperFast không có trường Họ tên
B32: Medium | C32: Check nhập Họ tên có khoảng trắng đầu cuối | D32: - Đang ở màn hình nhập thông tin đăng ký/thanh toán - Đang đăng ký dịch vụ NET/Combo net | E32: 1. Nhập Họ tên có khoảng trắng đầu cuối 2. Nhập các trường bắt buộc khác 3. Btn Tiếp tục | F32: Cho phép qua màn hình tiếp theo không báo lỗi (khi submit sẽ trim khoảng trắng đi) | G32: none | H32: none | I32: none | K32: UltraFast/SA/HyperFast không có trường Họ tên
B33: Medium | C33: Check nhập hoặc copy-paste Họ tên có ký tự đặc biệt', số | D33: - Đang ở màn hình nhập thông tin đăng ký/thanh toán - Đang đăng ký dịch vụ NET/Combo net | E33: 1. Nhập/copy-paste họ tên có ký tự đặc biệt 2. Nhập các trường bắt buộc khác 3. Btn Tiếp tục | F33: Hiển thị thông báo "Họ tên không hợp lệ" * chỉ được nhận chữ + khoảng trắng | G33: none | H33: none | I33: none | K33: UltraFast/SA/HyperFast không có trường Họ tên
B34: Medium | C34: Check nhập/copy-paste Họ tên > 100 ký tự | D34: - Đang ở màn hình nhập thông tin đăng ký/thanh toán - Đang đăng ký dịch vụ NET/Combo net | E34: 1. Nhập/copy-paste Họ tên > 100 ký tự | F34: Chỉ cho phép nhập và hiển thị 100 ký tự | G34: none | H34: none | I34: none | K34: UltraFast/SA/HyperFast không có trường Họ tên
B35: Số điện thoại (Tất cả dịch vụ)
A36: =IF(E36="","",$C$3&"."&COUNTA($E$9:E36)&"") -> TC_01.20 | B36: Medium | C36: Check btn x trong trường Số điện thoại | D36: - Đang ở màn hình nhập thông tin đăng ký/thanh toán - Đang đăng ký dịch vụ bất kỳ | E36: 1. Nhập 1 số bất kỳ tại trường Số điện thoại 2. Check hiển thị icon x | F36: Hiển thị icon X khi nhập ký tự bất kỳ | G36: Pass | H36: Pass | I36: Pass | J36: AnhDC4
A37: =IF(E37="","",$C$3&"."&COUNTA($E$12:E37)&"") -> TC_01.21 | B37: Medium | C37: Click btn x trong trường số điện thoại | D37: - Đang ở màn hình nhập thông tin đăng ký/thanh toán - Đang đăng ký dịch vụ bất kỳ | E37: 1. Nhập số bất kỳ tại trường Số điện thoại 2. Click icon x | F37: Xóa toàn bộ kí tự trong trường Số điện thoại và ẩn icon X | G37: Pass | H37: Pass | I37: Pass | J37: AnhDC4
A38: =IF(E38="","",$C$3&"."&COUNTA($E$12:E38)&"") -> TC_01.22 | B38: Medium | C38: Check trường Số điện thoại để trống | D38: - Đang ở màn hình nhập thông tin đăng ký/thanh toán - Đang đăng ký dịch vụ bất kỳ | E38: 1. Click vào trường Số điện thoại và không nhập data 2. Click ra ngoài trường Số điện thoại | F38: Border đỏ trường số điện thoại và thông báo "Vui lòng nhập số điện thoại." | G38: Pass | H38: Pass | I38: Pass | J38: AnhDC4
A39: =IF(E39="","",$C$3&"."&COUNTA($E$12:E39)&"") -> TC_01.23 | B39: Medium | C39: Check nhập hoặc copy-paste Số điện thoại có chứa ký tự bất kỳ không phải là số | D39: - Đang ở màn hình nhập thông tin đăng ký/thanh toán - Đang đăng ký dịch vụ bất kỳ | E39: 1. Nhập/copy-paste Số điện thoại có ký tự không phải số | F39: Hiển thị thông báo "Số điện thoại không hợp lệ" | G39: Pass | H39: Pass | I39: Pass | J39: AnhDC4 | L39: show thông báo lỗi khi click button thanh toán
A40: =IF(E40="","",$C$3&"."&COUNTA($E$12:E40)&"") -> TC_01.24 | B40: Medium | C40: Check nhập Số điện thoại = 10 số nhưng số đầu tiên khác 0 | D40: - Đang ở màn hình nhập thông tin đăng ký/thanh toán - Đang đăng ký dịch vụ bất kỳ | E40: 1. Nhập Số điện thoại có 10 số nhưng có số đầu tiên khác 0 | F40: Hiển thị thông báo "Số điện thoại không hợp lệ" | G40: Pass | H40: Pass | I40: Pass | J40: AnhDC4
A41: =IF(E41="","",$C$3&"."&COUNTA($E$12:E41)&"") -> TC_01.25 | B41: Medium | C41: Check nhập hoặc copy-paste Số điện thoại dài hơn >10 chữ số | D41: - Đang ở màn hình nhập thông tin đăng ký/thanh toán - Đang đăng ký dịch vụ bất kỳ | E41: 1. Nhập /copy-paste Số điện thoại dài hơn >10 chữ số | F41: Chỉ hiển thị 10 chữ số, tự động cắt bỏ từ số 11 | G41: Pass | H41: Pass | I41: Pass | J41: AnhDC4
B42: Email (Hyperfast)
A43: =IF(E43="","",$C$3&"."&COUNTA($E$12:E43)&"") -> TC_01.26 | B43: Low | C43: Check placeholder tại trường Email | D43: - Đang ở màn hình nhập thông tin đăng ký/thanh toán - Đăng ký dịch vụ Hyperfast/UltraFast | E43: 1. Quan sát tại trường Email khi chưa nhập data | F43: Placeholder hiển thị "Nhập email" đúng gợi ý nhập email (VD: 'Acb@gmail.com') | G43: none | H43: Pass | I43: Pass | J43: AnhDC4 | L43: FPL ko có trường này Placeholder hiển thị "Nhập email"
A44: =IF(E44="","",$C$3&"."&COUNTA($E$12:E44)&"") -> TC_01.27 | B44: Medium | C44: Check btn x trong trường Email | D44: - Đang ở màn hình nhập thông tin đăng ký/thanh toán - Đăng ký dịch vụ Hyperfast/UltraFast | E44: 1. Nhập 1 ký tự bất kỳ tại trường Email 2. Check hiển thị icon x | F44: Hiển thị icon X khi nhập ký tự bất kỳ | G44: none | H44: Pass | I44: Pass | J44: AnhDC4
A45: =IF(E45="","",$C$3&"."&COUNTA($E$12:E45)&"") -> TC_01.28 | B45: Medium | C45: Click btn x trong trường Email | D45: - Đang ở màn hình nhập thông tin đăng ký/thanh toán - Đăng ký dịch vụ Hyperfast/UltraFast | E45: 1. Nhập email bất kỳ tại trường Email 2. Click icon x | F45: Xóa toàn bộ ký tự trong trường Email và ẩn icon X | G45: none | H45: Pass | I45: Pass | J45: AnhDC4
A46: =IF(E46="","",$C$3&"."&COUNTA($E$12:E46)&"") -> TC_01.29 | B46: Medium | C46: Check trường Email để trống | D46: - Đang ở màn hình nhập thông tin đăng ký/thanh toán - Đăng ký dịch vụ Hyperfast/UltraFast | E46: 1. Click vào trường Email nhập khoảng trắng hoặc không nhập data 2. Click ra ngoài trường Email | F46: Cho phép để trống trường Email | G46: none | H46: Pass | I46: Pass | J46: AnhDC4
A47: =IF(E47="","",$C$3&"."&COUNTA($E$12:E47)&"") -> TC_01.30 | B47: Medium | C47: Check nhập Email sai định dạng | D47: - Đang ở màn hình nhập thông tin đăng ký/thanh toán - Đăng ký dịch vụ Hyperfast/UltraFast | E47: 1. Nhập Email: 'email_sai_format' 2. Click ra ngoài trường Email | F47: Hiển thị lỗi: 'Email không hợp lệ' | G47: none | H47: Pass | I47: Pass | J47: AnhDC4
A48: =IF(E48="","",$C$3&"."&COUNTA($E$12:E48)&"") -> TC_01.31 | B48: Medium | C48: Check nhập Email không có domain (VD: test@) | D48: - Đang ở màn hình nhập thông tin đăng ký/thanh toán - Đăng ký dịch vụ Hyperfast/UltraFast | E48: 1. Nhập Email: 'test@' 2. Click ra ngoài trường Email | F48: Hiển thị lỗi: 'Email không hợp lệ' | G48: none | H48: Pass | I48: Pass | J48: AnhDC4
A49: =IF(E49="","",$C$3&"."&COUNTA($E$12:E49)&"") -> TC_01.32 | B49: Medium | C49: Check Email đã nhập hiển thị realtime sang block Thông tin lắp đặt bên phải | D49: - Đang ở màn hình nhập thông tin đăng ký/thanh toán - Đăng ký dịch vụ Hyperfast/UltraFast | E49: 1. Nhập Email: 'Acb@gmail.com' 2. Check block Thông tin lắp đặt bên phải | F49: Email 'Acb@gmail.com' hiển thị đúng trong block Thông tin lắp đặt ngay sau khi nhập | G49: none | H49: Pass | I49: Pass | J49: AnhDC4
A50: Màn hình nhập thông tin - Block Địa chỉ lắp đặt
B51: Tỉnh/Thành phố
A52: =IF(E52="","",$C$3&"."&COUNTA($E$12:E52)&"") -> TC_01.33 | B52: High | C52: Check dữ liệu mặc định các trường tại Tỉnh thành | D52: - Truy cập màn hình đăng ký dịch vụ/thanh toán - Block "Địa chỉ lắp đặt" đang hiển thị" | E52: 1. Check dữ liệu mặc định các trường tại Địa chỉ lắp đặt | F52: Mặc định load Tỉnh/Thành phố là rỗng | G52: Pass | H52: Pass | I52: none | J52: AnhDC4 | L52: HF không có trường này
A53: =IF(E53="","",$C$3&"."&COUNTA($E$12:E53)&"") -> TC_01.34 | B53: Low | C53: Check placeholder tại tỉnh/thành phố | D53: - Truy cập màn hình đăng ký dịch vụ/thanh toán - Block "Địa chỉ lắp đặt" đang hiển thị" - Chưa chọn Tỉnh/thành phố | E53: 1. Quan sát tại Tỉnh/Thành phố khi chưa chọn data | F53: Hiển thị Placeholder là ''Chọn tỉnh/thành phố" | G53: Pass | H53: Pass | I53: none | J53: AnhDC4 | L53: HF không có trường này
A54: =IF(E54="","",$C$3&"."&COUNTA($E$12:E54)&"") -> TC_01.35 | B54: Medium | C54: Check không chọn trường Tỉnh/ Thành phố | D54: - Truy cập màn hình đăng ký dịch vụ/thanh toán - Block "Địa chỉ lắp đặt" đang hiển thị" | E54: 1. Click trường Tỉnh/Thành phố 2. Click trường tỉnh/thành phố và không chọn data 3. Click ra ngoài trường Tỉnh/thành phố | F54: Hiển thị thông báo " Vui lòng chọn tỉnh/thành phố." | G54: Pass | H54: Pass | I54: none | J54: AnhDC4 | L54: HF không có trường này
A55: =IF(E55="","",$C$3&"."&COUNTA($E$12:E55)&"") -> TC_01.36 | B55: Medium | C55: Check Load data trường Tỉnh/ Thành phố | D55: - Truy cập màn hình đăng ký dịch vụ/thanh toán - Block "Địa chỉ lắp đặt" đang hiển thị" | E55: 1. Click trường Tỉnh/Thành phố 2. Check Load data trường Tỉnh/ Thành phố | F55: Hiển thị đúng, đủ thông tin tỉnh thành trên toàn quốc: theo DCHC mới Ưu tiên HCM, HN, Đà Nẵng load đầu danh sách | G55: Pass | H55: Pass | I55: none | J55: AnhDC4 | L55: HF không có trường này
A56: =IF(E56="","",$C$3&"."&COUNTA($E$12:E56)&"") -> TC_01.37 | B56: Medium | C56: Check tìm kiếm theo tên Tỉnh/ Thành phố | D56: - Truy cập màn hình đăng ký dịch vụ/thanh toán - Block "Địa chỉ lắp đặt" đang hiển thị" | E56: 1. Click trường Tỉnh/Thành phố 2. Nhập Tỉnh/ Thành phố cần tìm | F56: Hiển thị danh sách tỉnh/thành phố đúng với dữ liệu đã nhập | G56: Pass | H56: Pass | I56: none | J56: AnhDC4 | L56: HF không có trường này
A57: =IF(E57="","",$C$3&"."&COUNTA($E$12:E57)&"") -> TC_01.38 | B57: Medium | C57: Check chọn Tỉnh/ Thành phố | D57: - Truy cập màn hình đăng ký dịch vụ/thanh toán - Block "Địa chỉ lắp đặt" đang hiển thị" | E57: 1. Click trường Tỉnh/Thành phố 2. Click chọn tỉnh/thành phố bất kỳ | F57: Chỉ được chọn 1 và hiển thị đúng giá trị đã chọn | G57: Pass | H57: Pass | I57: none | J57: AnhDC4 | L57: HF không có trường này
A58: =IF(E58="","",$C$3&"."&COUNTA($E$12:E58)&"") -> TC_01.39 | B58: Medium | C58: Check load thêm các trường khi chọn Tỉnh/ Thành phố | D58: - Truy cập màn hình đăng ký dịch vụ/thanh toán - Block "Địa chỉ lắp đặt" đang hiển thị" | E58: 1. Click trường Tỉnh/Thành phố 2. Click chọn tỉnh/thành phố bất kỳ 3. Check hiển thị các trường thông tin tại Địa chỉ lắp đặt | F58: Block Địa chỉ lắp đặt hiển thị gồm(note: DCHC 2 cấp): - Tỉnh/Thành phố - Phường/Xã - Tên đường - Radio: Nhà riêng | Chung cư - Số nhà - Ghi chú | G58: Pass | H58: Pass | I58: none | J58: AnhDC4 | L58: HF không có trường này
A59: =IF(E59="","",$C$3&"."&COUNTA($E$12:E59)&"") -> TC_01.40 | B59: Medium | C59: Check Reload thông tin địa chỉ khi thay đổi Tỉnh/Thành phố | D59: - Truy cập màn hình đăng ký dịch vụ/thanh toán - Block "Địa chỉ lắp đặt" đang hiển thị" | E59: 1. Click trường Tỉnh/Thành phố chọn 1 giá trị bất kỳ 2. Chọn 1 tỉnh/thành phố khác bước 1 | F59: Load lại Phường/Xã tương ứng và reset Tên đường, trigger kiểm tra chính sách | G59: Pass | H59: Pass | I59: none | J59: AnhDC4 | L59: HF không có trường này
B60: Phường/Xã
A61: =IF(E61="","",$C$3&"."&COUNTA($E$12:E61)&"") -> TC_01.41 | B61: Low | C61: Check placeholder tại Phường/Xã | D61: - Truy cập màn hình đăng ký dịch vụ/thanh toán - Block ""Địa chỉ lắp đặt" đang hiển thị - Chưa chọn data Phường/Xã | E61: 1. Quan sát tại Phường/Xã khi chưa chọn data | F61: Hiển thị Placeholder là ''Chọn phường/xã" | G61: Pass | H61: Pass | I61: none | J61: AnhDC4 | L61: HF không có trường này
A62: =IF(E62="","",$C$3&"."&COUNTA($E$12:E62)&"") -> TC_01.42 | B62: Medium | C62: Check không chọn trường Phường/Xã | D62: - Truy cập màn hình đăng ký dịch vụ/thanh toán - Block ""Địa chỉ lắp đặt" đang hiển thị - Chưa chọn data Phường/Xã | E62: 1. Click Phường/Xã và không chọn data 2. Click khỏi trường Phường/Xã | F62: Hiển thị thông báo " Vui lòng chọn phường/xã." | G62: Pass | H62: Pass | I62: none | J62: AnhDC4 | L62: HF không có trường này
A63: =IF(E63="","",$C$3&"."&COUNTA($E$12:E63)&"") -> TC_01.43 | B63: Medium | C63: Check tìm kiếm theo tên Phường/Xã | D63: - Truy cập màn hình đăng ký dịch vụ/thanh toán - Block ""Địa chỉ lắp đặt" đang hiển thị - Chưa chọn data Phường/Xã | E63: 1. Click Phường/Xã 2. Nhập Phường/Xã cần tìm | F63: Hiển thị danh sách Phường/Xã đúng với dữ liệu đã nhập | G63: Pass | H63: Pass | I63: none | J63: AnhDC4 | L63: HF không có trường này
A64: =IF(E64="","",$C$3&"."&COUNTA($E$12:E64)&"") -> TC_01.44 | B64: Medium | C64: Check chọn Phường/Xã | D64: - Truy cập màn hình đăng ký dịch vụ/thanh toán - Block ""Địa chỉ lắp đặt" đang hiển thị - Chưa chọn data Phường/Xã | E64: 1. Click chọn Phường/Xã bất kỳ | F64: Chỉ được chọn 1 và hiển thị đúng giá trị đã chọn | G64: Pass | H64: Pass | I64: none | J64: AnhDC4 | L64: HF không có trường này
A65: =IF(E65="","",$C$3&"."&COUNTA($E$12:E65)&"") -> TC_01.45 | B65: Medium | C65: Check Reload thông tin địa chỉ khi thay đổi Phường/Xã | D65: - Truy cập màn hình đăng ký dịch vụ/thanh toán - Block "Địa chỉ lắp đặt" đang hiển thị - Chưa chọn data Phường/Xã | E65: 1. Click Phường/Xã và thay đổi 1 giá trị khác | F65: Hiển thị Phường/Xã đã chọn đồng thời reset Tên đường và trigger kiểm tra chính sách | G65: Pass | H65: Pass | I65: none | J65: AnhDC4 | L65: HF không có trường này
B66: Tên đường
A67: =IF(E67="","",$C$3&"."&COUNTA($E$12:E67)&"") -> TC_01.46 | B67: Low | C67: Check placeholder tại Tên đường | D67: - Truy cập màn hình đăng ký dịch vụ/thanh toán - Block "Địa chỉ lắp đặt" đang hiển thị - Chưa chọn data Tên đường | E67: 1. Quan sát tại Tên đường khi chưa chọn data | F67: Hiển thị Placeholder là ''Chọn tên đường" | G67: Pass | H67: Pass | I67: none | J67: AnhDC4 | L67: HF không có trường này
A68: =IF(E68="","",$C$3&"."&COUNTA($E$12:E68)&"") -> TC_01.47 | B68: Medium | C68: Check không chọn trường Tên đường | D68: - Truy cập màn hình đăng ký dịch vụ/thanh toán - Block "Địa chỉ lắp đặt" đang hiển thị - Chưa chọn data Tên đường | E68: 1. Click Tên đường và không chọn data 2. Click khỏi trường Tên đường | F68: Hiển thị thông báo " Vui lòng chọn tên đường." | G68: Pass | H68: Pass | I68: none | J68: AnhDC4 | L68: HF không có trường này
A69: =IF(E69="","",$C$3&"."&COUNTA($E$12:E69)&"") -> TC_01.48 | B69: Medium | C69: Check tìm kiếm theo tên Tên đường | D69: - Truy cập màn hình đăng ký dịch vụ/thanh toán - Block "Địa chỉ lắp đặt" đang hiển thị - Đã chọn Phường/Xã | E69: 1. Click Tên đường 2. Nhập Tên đường cần tìm | F69: Hiển thị danh sách Tên đường đúng với dữ liệu đã nhập *không trim khoảng cách trước khi thực hiện tìm kiếm | G69: Pass | H69: Pass | I69: none | J69: AnhDC4 | L69: HF không có trường này
A70: =IF(E70="","",$C$3&"."&COUNTA($E$12:E70)&"") -> TC_01.49 | B70: Medium | C70: Check chọn Tên đường | D70: - Truy cập màn hình đăng ký dịch vụ/thanh toán - Block "Địa chỉ lắp đặt" đang hiển thị - Đã chọn Phường/Xã | E70: 1. Click chọn Tên đường bất kỳ | F70: Chỉ được chọn 1 và hiển thị đúng giá trị đã chọn | G70: Pass | H70: Pass | I70: none | J70: AnhDC4 | K70: https://foxproject.atlassian.net/browse/EP-938 | L70: HF không có trường này bug đã fix
B71: Nhà riêng
A72: =IF(E72="","",$C$3&"."&COUNTA($E$12:E72)&"") -> TC_01.50 | B72: Medium | C72: Click radio Nhà riêng | D72: - Truy cập màn hình đăng ký dịch vụ/thanh toán - Block "Địa chỉ lắp đặt" đang hiển thị | E72: 1. Click chọn radio Nhà riêng 2. Check hiển thị các trường thông tin chi tiết bên dưới radio | F72: Hiển thị trường thông tin gồm: Số nhà* | G72: none | H72: Pass | I72: none | J72: AnhDC4 | L72: fpl: ko có radio nhà riêng chung cứ HF không có trường này
A73: =IF(E73="","",$C$3&"."&COUNTA($E$12:E73)&"") -> TC_01.51 | B73: Low | C73: Check placeholder tại Số nhà* | D73: - Truy cập màn hình đăng ký dịch vụ/thanh toán - Block "Địa chỉ lắp đặt" đang hiển thị | E73: 1. Click chọn radio Nhà riêng 2. Quan sát tại Số nhà* khi chưa nhập data | F73: Hiển thị Placeholder là ''Nhập số nhà" | G73: Pass | H73: Pass | I73: none | J73: AnhDC4 | L73: HF không có trường này
A74: =IF(E74="","",$C$3&"."&COUNTA($E$12:E74)&"") -> TC_01.52 | B74: Medium | C74: Check không nhập trường Số nhà | D74: - Truy cập màn hình đăng ký dịch vụ/thanh toán - Block "Địa chỉ lắp đặt" đang hiển thị | E74: 1. Chọn radio btn Nhà riêng 2. Click Số nhà và không nhập data 3. Click ra ngoài trường Số nhà | F74: Hiển thị thông báo: "Vui lòng nhập địa chỉ/số nhà." | G74: Pass | H74: Pass | I74: none | J74: AnhDC4 | L74: HF không có trường này
A75: =IF(E75="","",$C$3&"."&COUNTA($E$12:E75)&"") -> TC_01.53 | B75: Medium | C75: Check nhập hoặc copy-paste trên 50 100 kí tự | D75: - Truy cập màn hình đăng ký dịch vụ/thanh toán - Block "Địa chỉ lắp đặt" đang hiển thị | E75: 1. Chọn radio btn Nhà riêng 2. Nhập hoặc copy-paste Địa chỉ chi tiết trên 50 100 kí tự | F75: Chỉ cho phép nhập và hiển thi tối đa 50 100 kí tự | G75: Pass | H75: Pass | I75: none | J75: AnhDC4 | L75: HF không có trường này
B76: Chung cư
A77: =IF(E77="","",$C$3&"."&COUNTA($E$12:E77)&"") -> TC_01.54 | B77: Medium | C77: Click radio Chung cư | D77: - Truy cập màn hình đăng ký dịch vụ/thanh toán - Block "Địa chỉ lắp đặt" đang hiển thị | E77: 1. Click chọn radio Chung cư 2. Check hiển thị thêm các trường thông tin | F77: Hiển thị thêm các trường thông tin gồm: + Tên chung cư + Tòa nhà + Số tầng + Số phòng | G77: none | H77: Pass | I77: none | J77: AnhDC4 | L77: fpl: ko có radio nhà riêng chung cứ HF không có trường này
A78: =IF(E78="","",$C$3&"."&COUNTA($E$12:E78)&"") -> TC_01.55 | B78: Medium | C78: Check dữ liệu load tại Tên chung cư | D78: - Truy cập màn hình đăng ký dịch vụ/thanh toán - Block "Địa chỉ lắp đặt" đang hiển thị - Đã chọn Tỉnh/Thành phố và Phường/Xã | E78: 1. Click btn radio Chung cư 2. Click dropdown list Tên chung cư 3. Check dữ liệu đang load tại Tên chung cư | F78: Hiển thị danh sách chung cư thuộc Tỉnh/ Thành + Phường/ Xã đã chọn theo ĐCHC 2 cấp. Mặc định rỗng | G78: none | H78: Pass | I78: none | J78: AnhDC4 | L78: HF không có trường này
A79: =IF(E79="","",$C$3&"."&COUNTA($E$12:E79)&"") -> TC_01.56 | B79: Medium | C79: Check tìm kiếm theo Tên chung cư | D79: - Truy cập màn hình đăng ký dịch vụ/thanh toán - Block "Địa chỉ lắp đặt" đang hiển thị | E79: 1. Click btn radio Chung cư 2. Click dropdown list Tên chung cư 3. Nhập tên chung cư cần tìm kiếm | F79: Hiển thị chung cư đang tìm ** không trim khoảng cách trước khi thực hiện tìm kiếm | G79: none | H79: Pass | I79: none | J79: AnhDC4 | L79: HF không có trường này
A80: =IF(E80="","",$C$3&"."&COUNTA($E$12:E80)&"") -> TC_01.57 | B80: Low | C80: Check placeholder tại Tòa nhà | D80: - Truy cập màn hình đăng ký dịch vụ/thanh toán - Block "Địa chỉ lắp đặt" đang hiển thị | E80: 1. Click btn radio Chung cư 2. Quan sát tại Tòa nhà khi chưa nhập data | F80: Hiển thị placeholder "Nhập tên toà nhà" | G80: none | H80: Pass | I80: none | J80: AnhDC4 | L80: HF không có trường này
A81: =IF(E81="","",$C$3&"."&COUNTA($E$12:E81)&"") -> TC_01.58 | B81: Medium | C81: Check không nhập Toà nhà | D81: - Truy cập màn hình đăng ký dịch vụ/thanh toán - Block "Địa chỉ lắp đặt" đang hiển thị | E81: 1. Click btn radio Chung cư 2. Không nhập Tòa nhà 3. Nhập các trường bắt buộc khác 4 . Click Tiếp tục | F81: Cho phép điều hướng qua màn hình thanh toán không báo lỗi (không bắt buộc) | G81: none | H81: Pass | I81: none | J81: AnhDC4 | L81: HF không có trường này
A82: =IF(E82="","",$C$3&"."&COUNTA($E$12:E82)&"") -> TC_01.59 | B82: Medium | C82: Check nhập/copy-paste Tòa nhà quá 10 ký tự | D82: - Truy cập màn hình đăng ký dịch vụ/thanh toán - Block "Địa chỉ lắp đặt" đang hiển thị | E82: 1. Click btn radio Chung cư 2. Nhập/copy-paste Tòa nhà > 10 ký tự | F82: Chỉ cho phép nhập và hiển thị tối đa 10 ký tự | G82: none | H82: Pass | I82: none | J82: AnhDC4 | L82: HF không có trường này
A83: =IF(E83="","",$C$3&"."&COUNTA($E$12:E83)&"") -> TC_01.60 | B83: Low | C83: Check placeholder tại Số tầng | D83: - Truy cập màn hình đăng ký dịch vụ/thanh toán - Block "Địa chỉ lắp đặt" đang hiển thị | E83: 1. Click btn radio Chung cư 2. Quan sát tại Số tầng khi chưa nhập data | F83: Hiển thị placeholder "Nhập số tầng" | G83: none | H83: Pass | I83: none | J83: AnhDC4 | L83: HF không có trường này
A84: =IF(E84="","",$C$3&"."&COUNTA($E$12:E84)&"") -> TC_01.61 | B84: Medium | C84: Check không nhập Số tầng | D84: - Truy cập màn hình đăng ký dịch vụ/thanh toán - Block "Địa chỉ lắp đặt" đang hiển thị | E84: 1. Click btn radio Chung cư 2. Click Số tầng và không nhập dữ liệu 3. Click khỏi trường Số tầng | F84: Border đỏ Số tầng và hiển thị thông báo: "Vui lòng nhập số tầng." | G84: none | H84: Pass | I84: none | J84: AnhDC4 | L84: HF không có trường này
A85: =IF(E85="","",$C$3&"."&COUNTA($E$12:E85)&"") -> TC_01.62 | B85: Medium | C85: Check nhập/copy-paste Số tầng quá 10 ký tự | D85: - Truy cập màn hình đăng ký dịch vụ/thanh toán - Block "Địa chỉ lắp đặt" đang hiển thị | E85: 1. Click btn radio Chung cư 2. Check nhập/copy-paste Số tầng quá 10 ký tự | F85: Chỉ cho phép nhập và hiển thị tối đa 10 ký tự | G85: none | H85: Pass | I85: none | J85: AnhDC4 | L85: HF không có trường này
A86: =IF(E86="","",$C$3&"."&COUNTA($E$12:E86)&"") -> TC_01.63 | B86: Low | C86: Check placeholder tại Số phòng | D86: - Truy cập màn hình đăng ký dịch vụ/thanh toán - Block "Địa chỉ lắp đặt" đang hiển thị | E86: 1. Click btn radio Chung cư 2. Quan sát tại Số phòng khi chưa nhập data | F86: Hiển thị placeholder "Nhập số phòng" | G86: none | H86: Pass | I86: none | J86: AnhDC4 | L86: HF không có trường này
A87: =IF(E87="","",$C$3&"."&COUNTA($E$12:E87)&"") -> TC_01.64 | B87: Medium | C87: Check không nhập Số phòng | D87: - Truy cập màn hình đăng ký dịch vụ/thanh toán - Block "Địa chỉ lắp đặt" đang hiển thị | E87: 1. Click btn radio Chung cư 2. Click Số phòng và không nhập dữ liệu 3. Click khỏi trường Số phòng | F87: Border đỏ Số phòng và hiển thị thông báo: "Vui lòng nhập số phòng." | G87: none | H87: Pass | I87: none | J87: AnhDC4 | L87: HF không có trường này
A88: =IF(E88="","",$C$3&"."&COUNTA($E$12:E88)&"") -> TC_01.65 | B88: Medium | C88: Check nhập/copy-paste Số phòng quá 10 ký tự | D88: - Truy cập màn hình đăng ký dịch vụ/thanh toán - Block "Địa chỉ lắp đặt" đang hiển thị | E88: 1. Click btn radio Chung cư 2.Check nhập/copy-paste Số phòng quá 10 ký tự | F88: Chỉ cho phép nhập và hiển thị tối đa 10 ký tự | G88: none | H88: Pass | I88: none | J88: AnhDC4 | L88: HF không có trường này
B89: Ghi chú
A90: =IF(E90="","",$C$3&"."&COUNTA($E$12:E90)&"") -> TC_01.66 | B90: Low | C90: Check placeholder tại Ghi chú | D90: - Truy cập màn hình đăng ký dịch vụ/thanh toán - Block "Địa chỉ lắp đặt" đang hiển thị | E90: 1. Quan sát tại Ghi chú khi chưa nhập data | F90: Hiển thị Placeholder là ''Gọi cho tôi trước 30 phút nhé!" | G90: Pass | H90: Pass | I90: none | J90: AnhDC4 | L90: HF không có trường này
A91: =IF(E91="","",$C$3&"."&COUNTA($E$12:E91)&"") -> TC_01.67 | B91: Medium | C91: Check không chọn trường Ghi chú | D91: - Truy cập màn hình đăng ký dịch vụ/thanh toán - Block "Địa chỉ lắp đặt" đang hiển thị | E91: 1. Click Ghi chú và không nhâp data 2. Click khỏi trường Ghi chú | F91: Không hiển thị thông báo lỗi (không bắt buộc nhập) | G91: Pass | H91: Pass | I91: none | J91: AnhDC4 | L91: HF không có trường này
A92: =IF(E92="","",$C$3&"."&COUNTA($E$12:E92)&"") -> TC_01.68 | B92: Medium | C92: Check nhập/copy-paste trên 100 kí tự trường ghi chú | D92: - Truy cập màn hình đăng ký dịch vụ/thanh toán - Block "Địa chỉ lắp đặt" đang hiển thị | E92: 1. Nhập/copy-paste trên 100 kí tự trường ghi chú | F92: Chỉ cho phép nhập và hiển thị 100 ký tự | G92: Pass | H92: Pass | I92: none | J92: AnhDC4 | K92: đang ràng maxlength 100 kí tự | L92: HF không có trường này
A93: =IF(E93="","",$C$3&"."&COUNTA($E$12:E93)&"") -> TC_01.69 | B93: High | C93: Check hiển thị popup thông báo khi chọn địa chỉ không có chính sách | D93: - Truy cập màn hình đăng ký dịch vụ/thanh toán - Block "Địa chỉ lắp đặt" đang hiển thị | E93: 1. Chọn Tỉnh/Thành phố,Phường/xã bất kỳ không có chính sách 2. Check hiển thị popup thông báo khi chọn địa chỉ không có chính sách | F93: Hiển thị popup thông báo như sau: - Title: Chưa hỗ trợ chính sách! - Nội dung: "Địa chỉ của Quý khách hiện chưa hỗ trợ chính sách cho sản phẩm đang chọn. Nhân viên FPT sẽ liên hệ để tư vấn. Mọi thắc mắc, vui lòng liên hệ 1900 6600 để được giải đáp. Xin cảm ơn!" Button Đóng | G93: Block | H93: Block | I93: none | J93: AnhDC4 | L93: HF không có trường địa chỉ SA địa chỉ không bắt buộc nhập UF cs đang hiển thị toàn quốc, chưa test được case này
A94: =IF(E94="","",$C$3&"."&COUNTA($E$12:E94)&"") -> TC_01.70 | B94: Medium | C94: Check hiển thị popup thông báo khi chọn địa chỉ không có chính sách >> Click bnt Đóng | D94: - Truy cập màn hình đăng ký dịch vụ/thanh toán - Block "Địa chỉ lắp đặt" đang hiển thị | E94: 1. Chọn Tỉnh/Thành phố,Phường/xã bất kỳ không có chính sách 2. Click btn Đóng trên popup Chưa hỗ trợ chính sách | F94: Đóng popup, disable btn Tiếp tục | G94: Block | H94: Block | I94: none | J94: AnhDC4 | L94: HF không có trường địa chỉ SA địa chỉ không bắt buộc nhập UF cs đang hiển thị toàn quốc, chưa test được case này
A95: =IF(E95="","",$C$3&"."&COUNTA($E$12:E95)&"") -> TC_01.71 | B95: Medium | C95: Check đẩy KHTN khi chọn địa chỉ không có chính sách | D95: - Truy cập màn hình đăng ký dịch vụ/thanh toán - Block "Địa chỉ lắp đặt" đang hiển thị - Có thể đẩy KHTN thành công | E95: 1. Chọn Tỉnh/Thành phố,Phường/xã bất kỳ không có chính sách 2. Click btn Đóng trên popup Chưa hỗ trợ chính sách! 3. Truy cập https://saleplatform-stag.fpt.net/web-admin check thông tin KHTN | F95: Đẩy KHTN thành công tương ứng với SĐT đã nhập | G95: Block | H95: Block | I95: none | L95: HF không có trường địa chỉ SA địa chỉ không bắt buộc nhập UF cs đang hiển thị toàn quốc, chưa test được case này
A96: =IF(E96="","",$C$3&"."&COUNTA($E$12:E96)&"") | B96: Popup Địa chỉ hành chính cũ (3 cấp)
A97: =IF(E97="","",$C$3&"."&COUNTA($E$12:E97)&"") -> TC_01.72 | B97: Medium | C97: Check UI popup Địa chỉ hành chính cũ | D97: - Truy cập màn hình đăng ký dịch vụ/thanh toán - Block "Địa chỉ lắp đặt" đang hiển thị" | E97: 1. Click link Địa chỉ hành chính cũ 2. Check UI popup Địa chỉ hành chính cũ | F97: Popup Địa chỉ hành chính cũ gồm: - Title: Địa chỉ hành chính cũ - Label: Bạn vui lòng xác nhận vị trí lắp đặt để cập nhật vị trí hành chính mới - droplist Tỉnh/ Thành phố - droplist Quận/ Huyện - droplist Phường/ Xã - droplist Tên đường - Địa chỉ hành chính mới (hiện khi chọn full thông tin) - icon x - btn Xác nhận | G97: Pass | H97: Pass | I97: none | J97: AnhDC4 | L97: HF không có trường này
A98: =IF(E98="","",$C$3&"."&COUNTA($E$12:E98)&"") -> TC_01.73 | B98: Medium | C98: Check Load data trường Tỉnh/ Thành phố _Popup Địa chỉ hành chính cũ | D98: - Truy cập màn hình đăng ký dịch vụ/thanh toán - Block "Địa chỉ lắp đặt" đang hiển thị" | E98: 1. Click link Địa chỉ hành chính cũ 2. Check Load data trường Tỉnh/ Thành phố | F98: Hiển thị đúng, đủ thông tin tỉnh thành trên toàn quốc: 63 Tỉnh thành theo ĐCHC 3 cấp - Cho phép chọn từng tỉnh thành | G98: Pass | H98: Pass | I98: none | J98: AnhDC4 | L98: HF không có trường này
A99: =IF(E99="","",$C$3&"."&COUNTA($E$12:E99)&"") -> TC_01.74 | B99: Medium | C99: Check không chọn trường Tỉnh/ Thành phố _Popup Địa chỉ hành chính cũ | D99: - Truy cập màn hình đăng ký dịch vụ/thanh toán - Block "Địa chỉ lắp đặt" đang hiển thị" | E99: 1. Click link Địa chỉ hành chính cũ 2. Click vô trường Tỉnh/Thành phố 3. Click btn Xác nhận | F99: Disable btn Xác nhận | G99: Pass | H99: Pass | I99: none | J99: AnhDC4 | L99: HF không có trường này
A100: =IF(E100="","",$C$3&"."&COUNTA($E$12:E100)&"") -> TC_01.75 | B100: Medium | C100: Check chọn 1 Tỉnh/ Thành phố _Popup Địa chỉ hành chính cũ | D100: - Truy cập màn hình đăng ký dịch vụ/thanh toán - Block "Địa chỉ lắp đặt" đang hiển thị" | E100: 1. Click link Địa chỉ hành chính cũ 2. Chọn 1 Tỉnh/ Thành phố | F100: Hiện thị đúng giá trị chọn | G100: Pass | H100: Pass | I100: none | J100: AnhDC4 | L100: HF không có trường này
A101: =IF(E101="","",$C$3&"."&COUNTA($E$12:E101)&"") -> TC_01.76 | B101: Medium | C101: Check tìm kiếm theo tên Tỉnh/ Thành phố _Popup Địa chỉ hành chính cũ | D101: - Truy cập màn hình đăng ký dịch vụ/thanh toán - Block "Địa chỉ lắp đặt" đang hiển thị" | E101: 1 Click link Địa chỉ hành chính cũ 2. Nhập Tỉnh/ Thành phố cần tìm | F101: Hiện danh sách gới ý các tỉnh thành phố thoả từ khoá cần tìm | G101: Pass | H101: Pass | I101: none | J101: AnhDC4 | L101: HF không có trường này
A102: =IF(E102="","",$C$3&"."&COUNTA($E$12:E102)&"") -> TC_01.77 | B102: Medium | C102: Check quy tắc tìm kiếm theo tên Tỉnh/ Thành phố _Popup Địa chỉ hành chính cũ | D102: - Truy cập màn hình đăng ký dịch vụ/thanh toán - Block "Địa chỉ lắp đặt" đang hiển thị" | E102: 1. Click link Địa chỉ hành chính cũ 2. Nhập từ khoá vào droplist Tỉnh/Thành phố 3. Check quy tắc tìm kiếm theo tên Tỉnh/ Thành phố | F102: Hệ thống không trim khoảng cách trước khi thực hiện tìm kiếm, tìm kiếm theo quy tắc contains | G102: Pass | H102: Pass | I102: none | J102: AnhDC4 | L102: HF không có trường này
A103: =IF(E103="","",$C$3&"."&COUNTA($E$12:E103)&"") -> TC_01.78 | B103: Medium | C103: Check Load data trường Quận/ Huyện _Popup Địa chỉ hành chính cũ | D103: - Truy cập màn hình đăng ký dịch vụ/thanh toán - Block "Địa chỉ lắp đặt" đang hiển thị" | E103: 1. Click link Địa chỉ hành chính cũ 2. Chọn 1 Tỉnh/ Thành phố 3. Check Load data trường Quận/ Huyện | F103: Hiển thị đúng, đủ thông tin Quận/ Huyện thuộc thành phố đã chọn theo ĐCHC 3 cấp | G103: Pass | H103: Pass | I103: none | J103: AnhDC4 | L103: HF không có trường này
A104: =IF(E104="","",$C$3&"."&COUNTA($E$12:E104)&"") -> TC_01.79 | B104: Medium | C104: Check không chọn trường Quận/ Huyện _Popup Địa chỉ hành chính cũ | D104: - Truy cập màn hình đăng ký dịch vụ/thanh toán - Block "Địa chỉ lắp đặt" đang hiển thị" | E104: 1. Click link Địa chỉ hành chính cũ 2. Chọn 1 Tỉnh/ Thành phố 3. Để rỗng Quận/ Huyện 4. Click btn Xác nhận | F104: Disable btn Xác nhận | G104: Pass | H104: Pass | I104: none | J104: AnhDC4 | L104: HF không có trường này
...

Sheet FPL SA
A3: Mã chức năng (Function ID) | C3: TC_02
A4: Tên chức năng (Function Name) | C4: FPL SA
A7: Testcase ID | B7: Mức Độ Ưu Tiên (Priority) | C7: Nội Dung Test (Test Title) | D7: Điều Kiện/ Dữ Liệu Test (Pre-condition/ Test Data) | E7: Các Bước Thực Hiện (Test Steps) | F7: Kết Quả Mong Đợi (Expected Results) | G7: =Summary!G8 -> Round 1 (09/04/2026 - 15/04/2026) | K7: =Summary!L8 -> Round 2 (dd/mm/yyyy - dd/mm/yyyy) | O7: =Summary!Q8 -> Round 3(dd/mm/yyyy - dd/mm/yyyy) | S7: =Summary!V8 -> Round 4 (dd/mm/yyyy - dd/mm/yyyy)
G8: Kết Quả Thực Hiện (Actual Result) | H8: Người Thực Hiện (Executed By) | I8: ID Bugs | J8: Ghi Chú (Remark) | K8: Kết Quả Thực Hiện (Actual Result) | L8: Người Thực Hiện (Executed By) | M8: ID Bugs | N8: Ghi Chú (Remark) | O8: Kết Quả Thực Hiện (Actual Result) | P8: Người Thực Hiện (Executed By) | Q8: ID Bugs | R8: Ghi Chú (Remark) | S8: Kết Quả Thực Hiện (Actual Result) | T8: Người Thực Hiện (Executed By) | U8: ID Bugs | V8: Ghi Chú (Remark)
A9: Điều hướng màn hình
A10: =IF(E10="","",$C$3&"."&COUNTA($E$9:E10)&"") -> TC_02.1 | B10: High | C10: Check điều hướng vào màn hình đăng ký dịch vụ FPL SA + verify URL đúng dịch vụ | E10: 1. Truy cập home page hoặc Landing page: 2. Click chọn gói dịch vụ FPL SA bất kỳ 3. Click btn Đăng ký | F10: Điều hướng vào trang đăng ký và đúng URL dịch vụ | G10: Pass | H10: AnhDC4
A11: =IF(E11="","",$C$3&"."&COUNTA($E$9:E11)&"") -> TC_02.2 | B11: High | C11: Check truy cập trực tiếp bằng đường dẫn | E11: 1. Truy cập trực tiếp bằng đường dẫn url:https://staging.fpt.vn/checkout/register/<goi fplSA>?salechannelcode=tongdaiwifi | F11: Điều hướng vào trang đăng ký của dịch vụ đã chọn | G11: Pass | H11: AnhDC4
A12: =IF(E12="","",$C$3&"."&COUNTA($E$9:E12)&"") -> TC_02.3 | B12: Medium | C12: Check GUI màn hình trang đăng ký dịch vụ FPL SA | E12: 1. Truy cập home page hoặc Landing page: 2. Click chọn gói dịch vụ FPL SA bất kỳ 3. Click btn Đăng ký 4. Check GUI màn hình trang đăng ký dịch vụ FPL SA | F12: Hiển thị UI gồm: - Thanh tiến trình 2 bước: Thanh toán - Hoàn tất đơn hàng - Block Sản phẩm dịch vụ đã chọn - Block Thông tin cá nhân - Block Hình thức kích hoạt dịch vụ - Block Thông tin địa chỉ - Block Phương thức thanh toán - Block Thông tin khách hàng - Block Thông tin thanh toán | G12: Pass | H12: AnhDC4
A13: Màn hình Thông tin thanh toán
A14: =IF(C14="","",$C$3&"."&COUNTA($C$9:C14)&"") | B14: Block Sản phẩm dịch vụ đã chọn
A15: =IF(E15="","",$C$3&"."&COUNTA($E$9:E15)&"") -> TC_02.4 | B15: Medium | C15: Check hiển thị các trường trong block Sản phẩm dịch vụ đã chọn | D15: Chọn 1 gói dịch vụ SA ở màn hình Chi tiết dịch vụ | E15: 1. Truy cập màn hình Thanh toán dịch vụ FPL SA 2.Check hiển thị các trường trong block Sản phẩm dịch vụ đã chọn | F15: Block hiển thị thông tin gồm: Title Sản phẩm dịch vụ đã chọn (Số lượng) - Icon Gói dịch vụ - Tên gói dịch vụ - Chu kỳ gói dịch vụ - Giá tiền * refer sheet: Thông tin chung | G15: Pass | H15: AnhDC4
A16: =IF(C16="","",$C$3&"."&COUNTA($C$9:C16)&"") | B16: Block Thông tin cá nhân
A17: =IF(E17="","",$C$3&"."&COUNTA($E$9:E17)&"") -> TC_02.5 | B17: Medium | C17: Check hiển thị các trường trong block Thông tin cá nhân | E17: 1. Truy cập màn hình Thanh toán dịch vụ FPL SA 2. Check UI block Thông tin cá nhân | F17: Block hiển thị trường: - Số điện thoại (*) Ref: sheet Thông tin chung | G17: Pass | H17: AnhDC4
A18: =IF(E18="","",$C$3&"."&COUNTA($E$9:E18)&"") -> TC_02.6 | B18: High | C18: Check nhập Số điện thoại là SDT đã đăng ký dịch vụ FPT Play | D18: Số điện thoại nhập là số đã đăng ký dịch vụ FPT Play | E18: 1. Truy cập màn hình Thanh toán dịch vụ FPL SA 2. Tại block Thông tin cá nhân 3. Nhập Số điện thoại là SDT đã đăng ký dịch vụ FPT Play 4. Nhập đầy đủ các trường bắt buộc khác 5. Click button Thanh toán | F18: Show thông báo lỗi Số điện thoại đã đăng ký dịch vụ FPT Play | G18: Pass | H18: AnhDC4
A19: =IF(E19="","",$C$3&"."&COUNTA($E$9:E19)&"") -> TC_02.7 | B19: High | C19: Check nhập Số điện thoại là SDT chưa đăng ký dịch vụ FPT Play | D19: Số điện thoại nhập là số chưa đăng ký dịch vụ FPT Play | E19: 1. Truy cập màn hình Thanh toán dịch vụ FPL SA 2. Tại block Thông tin cá nhân 3. Nhập Số điện thoại là SDT chưa đăng ký dịch vụ FPT Play 4. Nhập đầy đủ các trường bắt buộc khác 5. Click button Thanh toán | F19: Không show thông báo lỗi ở trường Số điện thoại | G19: Pass | H19: AnhDC4
A20: =IF(C20="","",$C$3&"."&COUNTA($C$9:C20)&"") | B20: Block Hình thức kích hoạt dịch vụ
A21: =IF(E21="","",$C$3&"."&COUNTA($E$9:E21)&"") -> TC_02.8 | B21: Medium | C21: Check hiển thị các trường trong Block Hình thức kích hoạt dịch vụ | E21: 1. Truy cập màn hình Thanh toán dịch vụ FPL SA 2. Check UI Block Hình thức kích hoạt dịch vụ | F21: Block hiển thị gồm: - Radio button Kích hoạt tự động (kèm icon ⓘ) - Mặc định tick chọn - Radio button Khách hàng tự kích hoạt (kèm icon ⓘ) - Checkbox Tôi muốn nhận hóa đơn - Mặc định uncheck | G21: Pass | H21: GiangDC2
A22: =IF(E22="","",$C$3&"."&COUNTA($E$9:E22)&"") -> TC_02.9 | B22: Medium | C22: Check hover icon ⓘ ở Radio button Kích hoạt tự động | E22: 1. Truy cập màn hình Thanh toán FPL SA 2. Check hover icon ⓘ ở Radio button Kích hoạt tự động | F22: Hiển thị nội dung " Tài khoản FPT Play sẽ được kích hoạt ngay sau khi thanh toán thành công. Vui lòng đăng nhập trên FPTplay.vn hoặc ứng dụng FPT Play (Mobile/Smart TV) để sử dụng dịch vụ. " | G22: Pass | H22: GiangDC2
A23: =IF(E23="","",$C$3&"."&COUNTA($E$9:E23)&"") -> TC_02.10 | B23: Medium | C23: Check hover icon ⓘ ở Radio button Khách hàng tự kích hoạt | E23: 1. Truy cập màn hình Thanh toán FPL SA 2. Check hover icon ⓘ ở Radio button Khách hàng tự kích hoạt | F23: Hiển thị nội dung " Mã kích hoạt FPT Play sẽ được gửi qua SMS sau khi thanh toán thành công. Vui lòng nhập mã và kích hoạt dịch vụ trên FPTplay.vn hoặc ứng dụng FPT Play (Mobile/Smart TV) khi sử dụng. " | G23: Pass | H23: GiangDC2
A24: =IF(E24="","",$C$3&"."&COUNTA($E$9:E24)&"") -> TC_02.11 | B24: Medium | C24: Check chọn 'Kích hoạt tự động' ghi nhận đúng vào đơn hàng | E24: 1. Truy cập màn hình Thanh toán FPL SA 2. Chọn radio 'Kích hoạt tự động' 3. Điền đầy đủ thông tin 4. Click 'Thanh toán' 5. Check thông tin tại bước Hoàn tất | F24: Hình thức 'Kích hoạt tự động' được ghi nhận và hiển thị đúng trên đơn hàng | G24: Pass | H24: GiangDC2
A25: =IF(E25="","",$C$3&"."&COUNTA($E$9:E25)&"") -> TC_02.12 | B25: Medium | C25: Check chọn 'Khách hàng tự kích hoạt' ghi nhận đúng vào đơn hàng | E25: 1. Truy cập màn hình Thanh toán FPL SA 2. Chọn radio 'Khách hàng tự kích hoạt' 3. Điền đầy đủ thông tin 4. Click 'Thanh toán' 5. Check thông tin tại bước Hoàn tất | F25: Hình thức 'Khách hàng tự kích hoạt' được ghi nhận đúng trên đơn hàng | G25: Pass | H25: GiangDC2
A26: =IF(E26="","",$C$3&"."&COUNTA($E$9:E26)&"") -> TC_02.13 | B26: Medium | C26: Check chỉ 1 radio hình thức kích hoạt được chọn tại một thời điểm | E26: 1. Truy cập màn hình Thanh toán FPL SA 2. Chọn 'Kích hoạt tự động' 3. Chọn 'Khách hàng tự kích hoạt' 4. Check trạng thái 2 radio | F26: Chỉ 1 radio được chọn — radio trước tự bỏ chọn Hoạt động đúng như radio button group | G26: Pass | H26: GiangDC2
A27: =IF(E27="","",$C$3&"."&COUNTA($E$16:E27)&"") | B27: Block Thông tin khách hàng
A28: =IF(E28="","",$C$3&"."&COUNTA($E$9:E28)&"") -> TC_02.14 | B28: Medium | C28: Check hiển thị tại Block Thông tin khách hàng | E28: 1. Truy cập màn hình Thanh toán FPL SA 2. Check hiển thị tại Block Thông tin khách hàng | F28: Hiển thị các trường thông tin gồm: - Số điện thoại - Địa chỉ (nếu có nhập địa chỉ) - icon collapse (mặc định) | G28: Pass | H28: AnhDC4 | I28: https://foxproject.atlassian.net/browse/EP-937 | J28: đã fix trong round
A29: =IF(E29="","",$C$3&"."&COUNTA($E$9:E29)&"") | B29: Block Thông tin thanh toán
A30: =IF(E30="","",$C$3&"."&COUNTA($E$9:E30)&"") -> TC_02.15 | B30: Medium | C30: Check mặc định hiển thị tại block Thông tin thanh toán | E30: 1. Truy cập màn hình Thanh toán FPL SA 2. Check hiển thị tại block Thông tin thanh toán | F30: Hiển thị các thông tin gồm + Tên gói - chu kỳ - giá tiền + Textbox Nhập ưu đãi - hyperlink Chọn ưu đãi - Button Áp dụng + Cần thanh toán - Giá tiền + Button Thanh toán + icon collapse (mặc định) + Text (Bằng việc nhấn vào nút Thanh toán bạn đã đồng ý với các <linktext> điều khoản của FPT Telecom | G30: Pass | H30: GiangDC2
A31: Màn hình Hoàn tất đơn hàng
A32: =IF(E32="","",$C$3&"."&COUNTA($E$9:E32)&"") -> TC_02.16 | B32: High | C32: Check giao diện bước Hoàn tất đơn hàng_Chưa thanh toán | D32: - Thanh toán COD | E32: 1. Tại bước Hoàn tất đơn hàng 2. Check giao diện bước hoàn tất | F32: Hiển thị giao diện hoàn tất đơn hàng như sau: - Logo FPT Telecom - Các bước: Đăng ký |Thanh toán|Hoàn tất màu xanh lá - Label: Hoàn tất đơn hàng Chưa thanh toán Đơn hàng đã đăng ký thành công. Kỹ thuật viên FPT Telecom sẽ liên hệ triển khai dịch vụ trong 8h - 12h. Mọi thắc mắc, vui lòng liên hệ 19006600 để được giải đáp, Xin cám ơn. - Button Xác nhận - Block Thông tin đơn hàng (ref: sheet Thông tin chung) | G32: Block | H32: GiangDC2 | J32: FPL ko có COD
A33: =IF(E33="","",$C$3&"."&COUNTA($E$9:E33)&"") -> TC_02.17 | B33: High | C33: Check giao diện bước Hoàn tất đơn hàng_Đã thanh toán | D33: - Thanh toán khác COD | E33: 1. Tại bước Hoàn tất đơn hàng 2. Check giao diện bước hoàn tất | F33: Hiển thị giao diện hoàn tất đơn hàng như sau: - Logo FPT Telecom - Các bước: Đăng ký |Thanh toán|Hoàn tất màu xanh lá - Label: Hoàn tất đơn hàng Thanh toán thành công Đăng ký thành công! Cảm ơn quý khách đã đăng ký sử dụng dịch vụ của FPT Telecom. Mọi thắc mắc, vui lòng liên hệ 1900 6600 để được giải đáp. Xin cảm ơn! - Button Xác nhận - Block Thông tin đơn hàng(ref: sheet Thông tin chung) | G33: N/A | H33: GiangDC2 | I33: https://foxproject.atlassian.net/browse/EP-975 | J33: bug won't fix
A34: =IF(E34="","",$C$3&"."&COUNTA($E$9:E34)&"") -> TC_02.18 | B34: High | C34: Check nhận SMS qua Số điện thoại đã đăng ký dịch vụ | D34: - Đã thanh toán đơn hàng - Tick chọn hình thức kích hoạt = Khách hàng tự kích hoạt | E34: 1. Tại bước Hoàn tất đơn hàng 2. Check nhận SMS qua Số điện thoại đã đăng ký dịch vụ | F34: Hệ thống gửi SMS bao gồm mã Code về Số điện thoại đã đăng ký dịch vụ | G34: Block | H34: GiangDC2 | J34: Chưa test được do stag FPL update hạ tầng
A35: =IF(E35="","",$C$3&"."&COUNTA($E$9:E35)&"") -> TC_02.19 | B35: High | C35: Check dịch vụ được tự động kích hoạt thành công | D35: - Đã thanh toán đơn hàng - Tick chọn hình thức kích hoạt = Kích hoạt tự động | E35: 1. Tại bước Hoàn tất đơn hàng 2. Check dịch vụ được tự động kích hoạt thành công | F35: Hệ thống sẽ kích hoạt dịch vụ cho SĐT KH đã nhập ở thông tin cá nhân | G35: Block | H35: GiangDC2 | J35: Chưa test được do stag FPL update hạ tầng
A36: =IF(E36="","",$C$3&"."&COUNTA($E$9:E36)&"") -> TC_02.20 | B36: High | C36: Check show thông báo lỗi khi tự động kích hoạt dịch vụ thất bại | D36: - Đã thanh toán đơn hàng - Tick chọn hình thức kích hoạt = Kích hoạt tự động - Kích hoạt dịch vụ thất bại sau thanh toán | E36: 1. Tại bước Hoàn tất đơn hàng 2. Check dịch vụ được tự động kích hoạt thất bại | F36: - Hệ thống show thông báo "Có lỗi trong quá trình kích hoạt dịch vụ, vui lòng thử lại sau hoặc liên hệ tổng đài 19006600" - Không chuyển sang trạng thái hoàn tất dịch vụ | G36: Block | H36: GiangDC2 | J36: Chưa test được do stag FPL update hạ tầng
A37: =IF(E37="","",$C$3&"."&COUNTA($E$9:E37)&"") -> TC_02.21 | B37: High | C37: Check show thông báo lỗi khi tự động kích hoạt dịch vụ timeout | D37: - Đã thanh toán đơn hàng - Tick chọn hình thức kích hoạt = Kích hoạt tự động - Kích hoạt dịch vụ thất bại sau thanh toán | E37: 1. Tại bước Hoàn tất đơn hàng 2. Check show thông báo lỗi khi tự động kích hoạt dịch vụ timeout | F37: - Hệ thống show thông báo "Quá trình xử lý mất nhiều thời gian, vui lòng thử lại sau" - Cho phép khách hàng đóng lại để tiếp tục | G37: Block | H37: GiangDC2 | J37: Chưa test được do stag FPL update hạ tầng
A38: =IF(E38="","",$C$3&"."&COUNTA($E$9:E38)&"") -> TC_02.22 | B38: High | C38: Click btn Xác nhận | D38: - Thanh toán thành công | E38: 1. Tại bước Hoàn tất đơn hàng 2. Click btn Xác nhận | F38: Quay về màn hình home page nếu trực tiếp link Quay về tongdaiwifi nếu đi từ tongdaiwifi | G38: Pass | H38: GiangDC2

Sheet Ultra Fast
A3: Mã chức năng (Function ID) | C3: TC_03
A4: Tên chức năng (Function Name) | C4: Ultra Fast
A7: Testcase ID | B7: Mức Độ Ưu Tiên (Priority) | C7: Nội Dung Test (Test Title) | D7: Điều Kiện/ Dữ Liệu Test (Pre-condition/ Test Data) | E7: Các Bước Thực Hiện (Test Steps) | F7: Kết Quả Mong Đợi (Expected Results) | G7: =Summary!G8 -> Round 1 (09/04/2026 - 15/04/2026) | K7: =Summary!L8 -> Round 2 (dd/mm/yyyy - dd/mm/yyyy) | O7: =Summary!Q8 -> Round 3(dd/mm/yyyy - dd/mm/yyyy) | S7: =Summary!V8 -> Round 4 (dd/mm/yyyy - dd/mm/yyyy)
G8: Kết Quả Thực Hiện (Actual Result) | H8: Người Thực Hiện (Executed By) | I8: ID Bugs | J8: Ghi Chú (Remark) | K8: Kết Quả Thực Hiện (Actual Result) | L8: Người Thực Hiện (Executed By) | M8: ID Bugs | N8: Ghi Chú (Remark) | O8: Kết Quả Thực Hiện (Actual Result) | P8: Người Thực Hiện (Executed By) | Q8: ID Bugs | R8: Ghi Chú (Remark) | S8: Kết Quả Thực Hiện (Actual Result) | T8: Người Thực Hiện (Executed By) | U8: ID Bugs | V8: Ghi Chú (Remark)
A9: Điều hướng màn hình
A10: =IF(E10="","",$C$3&"."&COUNTA($E$9:E10)&"") -> TC_03.1 | B10: High | C10: Check điều hướng vào màn hình đăng ký dịch vụ Ultra Fast + verify URL đúng dịch vụ | E10: 1. Truy cập home page hoặc Landing page: 2. Click chọn gói dịch vụ Ultra Fast bất kỳ 3. Click btn Đăng ký | F10: Điều hướng vào trang đăng ký và đúng URL dịch vụ | G10: Pass | H10: AnhDC4
A11: =IF(E11="","",$C$3&"."&COUNTA($E$9:E11)&"") -> TC_03.2 | B11: High | C11: Check truy cập trực tiếp bằng đường dẫn | E11: 1. Truy cập trực tiếp bằng đường dẫn url:https://staging.fpt.vn/checkout/register/<goi Ultralfast>?salechannelcode=tongdaiwifi | F11: Điều hướng vào trang đăng ký của dịch vụ đã chọn | G11: Pass | H11: AnhDC4
A12: =IF(E12="","",$C$3&"."&COUNTA($E$9:E12)&"") -> TC_03.3 | B12: Medium | C12: Check GUI màn hình trang đăng ký dịch vụ Ultra Fast | E12: 1. Truy cập home page hoặc Landing page: 2. Click chọn gói dịch vụ Ultra Fast bất kỳ 3. Click btn Đăng ký 4. Check GUI màn hình trang đăng ký dịch vụ Ultra Fast | F12: Hiển thị UI gồm: - Thanh tiến trình 2 bước: Thanh toán - Hoàn tất đơn hàng - Block Sản phẩm dịch vụ đã chọn - Block Thông tin cá nhân - Block Địa chỉ lắp đặt - Block Phương thức thanh toán - Block Thông tin khách hàng - Block Thông tin thanh toán | G12: Pass | H12: AnhDC4
A13: Màn hình Thông tin thanh toán
A14: =IF(C14="","",$C$3&"."&COUNTA($C$9:C14)&"") | B14: Block Sản phẩm dịch vụ đã chọn
A15: =IF(E15="","",$C$3&"."&COUNTA($E$9:E15)&"") -> TC_03.4 | B15: Medium | C15: Check hiển thị các trường trong block Sản phẩm dịch vụ đã chọn | D15: Chọn 1 gói dịch vụ Ultra Fast ở màn hình Chi tiết dịch vụ | E15: 1. Truy cập màn hình Thanh toán dịch vụ Ultra Fast 2.Check hiển thị các trường trong block Sản phẩm dịch vụ đã chọn | F15: Block hiển thị thông tin gồm: Title Sản phẩm dịch vụ đã chọn (Số lượng) - Icon Gói dịch vụ - Tên gói dịch vụ - Chu kỳ gói dịch vụ - Giá tiền Ref: sheet Thông tin chung | G15: Pass | H15: AnhDC4
A16: =IF(C16="","",$C$3&"."&COUNTA($C$9:C16)&"") | B16: Block Thông tin cá nhân
A17: =IF(E17="","",$C$3&"."&COUNTA($E$9:E17)&"") -> TC_03.5 | B17: Medium | C17: Check hiển thị các trường trong block Thông tin cá nhân | E17: 1. Truy cập màn hình Thanh toán dịch vụ Ultra Fast 2. Check UI block Thông tin cá nhân | F17: Block hiển thị 2 trường: - Số điện thoại (*) - Checkbox Tôi muốn nhận hóa đơn | G17: Pass | H17: AnhDC4 | I17: https://foxproject.atlassian.net/browse/EP-890 | J17: đã fix trong round
A18: =IF(E18="","",$C$3&"."&COUNTA($E$9:E18)&"") -> TC_03.6 | B18: Medium | C18: Check tick chọn checkbox Tôi muốn nhận hóa đơn | E18: 1. Truy cập màn hình Thanh toán dịch vụ Ultra Fast 2. Check tick chọn checkbox Tôi muốn nhận hóa đơn | F18: Hiển thị block Địa chỉ lắp đặt Hiện thị thêm textbox Email cạnh SĐT | G18: Pass | H18: AnhDC4 | I18: https://foxproject.atlassian.net/browse/EP-890 | J18: đã fix trong round
A19: =IF(E19="","",$C$3&"."&COUNTA($E$16:E19)&"") | B19: Block Thông tin khách hàng
A20: =IF(E20="","",$C$3&"."&COUNTA($E$9:E20)&"") -> TC_03.7 | B20: Medium | C20: Check hiển thị tại Block Thông tin khách hàng | E20: 1. Truy cập màn hình Thanh toán dịch vụ Ultra Fast 2. Check hiển thị tại Block Thông tin khách hàng | F20: Hiển thị các trường thông tin gồm: - Số điện thoại - Email(hiện nếu có chọnTôi muốn nhận hóa đơn) - Địa chỉ(hiện nếu có chọn Tôi muốn nhận hóa đơn) - icon collapse (mặc định) Ref: sheet Thông tin chung | G20: Pass | H20: AnhDC4 | I20: https://foxproject.atlassian.net/browse/EP-890 | J20: đã fix trong round
A21: =IF(E21="","",$C$3&"."&COUNTA($E$9:E21)&"") | B21: Thông tin thanh toán
A22: =IF(E22="","",$C$3&"."&COUNTA($E$9:E22)&"") -> TC_03.8 | B22: Medium | C22: Check mặc định hiển thị tại block Thông tin thanh toán | E22: 1. Truy cập màn hình Thanh toán dịch vụ Ultra Fast 2 . Check hiển thị tại block Thông tin thanh toán | F22: Hiển thị các thông tin gồm + Tên gói - 1 tháng - giá tiền + Textbox Nhập ưu đãi - hyperlink Chọn ưu đãi - Button Áp dụng + Cần thanh toán - Giá tiền + Button Thanh toán + icon collapse (mặc định) + Text (Bằng việc nhấn vào nút Thanh toán bạn đã đồng ý với các <linktext> điều khoản của FPT Telecom | G22: Pass | H22: AnhDC4
A23: Màn hình Hoàn tất đơn hàng
A24: =IF(E24="","",$C$3&"."&COUNTA($E$9:E24)&"") -> TC_03.9 | B24: High | C24: Check giao diện bước Hoàn tất đơn hàng_Chưa thanh toán | D24: - Thanh toán COD | E24: 1. Hoàn tất đơn hàng thanh toán COD 2. Check giao diện bước hoàn tất | F24: Hiển thị giao diện hoàn tất đơn hàng như sau: - Logo FPT Telecom - Các bước: Đăng ký |Thanh toán|Hoàn tất màu xanh lá - Label: Hoàn tất đơn hàng Chưa thanh toán Đăng ký thành công! Cảm ơn quý khách đã đăng ký sử dụng dịch vụ của FPT Telecom. Mọi thắc mắc, vui lòng liên hệ 1900 6600 để được giải đáp. Xin cảm ơn! - Block Thông tin đơn hàng(ref: sheet Thông tin chung) | G24: Block | H24: AnhDC4 | J24: cs hiện tại không có COD
A25: =IF(E25="","",$C$3&"."&COUNTA($E$9:E25)&"") -> TC_03.10 | B25: High | C25: Check giao diện bước Hoàn tất đơn hàng_Đã thanh toán | D25: - Thanh toán khác COD | E25: 1. Hoàn tất đơn hàng thanh toán khác COD 2. Check giao diện bước hoàn tất | F25: Hiển thị giao diện hoàn tất đơn hàng như sau: - Logo FPT Telecom - Các bước: Đăng ký |Thanh toán|Hoàn tất màu xanh lá - Label: Hoàn tất đơn hàng Thanh toán thành công Đăng ký thành công! Cảm ơn quý khách đã đăng ký sử dụng dịch vụ của FPT Telecom. Mọi thắc mắc, vui lòng liên hệ 1900 6600 để - Mã code Ultra Fast của bạn là: + Icon Ultra Fast + Mã code - Icon Sao chép + Button Kích hoạt code - Block Thông tin đơn hàng(ref: sheet Thông tin chung) | G25: Pass | H25: AnhDC4 | I25: SMS đang gửi kèm mã code | J25: sprint hiện tại chưa test được kích hoạt, đang ẩn button kích hoạt
A26: =IF(E26="","",$C$3&"."&COUNTA($E$9:E26)&"") -> TC_03.11 | B26: High | C26: Check hiển thị mã code ở màn hình Thanh toán thành công | D26: - Đã thanh toán đơn hàng | E26: 1. Tại bước Hoàn tất đơn hàng 2. Check hiển thị mã code ở màn hình Thanh toán thành công | F26: Hệ thống hiển thị mã code Ultra Fast | G26: Pass | H26: AnhDC4 | I26: https://foxproject.atlassian.net/browse/EP-910 | J26: đã fix trong round
A27: =IF(E27="","",$C$3&"."&COUNTA($E$9:E27)&"") -> TC_03.12 | B27: High | C27: Check show thông báo lỗi khi không gen được mã code | D27: - Đã thanh toán đơn hàng | E27: 1. Tại bước Hoàn tất đơn hàng 2. Check show thông báo lỗi khi không lấy được mã code | F27: Hệ thống hiển thị thông báo "Lấy mã không thành công. Liên hệ 1900 6600 để nhận hỗ trợ." Nút "Kích hoạt code" bị disable | G27: Block | H27: AnhDC4 | J27: chưa check được case này
A28: =IF(E28="","",$C$3&"."&COUNTA($E$9:E28)&"") -> TC_03.13 | B28: High | C28: Click icon Sao chép mã code Ultra Fast | D28: - Đã thanh toán đơn hàng | E28: 1. Tại bước Hoàn tất đơn hàng 2. Click icon Sao chép mã code Ultra Fast | F28: Hệ thống cho phép sao chép mã code thành công vào bộ nhớ tạm | G28: Pass | H28: AnhDC4
A29: =IF(E29="","",$C$3&"."&COUNTA($E$9:E29)&"") -> TC_03.14 | B29: High | C29: Click button Kích hoạt code khi Số điện thoại không tìm thấy hợp đồng FTEL | D29: - Đã thanh toán đơn hàng | E29: 1. Tại bước Hoàn tất đơn hàng 2. Click button Kích hoạt code khi Số điện thoại không tìm thấy hợp đồng FTEL | F29: Hệ thống show thông báo "Không tìm thấy hợp đồng. Số điện thoại đăng ký hiện chưa có hợp đồng sử dụng dịch vụ của FPT Telecom. Bấm Kích hoạt để chuyển đến màn hình kích hoạt FID." - Button Đồng ý | G29: Block | H29: AnhDC4 | J29: sprint hiện tại chưa test được kích hoạt, đang ẩn button kích hoạt
A30: =IF(E30="","",$C$3&"."&COUNTA($E$9:E30)&"") -> TC_03.15 | B30: High | C30: Click button Đồng ý ở popup Không tìm thấy hợp đồng | D30: - Đã thanh toán đơn hàng - Số điện thoại chưa có HĐ FTEL | E30: 1. Tại bước Hoàn tất đơn hàng 2. Click button Kích hoạt code khi Số điện thoại không tìm thấy hợp đồng FTEL 3. Click button Đồng ý ở popup Không tìm thấy hợp đồng | F30: Hệ thống điều hướng KH sang luồng FID. | G30: Block | H30: AnhDC4 | J30: sprint hiện tại chưa test được kích hoạt, đang ẩn button kích hoạt
A31: =IF(E31="","",$C$3&"."&COUNTA($E$9:E31)&"") -> TC_03.16 | B31: High | C31: Click button Kích hoạt code khi Số điện thoại đăng ký có > 1 Hợp đồng | D31: - Đã thanh toán đơn hàng - Số điện thoại đăng ký có > 1 hợp đồng | E31: 1. Tại bước Hoàn tất đơn hàng 2. Click button Kích hoạt code khi Số điện thoại đăng ký có > 1 Hợp đồng | F31: Hệ thống hiển thị popup Danh sách hợp đồng của SDT đã đăng ký: - Title: Chọn mã hợp đồng kích hoạt Ultra Fast - Danh sách hợp đồng thuộc SDT đăng ký - Button Xác nhận - Button Quay lại | G31: Block | H31: AnhDC4 | J31: sprint hiện tại chưa test được kích hoạt, đang ẩn button kích hoạt
A32: =IF(E32="","",$C$3&"."&COUNTA($E$9:E32)&"") -> TC_03.17 | B32: High | C32: Check load danh sách Số hợp đồng thuộc số điện thoại đã đăng ký | D32: - Đã thanh toán đơn hàng - Số điện thoại đăng ký có > 1 hợp đồng | E32: 1. Tại bước Hoàn tất đơn hàng 2. Click button Kích hoạt code khi Số điện thoại đăng ký có > 1 Hợp đồng 3. Tại popup Danh sách hợp đồng của SDT đăng ký 4. Check load danh sách Số hợp đồng thuộc số điện thoại đã đăng ký | F32: Hệ thống load đúng danh sách số hợp đồng thuộc SDT đăng ký | G32: Block | H32: AnhDC4 | J32: sprint hiện tại chưa test được kích hoạt, đang ẩn button kích hoạt
A33: =IF(E33="","",$C$3&"."&COUNTA($E$9:E33)&"") -> TC_03.18 | B33: High | C33: Check chọn 1 hợp đồng trong danh sách hợp đồng | D33: - Đã thanh toán đơn hàng - Số điện thoại đăng ký có > 1 hợp đồng | E33: 1. Tại bước Hoàn tất đơn hàng 2. Click button Kích hoạt code khi Số điện thoại đăng ký có > 1 Hợp đồng 3. Tại popup Danh sách hợp đồng của SDT đăng ký 4. Check chọn 1 hợp đồng trong danh sách hợp đồng | F33: Hệ thống cho phép chọn 1 hợp đồng trong danh sách, không được chọn nhiều hơn 1 hợp đồng | G33: Block | H33: AnhDC4 | J33: sprint hiện tại chưa test được kích hoạt, đang ẩn button kích hoạt
A34: =IF(E34="","",$C$3&"."&COUNTA($E$9:E34)&"") -> TC_03.19 | B34: High | C34: Click button Xác nhận khi chưa chọn hợp đồng | D34: - Đã thanh toán đơn hàng - Số điện thoại đăng ký có > 1 hợp đồng | E34: 1. Tại bước Hoàn tất đơn hàng 2. Click button Kích hoạt code khi Số điện thoại đăng ký có > 1 Hợp đồng 3. Tại popup Danh sách hợp đồng của SDT đăng ký 4. Không chọn hợp đồng 5. Click button Xác nhận | F34: Hệ thống show thông báo lỗi khi chưa chọn Số hợp đồng | G34: Block | H34: AnhDC4 | J34: sprint hiện tại chưa test được kích hoạt, đang ẩn button kích hoạt
A35: =IF(E35="","",$C$3&"."&COUNTA($E$9:E35)&"") -> TC_03.20 | B35: High | C35: Click button Xác nhận khi đã chọn hợp đồng | D35: - Đã thanh toán đơn hàng - Số điện thoại đăng ký có > 1 hợp đồng | E35: 1. Tại bước Hoàn tất đơn hàng 2. Click button Kích hoạt code khi Số điện thoại đăng ký có > 1 Hợp đồng 3. Tại popup Danh sách hợp đồng của SDT đăng ký 4. Chọn 1 hợp đồng 5. Click button Xác nhận | F35: Hê thống hiển thị popup show thông báo "Kích hoạt thành công. Dịch vụ Ultra Fast - {Số tháng} đã được kích hoạt cho hợp đồng {Mã HĐ}. Thời gian sử dụng từ {Ngày} đến {Ngày}" - Button Đóng đóng popup - Icon X * Thời gian sử dụng tương ứng với Gói dich vụ đã đăng ký * Mã HD: Số hợp đồng đã chọn Format: dd/mm/yyyy | G35: Block | H35: AnhDC4 | J35: sprint hiện tại chưa test được kích hoạt, đang ẩn button kích hoạt
A36: =IF(E36="","",$C$3&"."&COUNTA($E$9:E36)&"") -> TC_03.21 | B36: High | C36: Click button Kích hoạt code thành công khi Số điện thoại đăng ký có 1 Hợp đồng | D36: - Đã thanh toán đơn hàng | E36: 1. Tại bước Hoàn tất đơn hàng 2. Click button Kích hoạt code khi Số điện thoại đăng ký có 1 Hợp đồng | F36: Hê thống hiển thị popup show thông báo "Kích hoạt thành công. Dịch vụ Ultra Fast - {Số tháng} đã được kích hoạt cho hợp đồng {Mã HĐ}. Thời gian sử dụng từ {Ngày} đến {Ngày}" - Button Đóng đóng popup - Icon X * Thời gian sử dụng tương ứng với Gói dich vụ đã đăng ký Format: dd/mm/yyyy | G36: Block | H36: AnhDC4 | J36: sprint hiện tại chưa test được kích hoạt, đang ẩn button kích hoạt
A37: =IF(E37="","",$C$3&"."&COUNTA($E$9:E37)&"") -> TC_03.22 | B37: High | C37: Click button Đóng popup thông báo kích hoạt thành công | D37: - Đã thanh toán đơn hàng - Kích hoạt code thành công | E37: 1. Tại bước Hoàn tất đơn hàng 2. Click button Kích hoạt code khi Số điện thoại đăng ký hợp lệ 3. Click button Đóng popup thông báo kích hoạt thành công | F37: Hệ thống đóng popup quay lại màn hình Hoàn tất đơn hàng Button kích hoạt code Disable | G37: Block | H37: AnhDC4 | J37: sprint hiện tại chưa test được kích hoạt, đang ẩn button kích hoạt
A38: =IF(E38="","",$C$3&"."&COUNTA($E$9:E38)&"") -> TC_03.23 | B38: High | C38: Click icon X popup thông báo kích hoạt thành công | D38: - Đã thanh toán đơn hàng - Kích hoạt code thành công | E38: 1. Tại bước Hoàn tất đơn hàng 2. Click button Kích hoạt code khi Số điện thoại đăng ký hợp lệ 3. Click icon X popup thông báo kích hoạt thành công | F38: Hệ thống đóng popup quay lại màn hình Hoàn tất đơn hàng Button kích hoạt code Disable | G38: Block | H38: AnhDC4 | J38: sprint hiện tại chưa test được kích hoạt, đang ẩn button kích hoạt
A39: =IF(E39="","",$C$3&"."&COUNTA($E$9:E39)&"") -> TC_03.24 | B39: High | C39: Check show thông báo lỗi khi kích hoạt code Thất bại hoặc Time out | D39: - Đã thanh toán đơn hàng - Số điện thoại đăng ký hợp lệ - Kích hoạt code thất bại hoặc time out | E39: 1. Tại bước Hoàn tất đơn hàng 2. Click button Kích hoạt code 3. Check show thông báo lỗi khi kích hoạt code Thất bại | F39: Hệ thống show thông báo "Đã có lỗi trong quá trình xử lý, vui lòng thử lại sau hoặc liên hệ tổng đài 1900 6600 để được hỗ trợ!" | G39: Block | H39: AnhDC4 | J39: sprint hiện tại chưa test được kích hoạt, đang ẩn button kích hoạt

Sheet Hyper Fast
A3: Mã chức năng (Function ID) | C3: TC_04
A4: Tên chức năng (Function Name) | C4: Hyper Fast
A7: Testcase ID | B7: Mức Độ Ưu Tiên (Priority) | C7: Nội Dung Test (Test Title) | D7: Điều Kiện/ Dữ Liệu Test (Pre-condition/ Test Data) | E7: Các Bước Thực Hiện (Test Steps) | F7: Kết Quả Mong Đợi (Expected Results) | G7: =Summary!G8 -> Round 1 (09/04/2026 - 15/04/2026) | K7: =Summary!L8 -> Round 2 (dd/mm/yyyy - dd/mm/yyyy) | O7: =Summary!Q8 -> Round 3(dd/mm/yyyy - dd/mm/yyyy) | S7: =Summary!V8 -> Round 4 (dd/mm/yyyy - dd/mm/yyyy)
G8: Kết Quả Thực Hiện (Actual Result) | H8: Người Thực Hiện (Executed By) | I8: ID Bugs | J8: Ghi Chú (Remark) | K8: Kết Quả Thực Hiện (Actual Result) | L8: Người Thực Hiện (Executed By) | M8: ID Bugs | N8: Ghi Chú (Remark) | O8: Kết Quả Thực Hiện (Actual Result) | P8: Người Thực Hiện (Executed By) | Q8: ID Bugs | R8: Ghi Chú (Remark) | S8: Kết Quả Thực Hiện (Actual Result) | T8: Người Thực Hiện (Executed By) | U8: ID Bugs | V8: Ghi Chú (Remark)
A9: Điều hướng màn hình
A10: =IF(E10="","",$C$3&"."&COUNTA($E$9:E10)&"") -> TC_04.1 | B10: High | C10: Check điều hướng vào màn hình đăng ký dịch vụ Hyper Fast+ verify URL đúng dịch vụ | E10: 1. Truy cập home page hoặc Landing page: 2. Click chọn gói dịch vụ Hyper Fast bất kỳ 3. Click btn Đăng ký | F10: Điều hướng vào trang đăng ký đúng và đúng URL dịch vụ | G10: Pass | H10: AnhDC4
A11: =IF(E11="","",$C$3&"."&COUNTA($E$9:E11)&"") -> TC_04.2 | B11: High | C11: Check truy cập trực tiếp bằng đường dẫn | E11: 1. Truy cập trực tiếp bằng đường dẫn url:https://staging.fpt.vn/checkout/register/<goi hyperfast>?salechannelcode=tongdaiwifi | F11: Điều hướng vào trang đăng ký của dịch vụ đã chọn | G11: Pass | H11: AnhDC4
A12: =IF(E12="","",$C$3&"."&COUNTA($E$9:E12)&"") -> TC_04.3 | B12: Medium | C12: Check GUI màn hình trang đăng ký dịch vụ Hyper Fast | E12: 1. Truy cập home page hoặc Landing page: 2. Click chọn gói dịch vụ Hyper Fast bất kỳ 3. Click btn Đăng ký 4. Check GUI màn hình trang đăng ký dịch vụ Hyper Fast | F12: Hiển thị UI gồm: - Thanh tiến trình 2 bước: Thanh toán - Hoàn tất đơn hàng - Block Sản phẩm dịch vụ đã chọn - Block Thông tin cá nhân - Block Phương thức thanh toán - Block Thông tin khách hàng - Block Thông tin thanh toán | G12: Pass | H12: AnhDC4
A13: Màn hình Thông tin thanh toán
A14: =IF(C14="","",$C$3&"."&COUNTA($C$9:C14)&"") | B14: Block Sản phẩm dịch vụ đã chọn
A15: =IF(E15="","",$C$3&"."&COUNTA($E$9:E15)&"") -> TC_04.4 | B15: Medium | C15: Check hiển thị các trường trong block Sản phẩm dịch vụ đã chọn | D15: Chọn 1 gói dịch vụ Hyper Fast ở màn hình Chi tiết dịch vụ | E15: 1. Truy cập màn hình Thanh toán dịch vụ Hyper Fast 2.Check hiển thị các trường trong block Sản phẩm dịch vụ đã chọn | F15: Block hiển thị thông tin gồm: Title Sản phẩm dịch vụ đã chọn (Số lượng) - Icon Gói dịch vụ - Tên gói dịch vụ - Chu kỳ gói dịch vụ - Giá tiền Ref: sheet Thông tin chung | G15: Pass | H15: AnhDC4
A16: =IF(C16="","",$C$3&"."&COUNTA($C$9:C16)&"") | B16: Block Thông tin cá nhân
A17: =IF(E17="","",$C$3&"."&COUNTA($E$9:E17)&"") -> TC_04.5 | B17: Medium | C17: Check hiển thị các trường trong block Thông tin cá nhân | E17: 1. Truy cập màn hình Thanh toán dịch vụ Hyper Fast 2. Check UI block Thông tin cá nhân | F17: Block hiển thị 3 trường: - Số điện thoại (*) - Email - Text ghi chú: Số điện thoại sử dụng dịch vụ là Tài khoản sử dụng dịch vụ HyperFast | G17: Pass | H17: AnhDC4
A18: =IF(E18="","",$C$3&"."&COUNTA($E$16:E18)&"") | B18: Block Thông tin khách hàng
A19: =IF(E19="","",$C$3&"."&COUNTA($E$9:E19)&"") -> TC_04.6 | B19: Medium | C19: Check hiển thị tại Block Thông tin khách hàng | E19: 1. Truy cập màn hình Thanh toán dịch vụ Hyper Fast 2. Check hiển thị tại Block Thông tin khách hàng | F19: Hiển thị các trường thông tin gồm: - Số điện thoại - Email - icon collapse (mặc định) Ref: sheet Thông tin chung | G19: Pass | H19: AnhDC4
A20: =IF(E20="","",$C$3&"."&COUNTA($E$9:E20)&"") | B20: Thông tin thanh toán
A21: =IF(E21="","",$C$3&"."&COUNTA($E$9:E21)&"") -> TC_04.7 | B21: Medium | C21: Check mặc định hiển thị tại block Thông tin thanh toán | E21: 1. Truy cập màn hình Thanh toán dịch vụ Hyper Fast 2 . Check hiển thị tại block Thông tin thanh toán | F21: Hiển thị các thông tin gồm + Tên gói - 1 tháng - giá tiền + Textbox Nhập ưu đãi - hyperlink Chọn ưu đãi - Button Áp dụng + Cần thanh toán - Giá tiền + Button Thanh toán + icon collapse (mặc định) + Text (Bằng việc nhấn vào nút Thanh toán bạn đã đồng ý với các <linktext> điều khoản của FPT Telecom | G21: Pass | H21: AnhDC4 | J21: Sprint này chưa hiển thị block Ưu đãi
A22: Màn hình Hoàn tất đơn hàng
A23: =IF(E23="","",$C$3&"."&COUNTA($E$9:E23)&"") -> TC_04.8 | B23: High | C23: Check popup cảnh báo cộng dồn hiển thị TRƯỚC khi redirect cổng TT (SĐT đang dùng gói tương đương) | D23: - SĐT đang sử dụng HyperFast - 1 tháng, còn hạn đến {Ngày} - Đã điền đúng SĐT này vào form, đã chọn PTTT | E23: 1. Truy cập màn hình Thanh toán dịch vụ Hyper Fast HyperFast 2. Điền SĐT đang dùng gói tương đương 3. Điền Email hợp lệ 4. Chọn PTTT 5. Click btn 'Thanh toán' 6. Check có popup xuất hiện TRƯỚC khi chuyển cổng TT không | F23: Popup cảnh báo cộng dồn hiển thị TRƯỚC cổng TT: - Nội dung: 'Tài khoản đang dùng HyperFast - X tháng, hết hạn {Ngày}. Sẽ cộng thêm Y tháng sau khi kích hoạt.' - Có btn 'Đóng' và btn 'Đồng ý' KHÔNG redirect cổng TT cho đến khi KH chọn Format: dd/mm/yyyy | G23: Block | H23: AnhDC4 | J23: Chưa check được flow kích hoạt HyperFast
A24: =IF(E24="","",$C$3&"."&COUNTA($E$9:E24)&"") -> TC_04.9 | B24: High | C24: Click 'Đồng ý' popup cộng dồn → redirect sang cổng thanh toán | D24: - Popup cảnh báo cộng dồn đang hiển thị | E24: 1. Popup cảnh báo cộng dồn đang hiển thị 2. Click btn 'Đồng ý' 3. Check hành vi hệ thống | F24: Popup đóng lại Hệ thống redirect sang cổng thanh toán Giao dịch được ghi nhận loại 'cộng dồn' | G24: Block | H24: AnhDC4 | J24: Chưa check được flow kích hoạt HyperFast
A25: =IF(E25="","",$C$3&"."&COUNTA($E$9:E25)&"") -> TC_04.10 | B25: High | C25: Click 'Đóng' popup cộng dồn → hủy TT, giữ nguyên màn Checkout | D25: - Popup cảnh báo cộng dồn đang hiển thị | E25: 1. Popup cảnh báo cộng dồn đang hiển thị 2. Click btn 'Đóng' 3. Check hành vi hệ thống | F25: Popup đóng lại Màn hình Checkout HyperFast giữ nguyên (không redirect) Khách hàng có thể tiếp tục chỉnh sửa thông tin | G25: Block | H25: AnhDC4 | J25: Chưa check được flow kích hoạt HyperFast
A26: =IF(E26="","",$C$3&"."&COUNTA($E$9:E26)&"") -> TC_04.11 | B26: High | C26: Check popup cảnh báo thay thế gói hiển thị TRƯỚC khi redirect cổng TT (SĐT đang dùng gói khác loại) | D26: - SĐT đang dùng gói HyperFast khác loại (VD: đang dùng Basic, muốn mua Pro) - Đã điền đúng SĐT này vào form, đã chọn PTTT | E26: 1. Truy cập màn hình Thanh toán dịch vụ Hyper Fast HyperFast 2. Điền SĐT đang dùng gói khác loại 3. Điền Email hợp lệ 4. Chọn PTTT 5. Click btn 'Thanh toán' 6. Check popup xuất hiện | F26: Popup cảnh báo thay thế hiển thị TRƯỚC cổng TT: - Nội dung: 'Tài khoản đã đăng ký gói {Cũ}, hết hạn {Ngày}. Quý khách sẽ được thay thế bằng gói {Mới} sau khi hoàn tất thanh toán.' - Có btn 'Đóng' và btn 'Đồng ý' KHÔNG redirect cổng TT cho đến khi KH chọn Format: dd/mm/yyyy | G26: Block | H26: AnhDC4 | J26: Chưa check được flow kích hoạt HyperFast
A27: =IF(E27="","",$C$3&"."&COUNTA($E$9:E27)&"") -> TC_04.12 | B27: High | C27: Click 'Đồng ý' popup thay thế gói → redirect sang cổng thanh toán | D27: - Popup cảnh báo thay thế gói đang hiển thị | E27: 1. Popup cảnh báo thay thế đang hiển thị 2. Click btn 'Đồng ý' 3. Check hành vi hệ thống | F27: Popup đóng lại Hệ thống redirect sang cổng thanh toán (gateway) Giao dịch được ghi nhận loại 'thay thế gói' | G27: Block | H27: AnhDC4 | J27: Chưa check được flow kích hoạt HyperFast
A28: =IF(E28="","",$C$3&"."&COUNTA($E$9:E28)&"") -> TC_04.13 | B28: High | C28: Click 'Đóng' popup thay thế gói → hủy TT, giữ màn Checkout | D28: - Popup cảnh báo thay thế gói đang hiển thị | E28: 1. Popup cảnh báo thay thế đang hiển thị 2. Click btn 'Đóng' 3. Check hành vi hệ thống | F28: Popup đóng lại Màn hình Checkout HyperFast giữ nguyên (không redirect) Thông tin form được giữ nguyên | G28: Block | H28: AnhDC4 | J28: Chưa check được flow kích hoạt HyperFast
A29: =IF(E29="","",$C$3&"."&COUNTA($E$9:E29)&"") -> TC_04.14 | B29: High | C29: Check popup 'Đăng ký không thành công' khi KH vừa thay đổi gói — thông báo chờ X ngày | D29: SĐT vừa thực hiện thay đổi gói; gói mới chưa thể áp dụng ngay do ràng buộc thời gian | E29: 1. Truy cập màn hình Thanh toán dịch vụ Hyper Fast 2. Điền SĐT thay đổi từ {Gói cũ} sang {Gói mới} 3. Điền Email hợp lệ 4. Chọn PTTT 5. Click btn 'Thanh toán' | F29: Popup 'Đăng ký không thành công' hiển thị: - Icon △ cảnh báo - Tiêu đề: 'Đăng ký không thành công' - Nội dung: '"Quý khách vừa thực hiện thay đổi gói từ {Gói cũ} sang {Gói mới}, vui lòng thực hiện lại sau {X ngày}, xin cảm ơn!' - Btn 'Đóng' | G29: Block | H29: AnhDC4 | J29: Chưa check được flow kích hoạt HyperFast
A30: =IF(E30="","",$C$3&"."&COUNTA($E$9:E30)&"") -> TC_04.15 | B30: High | C30: Check nội dung popup 'Đăng ký không thành công' hiển thị đúng {Gói cũ}, {Gói mới}, {X ngày} | D30: SĐT vừa thực hiện thay đổi gói | E30: 1. Truy cập màn hình Thanh toán dịch vụ Hyper Fast 2. Thực hiện thay đổi gói không thành công 3. Popup lỗi hiển thị 4. Check nội dung | F30: Popup hiển thị dynamic: {Gói cũ}, {Gói mới}, {X ngày} đều đúng với dữ liệu thực tế Không hardcode giá trị Format: dd/mm/yyyy | G30: Block | H30: AnhDC4 | J30: Chưa check được flow kích hoạt HyperFast
A31: =IF(E31="","",$C$3&"."&COUNTA($E$9:E31)&"") -> TC_04.16 | B31: High | C31: Click 'Đóng' popup 'Đăng ký không thành công' — đóng popup, hiện màn hình Hoàn tất | D31: Popup 'Đăng ký không thành công' đang hiển thị | E31: 1. Popup đang hiển thị 2. Click btn 'Đóng' 3. Check màn hình sau | F31: Popup đóng Hiển thị màn hình Hoàn tất đơn hàng | G31: Block | H31: AnhDC4 | J31: Chưa check được flow kích hoạt HyperFast
A32: =IF(E32="","",$C$3&"."&COUNTA($E$9:E32)&"") -> TC_04.17 | B32: High | C32: Check hiển thị Overlay Loading sau khi thanh toán thành công | D32: Thanh toán thành công, hệ thống đang xử lý kích hoạt | E32: 1. Hoàn tất thanh toán thành công 2. Check màn hình hiển thị ngay sau khi thanh toán | F32: Hiển thị Overlay Loading toàn màn hình với icon xoay (animation) Text: 'Hệ thống đang kích hoạt' Sub-text: 'Hệ thống đang thực hiện kích hoạt dịch vụ, quý khách vui lòng không tắt màn hình, Xin cảm ơn!' | G32: Block | H32: AnhDC4 | J32: Chưa check được flow kích hoạt HyperFast
A33: =IF(E33="","",$C$3&"."&COUNTA($E$9:E33)&"") -> TC_04.18 | B33: High | C33: Check Overlay Loading khóa toàn màn hình — người dùng không thể tương tác | D33: Overlay Loading đang hiển thị | E33: 1. Overlay Loading đang hiển thị 2. Thử click vào các element phía sau overlay (btn, link...) 3. Check có tương tác được không | F33: Overlay che toàn màn hình, không thể click/tương tác với bất kỳ element nào bên dưới | G33: Block | H33: AnhDC4 | J33: Chưa check được flow kích hoạt HyperFast
A34: =IF(E34="","",$C$3&"."&COUNTA($E$9:E34)&"") -> TC_04.19 | B34: High | C34: Check không có nút đóng/thoát trên Overlay Loading | D34: Overlay Loading đang hiển thị | E34: 1. Overlay Loading đang hiển thị 2. Check toàn bộ overlay có nút X, btn Đóng, hay btn Thoát không | F34: Overlay KHÔNG có nút X, nút Đóng, nút Thoát Người dùng không thể tự tắt overlay | G34: Block | H34: AnhDC4 | J34: Chưa check được flow kích hoạt HyperFast
... A48: =IF(E48="","",$C$3&"."&COUNTA($E$9:E48)&"") -> TC_04.33 | B48: High | C48: Check giao diện bước Hoàn tất đơn hàng_Chưa thanh toán | D48: - Thanh toán COD | E48: 1. Hoàn tất đơn hàng thanh toán COD 2. Check giao diện bước hoàn tất | F48: Hiển thị giao diện hoàn tất đơn hàng như sau: - Logo FPT Telecom - Các bước: Đăng ký |Thanh toán|Hoàn tất màu xanh lá - Label: Hoàn tất đơn hàng Chưa thanh toán Đăng ký thành công! Cảm ơn quý khách đã đăng ký sử dụng dịch vụ của FPT Telecom. Mọi thắc mắc, vui lòng liên hệ 1900 6600 để được giải đáp. Xin cảm ơn! - Block tải app HyperFast + btn 'Tải xuống' - Block Thông tin đơn hàng(ref: sheet Thông tin chung) + Mã đơn hàng + Thông tin khách hàng + Thông tin thanh toán | G48: Block | H48: AnhDC4 | J48: CS hiện tại chưa có COD
A49: =IF(E49="","",$C$3&"."&COUNTA($E$9:E49)&"") -> TC_04.34 | B49: High | C49: Check giao diện bước Hoàn tất đơn hàng_Đã thanh toán | D49: - Thanh toán khác COD | E49: 1. Hoàn tất đơn hàng thanh toán khác COD 2. Check giao diện bước hoàn tất | F49: Hiển thị giao diện hoàn tất đơn hàng như sau: - Logo FPT Telecom - Các bước: Đăng ký |Thanh toán|Hoàn tất màu xanh lá - Label: Hoàn tất đơn hàng Thanh toán thành công Đăng ký thành công! Cảm ơn quý khách đã đăng ký sử dụng dịch vụ của FPT Telecom. Mọi thắc mắc, vui lòng liên hệ 1900 6600 để được giải đáp. Xin cảm ơn! - Block tải app HyperFast + btn 'Tải xuống' - Block Thông tin đơn hàng(ref: sheet Thông tin chung) + Mã đơn hàng + Thông tin khách hàng + Thông tin thanh toán | G49: Pass | H49: AnhDC4
A50: =IF(E50="","",$C$3&"."&COUNTA($E$9:E50)&"") -> TC_04.35 | B50: High | C50: Check block tải app HyperFast hiển thị đúng: icon, text, btn 'Tải xuống' | D50: Màn hình Hoàn tất sau khi kích hoạt thành công | E50: 1. Truy cập màn hình Hoàn tất 2. Check block tải ứng dụng | F50: Block hiển thị: - Icon HyperFast + Text 'Đăng ký thành công! HyperFast' - Sub-text: 'Tải ứng dụng HyperFast để trải nghiệm dịch vụ.' - Btn 'Tải xuống' (icon Windows) màu xanh dương | G50: Pass | H50: AnhDC4
A51: =IF(E51="","",$C$3&"."&COUNTA($E$9:E51)&"") -> TC_04.36 | B51: High | C51: Click 'Tải xuống' trên Windows — tải file .exe thành công, không có popup lỗi | D51: Đang truy cập trên trình duyệt Windows; Màn hình Hoàn tất đang hiển thị | E51: 1. Truy cập màn hình Hoàn tất trên thiết bị Windows 2. Click btn 'Tải xuống' 3. Check hành vi | F51: Hệ thống nhận diện User-Agent là Windows Tự động tải file .exe HyperFast KHÔNG hiển thị popup lỗi | G51: Pass | H51: AnhDC4
A52: =IF(E52="","",$C$3&"."&COUNTA($E$9:E52)&"") -> TC_04.37 | B52: High | C52: Click 'Tải xuống' trên Mobile — hiện popup lỗi 'Ứng dụng không hỗ trợ' | D52: Đang truy cập trên thiết bị Mobile (iOS/Android); Màn hình Hoàn tất đang hiển thị | E52: 1. Truy cập màn hình Hoàn tất trên Mobile 2. Click btn 'Tải xuống' 3. Check popup | F52: Hiển thị popup lỗi: - Icon cảnh báo màu cam - Tiêu đề: 'Ứng dụng không hỗ trợ trên thiết bị của bạn' - Nội dung: '...Vui lòng sử dụng hệ điều hành Window để tải ứng dụng trên PC.' - Btn 'Đóng' | G52: Pass | H52: AnhDC4
A53: =IF(E53="","",$C$3&"."&COUNTA($E$9:E53)&"") -> TC_04.38 | B53: High | C53: Click 'Tải xuống' trên MacOS/Linux— hiện popup lỗi thiết bị không hỗ trợ | D53: Đang truy cập trên MacOS/Linux; Màn hình Hoàn tất đang hiển thị | E53: 1. Truy cập màn hình Hoàn tất trên MacOS/Linux 2. Click btn 'Tải xuống' 3. Check popup | F53: Popup lỗi 'Ứng dụng không hỗ trợ trên thiết bị của bạn' hiển thị Nội dung giống Mobile: hướng dẫn dùng Windows | G53: Block | H53: AnhDC4 | J53: chưa test được trên macos/linux
A54: =IF(E54="","",$C$3&"."&COUNTA($E$9:E54)&"") -> TC_04.39 | B54: High | C54: Click 'Đóng' popup lỗi tải app — đóng popup, giữ màn hình Hoàn tất | D54: Popup 'Ứng dụng không hỗ trợ' đang hiển thị | E54: 1. Popup lỗi thiết bị đang hiển thị 2. Click btn 'Đóng' 3. Check màn hình sau | F54: Popup đóng lại Giữ nguyên màn hình Hoàn tất đơn hàng không bị ảnh hưởng | G54: Pass | H54: AnhDC4
A55: =IF(E55="","",$C$3&"."&COUNTA($E$9:E55)&"") -> TC_04.40 | B55: High | C55: Check popup lỗi tải app không ảnh hưởng thông tin đơn hàng bên phải | D55: Popup lỗi 'Ứng dụng không hỗ trợ' đang hiển thị | E55: 1. Click 'Tải xuống' trên non-Windows → popup lỗi hiển thị 2. Check TTKH và TT thanh toán bên phải | F55: Block TTKH và TT thanh toán bên phải vẫn hiển thị đúng Popup không làm mất dữ liệu đơn hàng | G55: Pass | H55: AnhDC4 | J55: chưa test được trên mobile/ macos/linux

Sheet Chi tiết các dịch vụ SA
A3: Mã chức năng (Function ID) | C3: TC_05
A4: Tên chức năng (Function Name) | C4: Chi tiết dịch vụ SA
A7: Testcase ID | B7: Mức Độ Ưu Tiên (Priority) | C7: Nội Dung Test (Test Title) | D7: Điều Kiện/ Dữ Liệu Test (Pre-condition/ Test Data) | E7: Các Bước Thực Hiện (Test Steps) | F7: Kết Quả Mong Đợi (Expected Results) | G7: =Summary!G8 -> Round 1 (09/04/2026 - 15/04/2026) | M7: =Summary!L8 -> Round 2 (dd/mm/yyyy - dd/mm/yyyy) | U7: =Summary!V8 -> Round 4 (dd/mm/yyyy - dd/mm/yyyy)
G8: Kết Quả Thực Hiện (Actual Result) | J8: Người Thực Hiện (Executed By) | K8: ID Bugs | L8: Ghi Chú (Remark) | M8: Kết Quả Thực Hiện (Actual Result) | P8: Người Thực Hiện (Executed By) | Q8: ID Bugs | R8: Ghi Chú (Remark) | S8: ID Bugs | T8: Ghi Chú (Remark) | U8: Kết Quả Thực Hiện (Actual Result) | V8: Người Thực Hiện (Executed By) | W8: ID Bugs | X8: Ghi Chú (Remark)
A9: Các dịch vụ cần test | G9: FPL | H9: Ultra Fast | I9: HyperFast | M9: FPL | N9: Ultra Fast | O9: HyperFast
A10: Tổng Quan Màn Hình
A11: =IF(E11="","",$C$3&"."&COUNTA($E$11:E11)&"") -> TC_05.1 | B11: High | C11: Kiểm tra layout tổng thể trang chi tiết dịch vụ | D11: Đang ở trang chi tiết dịch vụ với URL hợp lệ của 1 gói bán đang active. | E11: 1. Mở trang chi tiết dịch vụ. 2. Quan sát toàn bộ bố cục màn hình. | F11: Trang hiển thị đầy đủ các block theo đúng thứ tự: (1) Header dùng chung (2) Breadcrumb (3) Hình ảnh & Video (4) Thông tin gói bán (Tên, Mô tả, Chu kỳ, Giá bán) (5) Block Đặc quyền (6) Block Ưu đãi (7) Block Khuyến mãi thanh toán (8) Button Mua ngay (9) Block Thông tin sản phẩm (10) Block Thông tin hay (11) Block Đã xem gần đây (12) Câu hỏi thường gặp (13) Footer dùng chung Không có block bị vỡ layout, trùng chèn hoặc hiển thị lỗi. | G11: Pass | H11: Pass | I11: Pass | J11: GiangDC2
A12: =IF(E12="","",$C$3&"."&COUNTA($E$11:E12)&"") -> TC_05.2 | B12: High | C12: Kiểm tra trang chi tiết dịch vụ truy cập tử Homepage | D12: User mở trình duyệt. | E12: 1. Truy cập Homepage Tongdaiwifi 2. Click btn Xem chi tiết tại card dịch vụ SA bất kỳ | F12: Điều hướng đúng màn hình chi tiết của dịch vụ, Và load tên gói đúng với card đã chọn | G12: Pass | H12: Pass | I12: Pass | J12: GiangDC2
A13: =IF(E13="","",$C$3&"."&COUNTA($E$11:E13)&"") -> TC_05.3 | B13: High | C13: Kiểm tra trang chi tiết dịch vụ truy cập trực tiếp từ link | D13: User mở trình duyệt. | E13: 1. Nhập URL trang chi tiết dịch vụ với ID sản phẩm hợp lệ vào thanh địa chỉ. 2. Nhấn Enter. | F13: Điều hướng đúng màn hình chi tiết của dịch vụ, và load thông tin gói đúng với URL đã nhập | G13: Pass | H13: Pass | I13: Pass | J13: GiangDC2
A14: =IF(E14="","",$C$3&"."&COUNTA($E$11:E14)&"") -> TC_05.4 | B14: Medium | C14: Kiểm tra trang chi tiết dịch vụ với URL sản phẩm không tồn tại | D14: User mở trình duyệt. | E14: 1. Nhập URL trang chi tiết dịch vụ với ID sản phẩm không tồn tại vào thanh địa chỉ. 2. Nhấn Enter. | F14: Hệ thống hiển thị trang lỗi (404) hoặc trang thông báo 'Không tìm thấy sản phẩm'. Không hiển thị trang trắng hoặc crash. | G14: Pass | H14: Pass | I14: Pass | J14: GiangDC2
A15: Breadcrumb
A16: =IF(E16="","",$C$3&"."&COUNTA($E$11:E16)&"") -> TC_05.5 | B16: High | C16: Kiểm tra breadcrumb hiển thị đúng danh mục và tên gói dịch vụ | D16: Đang ở trang chi tiết dịch vụ với URL hợp lệ của 1 gói bán đang active. | E16: 1. Mở trang chi tiết dịch vụ. 2. Quan sát breadcrumb ở đầu trang. | F16: Breadcrumb hiển thị đúng chuỗi danh mục sản phẩm dẫn đến gói đang xem. Điểm đến cuối cùng là tên gói bán hiện tại. | G16: Pass | H16: Pass | I16: Pass | J16: GiangDC2
A17: =IF(E17="","",$C$3&"."&COUNTA($E$11:E17)&"") -> TC_05.6 | B17: Medium | C17: Kiểm tra breadcrumb điều hướng về trang danh mục cha | D17: Đang ở trang chi tiết dịch vụ với URL hợp lệ của 1 gói bán đang active. | E17: 1. Mở trang chi tiết dịch vụ. 2. Click vào một mục trung gian trong breadcrumb (không phải mục cuối). | F17: Hệ thống điều hướng đúng đến trang danh mục tương ứng. URL thay đổi chính xác. | G17: Pass | H17: Pass | I17: Pass | J17: GiangDC2
A18: =IF(E18="","",$C$3&"."&COUNTA($E$11:E18)&"") -> TC_05.7 | B18: Low | C18: Kiểm tra breadcrumb không cho phép click vào điểm cuối (tên gói hiện tại) | D18: Đang ở trang chi tiết dịch vụ với URL hợp lệ của 1 gói bán đang active. | E18: 1. Mở trang chi tiết dịch vụ. 2. Click vào tên gói ở cuối breadcrumb. | F18: Giữ nguyên màn hình hiện tại, không điều hướng | G18: Pass | H18: Pass | I18: Pass | J18: GiangDC2
A19: Hình Ảnh & Video Sản Phẩm
A20: =IF(E20="","",$C$3&"."&COUNTA($E$11:E20)&"") -> TC_05.8 | B20: High | C20: Kiểm tra hiển thị hình ảnh và video sản phẩm load từ ProductHub | D20: Đang ở trang chi tiết dịch vụ với URL hợp lệ của 1 gói bán đang active. Gói bán có cả ảnh và video trong ProductHub. | E20: 1. Mở trang chi tiết dịch vụ. 2. Quan sát block Hình ảnh & Video. | F20: Hình ảnh và video load đúng từ ProductHub. Ảnh đầu tiên hiển thị ở khung chính. Thumbnail ảnh/video hiển thị phía dưới để chọn. | G20: Pass | H20: Pass | I20: Pass | J20: GiangDC2 | L20: hiện tại chưa hỗ trợ đính kèm video
A21: =IF(E21="","",$C$3&"."&COUNTA($E$11:E21)&"") -> TC_05.9 | B21: High | C21: Kiểm tra giới hạn tối đa 10 mục hình ảnh & video | D21: Đang ở trang chi tiết dịch vụ với URL hợp lệ của 1 gói bán đang active. Gói bán có hơn 10 ảnh/video trong ProductHub. | E21: 1. Mở trang chi tiết dịch vụ. 2. Đếm số lượng ảnh và video hiển thị trong block. | F21: Hệ thống chỉ hiển thị tối đa 10 mục (ảnh + video kết hợp). Các mục từ thứ 11 trở đi không hiển thị. | G21: Pass | H21: Pass | I21: Pass | J21: GiangDC2 | L21: hiện tại chưa hỗ trợ đính kèm video
A22: =IF(E22="","",$C$3&"."&COUNTA($E$11:E22)&"") -> TC_05.10 | B22: High | C22: Kiểm tra chuyển ảnh/video bằng nút điều hướng | D22: Đang ở trang chi tiết dịch vụ với URL hợp lệ của 1 gói bán đang active. Gói bán có >= 3 ảnh trong ProductHub. | E22: 1. Mở trang chi tiết dịch vụ. 2. Click nút điều hướng sang phải (Next). | F22: Hình ảnh chuyển sang mục tiếp theo. Khung ảnh chính cập nhật đúng ảnh tương ứng. | G22: Pass | H22: Pass | I22: Pass | J22: GiangDC2
A23: =IF(E23="","",$C$3&"."&COUNTA($E$11:E23)&"") -> TC_05.11 | B23: High | C23: Kiểm tra nút điều hướng khi đang ở vị trí giữa | D23: Đang ở trang chi tiết dịch vụ với URL hợp lệ của 1 gói bán đang active. Gói bán có >= 3 ảnh/video trong ProductHub. | E23: 1. Mở trang chi tiết dịch vụ. 2. Click nút Next 3. Quan sát trạng thái nút Next/Prev | F23: Nút Next/Prev không bị disable có thể click được | G23: Pass | H23: Pass | I23: Pass | J23: GiangDC2
A24: =IF(E24="","",$C$3&"."&COUNTA($E$11:E24)&"") -> TC_05.12 | B24: High | C24: Kiểm tra nút điều hướng bị disabled khi đến giới hạn phải | D24: Đang ở trang chi tiết dịch vụ với URL hợp lệ của 1 gói bán đang active. Gói bán có >= 2 ảnh/video trong ProductHub. | E24: 1. Mở trang chi tiết dịch vụ. 2. Click nút Next liên tục cho đến mục cuối cùng. 3. Quan sát trạng thái nút Next. | F24: Nút điều hướng phải (Next) bị disabled (không thể click, thay đổi giao diện thể hiện trạng thái disabled) khi đang ở mục cuối cùng. | G24: Pass | H24: Pass | I24: Pass | J24: GiangDC2
A25: =IF(E25="","",$C$3&"."&COUNTA($E$11:E25)&"") -> TC_05.13 | B25: High | C25: Kiểm tra nút điều hướng bị disabled khi đang ở mục đầu tiên (giới hạn trái) | D25: Đang ở trang chi tiết dịch vụ với URL hợp lệ của 1 gói bán đang active. Gói bán có >= 2 ảnh/video trong ProductHub. | E25: 1. Mở trang chi tiết dịch vụ. 2. Quan sát trạng thái nút điều hướng trái (Prev) ngay khi mở trang. | F25: Nút điều hướng trái (Prev) bị disabled khi đang hiển thị mục đầu tiên (không thể click thêm về trái). | G25: Pass | H25: Pass | I25: Pass | J25: GiangDC2
A26: =IF(E26="","",$C$3&"."&COUNTA($E$11:E26)&"") -> TC_05.14 | B26: Medium | C26: Kiểm tra cả 2 nút điều hướng đều disabled khi gói bán chỉ có 1 mục ảnh/video | D26: Đang ở trang chi tiết dịch vụ với URL hợp lệ của 1 gói bán đang active. Gói bán chỉ có đúng 1 ảnh hoặc 1 video trong ProductHub. | E26: 1. Mở trang chi tiết dịch vụ. 2. Quan sát trạng thái cả hai nút điều hướng. | F26: Cả nút Prev và Next đều ẩn. Không thể click vào bất kỳ nút nào. | G26: Pass | H26: Pass | I26: Pass | J26: GiangDC2
A27: =IF(E27="","",$C$3&"."&COUNTA($E$11:E27)&"") -> TC_05.15 | B27: High | C27: Kiểm tra video tự động play khi chuyển đến mục video | D27: Đang ở trang chi tiết dịch vụ với URL hợp lệ của 1 gói bán đang active. Gói bán có ít nhất 1 video và 1 ảnh trong ProductHub, video không phải mục đầu tiên. | E27: 1. Mở trang chi tiết dịch vụ. 2. Chuyển điều hướng đến mục là video. | F27: Video tự động phát (autoplay) trong khung ảnh chính ngay khi chuyển tới. Không cần người dùng click thêm. | G27: Block | H27: Block | I27: Block | J27: GiangDC2 | L27: chưa hỗ trợ video
A28: =IF(E28="","",$C$3&"."&COUNTA($E$11:E28)&"") -> TC_05.16 | B28: High | C28: Kiểm tra click vào video mở popup trình phát video | D28: Đang ở trang chi tiết dịch vụ với URL hợp lệ của 1 gói bán đang active. Gói bán có ít nhất 1 video trong ProductHub. | E28: 1. Mở trang chi tiết dịch vụ. 2. Chuyển đến mục video. 3. Click vào video đang play trong khung chính. | F28: Hệ thống mở popup trình phát video ở dạng overlay/lightbox. Video tiếp tục phát trong popup. Nền màn hình bị mờ/dim. | G28: Block | H28: Block | I28: Block | J28: GiangDC2 | L28: chưa hỗ trợ video
A29: =IF(E29="","",$C$3&"."&COUNTA($E$11:E29)&"") -> TC_05.17 | B29: Medium | C29: Kiểm tra tổng số mục boundary = 10 (đúng giới hạn tối đa) | D29: Đang ở trang chi tiết dịch vụ với URL hợp lệ của 1 gói bán đang active. Gói bán có đúng 10 ảnh/video trong ProductHub. | E29: 1. Mở trang chi tiết dịch vụ. 2. Đếm tổng số mục media hiển thị. 3. Click Next đến mục cuối cùng. | F29: Hiển thị đúng 10 mục. Mục thứ 10 là mục cuối. Nút Next disabled ở mục thứ 10. | G29: Pass | H29: Pass | I29: Pass | J29: GiangDC2
A30: Thông Tin Gói Bán
A31: =IF(E31="","",$C$3&"."&COUNTA($E$11:E31)&"") -> TC_05.18 | B31: High | C31: Kiểm tra hiển thị tên gói và mô tả gói từ ProductHub | D31: Đang ở trang chi tiết dịch vụ với URL hợp lệ của 1 gói bán đang active. | E31: 1. Mở trang chi tiết dịch vụ. 2. Quan sát block Thông tin gói bán. | F31: Tên gói và mô tả gói hiển thị đúng theo dữ liệu từ ProductHub. Không bị cắt ngắn bất thường, font và layout đúng design. | G31: Pass | H31: Pass | I31: Pass | J31: GiangDC2
A32: =IF(E32="","",$C$3&"."&COUNTA($E$11:E32)&"") -> TC_05.19 | B32: High | C32: Kiểm tra hiển thị các option chu kỳ của gói | D32: Đang ở trang chi tiết dịch vụ với URL hợp lệ của 1 gói bán đang active. Gói bán có nhiều chu kỳ (ví dụ: 1 tháng, 3 tháng, 12 tháng). | E32: 1. Mở trang chi tiết dịch vụ. 2. Quan sát block Chu kỳ của gói. | F32: Tất cả các option chu kỳ của gói hiển thị đúng. Option đầu tiên (hoặc mặc định) được highlight. | G32: Pass | H32: Pass | I32: Pass | J32: GiangDC2
A33: =IF(E33="","",$C$3&"."&COUNTA($E$11:E33)&"") -> TC_05.20 | B33: High | C33: Kiểm tra chọn chu kỳ → option được highlight | D33: Đang ở trang chi tiết dịch vụ với URL hợp lệ của 1 gói bán đang active. Gói bán có >= 2 chu kỳ. | E33: 1. Mở trang chi tiết dịch vụ. 2. Click chọn một option chu kỳ khác (không phải mặc định). | F33: Option vừa click được highlight (active state). Các option khác trở về trạng thái không được chọn. | G33: Pass | H33: Pass | I33: Pass | J33: GiangDC2
A34: Giá Bán
A35: =IF(E35="","",$C$3&"."&COUNTA($E$11:E35)&"") -> TC_05.21 | B35: High | C35: Kiểm tra giá bán hiển thị theo location khi user có location | D35: User đã chọn Location | E35: 1. Mở trang chi tiết dịch vụ. 2. Quan sát block Giá bán. | F35: Giá bán hiển thị đúng theo location của user (lấy từ ProductHub theo location). Giá đúng định dạng tiền tệ (VND hoặc theo cấu hình). | G35: Pass | H35: Pass | I35: Pass | J35: GiangDC2
A36: =IF(E36="","",$C$3&"."&COUNTA($E$11:E36)&"") -> TC_05.22 | B36: High | C36: Kiểm tra giá bán hiển thị giá thấp nhất khi user không có location | D36: User đã chưa chọn Location | E36: 1. Mở trang chi tiết dịch vụ. 2. Quan sát block Giá bán. | F36: Giá bán hiển thị giá thấp nhất hiện có trên ProductHub (không phụ thuộc location). Giá đúng định dạng tiền tệ. | G36: Pass | H36: Pass | I36: Pass | J36: GiangDC2
A37: =IF(E37="","",$C$3&"."&COUNTA($E$11:E37)&"") -> TC_05.23 | B37: High | C37: Kiểm tra giá bán khi user chọn chu kỳ khác | D37: Đang ở trang chi tiết dịch vụ với URL hợp lệ của 1 gói bán đang active. Gói bán có >= 2 chu kỳ | E37: 1. Mở trang chi tiết dịch vụ. 2. Quan sát giá bán ứng với chu kỳ mặc định. 3. Click chọn chu kỳ khác. | F37: Giá hiển thị đúng với chu kỳ đã chọn | G37: Pass | H37: Pass | I37: Pass | J37: GiangDC2
A38: =IF(E38="","",$C$3&"."&COUNTA($E$11:E38)&"") -> TC_05.24 | B38: Medium | C38: Kiểm tra định dạng hiển thị giá bán (format số, đơn vị tiền tệ) | D38: Đang ở trang chi tiết dịch vụ với URL hợp lệ của 1 gói bán đang active. | E38: 1. Mở trang chi tiết dịch vụ. 2. Quan sát giá trị và định dạng giá bán. | F38: Giá hiển thị đúng định dạng: có dấu phân cách hàng nghìn, đơn vị tiền tệ (VNĐ/đ hoặc theo thiết kế). Không hiển thị số raw không định dạng. | G38: Pass | H38: Pass | I38: Pass | J38: GiangDC2
A39: Block Đặc quyền
A40: =IF(E40="","",$C$3&"."&COUNTA($E$11:E40)&"") -> TC_05.25 | B40: Medium | C40: Kiểm tra blockĐặc quyền load data từ ProductHub | D40: Đang ở trang chi tiết dịch vụ với URL hợp lệ của 1 gói bán đang active. | E40: 1. Mở trang chi tiết dịch vụ. 2. Quan sát block Đặc quyền | F40: Block hiển thị đúng nội dung được cấu hình trong ProductHub. Không có nội dung trống hoặc lỗi hiển thị. | G40: Pass | H40: Pass | I40: Pass | J40: GiangDC2
A41: =IF(E41="","",$C$3&"."&COUNTA($E$11:E41)&"") -> TC_05.26 | B41: Low | C41: Kiểm tra hiển thị block khi ProductHub không có data cho block Đặc quyền | D41: Đang ở trang chi tiết dịch vụ với URL hợp lệ của 1 gói bán đang active. Gói bán không cấu hình data cho block Đặc quyền trong ProductHub. | E41: 1. Mở trang chi tiết dịch vụ. 2. Quan sát vị trí của block Đặc quyền | F41: Ẩn block không hiển thị | G41: Pass | H41: Pass | I41: Pass | J41: GiangDC2
A42: Block Ưu Đãi(sprint 12 chưa test)
B43: Medium | C43: Kiểm tra block Ưu đãi load data từ ProductHub | D43: Đang ở trang chi tiết dịch vụ với URL hợp lệ của 1 gói bán đang active. | E43: 1. Mở trang chi tiết dịch vụ. 2. Quan sát block Ưu đãi. | F43: Block Ưu đãi hiển thị đúng nội dung từ ProductHub. Nội dung rõ ràng, đúng layout thiết kế.
B44: Low | C44: Kiểm tra hiển thị block khi ProductHub không có data cho block ƯU ĐÃI | D44: Đang ở trang chi tiết dịch vụ với URL hợp lệ của 1 gói bán đang active. Gói bán không cấu hình data cho block ƯU ĐÃI trong ProductHub. | E44: 1. Mở trang chi tiết dịch vụ. 2. Quan sát vị trí của block ƯU ĐÃI | F44: Ẩn block không hiển thị
A45: Block Khuyến Mãi Thanh Toán(sprint 12 chưa test)
B46: High | C46: Kiểm tra block Khuyến mãi thanh toán load data từ CMS | D46: Đang ở trang chi tiết dịch vụ với URL hợp lệ của 1 gói bán đang active. | E46: 1. Mở trang chi tiết dịch vụ. 2. Quan sát block Khuyến mãi thanh toán. | F46: Block hiển thị đúng các option khuyến mãi theo cấu hình CMS. Mỗi option có nội dung đầy đủ.
B47: High | C47: Kiểm tra click vào option khuyến mãi → hiển thị thông tin chi tiết | D47: Đang ở trang chi tiết dịch vụ với URL hợp lệ của 1 gói bán đang active. Block Khuyến mãi thanh toán có ít nhất 1 option. | E47: 1. Mở trang chi tiết dịch vụ. 2. Click vào 1 option trong block Khuyến mãi thanh toán. | F47: Hệ thống hiển thị thêm thông tin chi tiết của option vừa click (popup, expand section, hoặc theo design đã xác định). Nội dung chi tiết đúng với option được chọn.
B48: High | C48: Kiểm tra scroll để xem hết thông tin khuyến mãi khi có nhiều data | D48: Đang ở trang chi tiết dịch vụ với URL hợp lệ của 1 gói bán đang active. Block Khuyến mãi thanh toán có nhiều option. | E48: 1. Mở trang chi tiết dịch vụ. 2. Scroll tại block thông tin khuyến mãi | F48: Có thể xem được full tất cả các option thông tin khuyến mãi, không có option nào bị che mất
B49: Low | C49: Kiểm tra block Khuyến mãi thanh toán khi CMS không có data | D49: Đang ở trang chi tiết dịch vụ với URL hợp lệ của 1 gói bán đang active. CMS không cấu hình data cho block Khuyến mãi thanh toán. | E49: 1. Mở trang chi tiết dịch vụ. 2. Quan sát vị trí block Khuyến mãi thanh toán. | F49: Ẩn block không hiển thị
A50: Button Mua Ngay
A51: =IF(E51="","",$C$3&"."&COUNTA($E$11:E51)&"") -> TC_05.33 | B51: High | C51: Kiểm tra Button Mua ngay điều hướng đến màn hình đăng ký sản phẩm | D51: Đang ở trang chi tiết dịch vụ với URL hợp lệ của 1 gói bán đang active. | E51: 1. Mở trang chi tiết dịch vụ. 2. Click button Mua ngay. | F51: Hệ thống điều hướng đến màn hình đăng ký sản phẩm của dịch vụ đang xem. URL và trang đích đúng. | G51: Pass | H51: Pass | I51: Pass | J51: GiangDC2
A52: =IF(E52="","",$C$3&"."&COUNTA($E$11:E52)&"") -> TC_05.34 | B52: High | C52: Kiểm tra màn hình đăng ký nhận đúng chu kỳ đã chọn khi click Mua ngay | D52: Đang ở trang chi tiết dịch vụ với URL hợp lệ của 1 gói bán đang active. Gói bán có >= 2 chu kỳ. | E52: 1. Mở trang chi tiết dịch vụ. 2. Click chọn chu kỳ '3 tháng' (hoặc một chu kỳ không phải mặc định). 3. Click button Mua ngay. | F52: Màn hình đăng ký load với chu kỳ '3 tháng' đã được chọn sẵn (default load đúng thông tin chu kỳ đã chọn). Người dùng không phải chọn lại chu kỳ. | G52: Pass | H52: Pass | I52: Pass | J52: GiangDC2
A53: =IF(E53="","",$C$3&"."&COUNTA($E$11:E53)&"") -> TC_05.35 | B53: Medium | C53: Kiểm tra Button Mua ngay hiển thị và nổi bật theo design | D53: Đang ở trang chi tiết dịch vụ với URL hợp lệ của 1 gói bán đang active. | E53: 1. Mở trang chi tiết dịch vụ. 2. Quan sát button Mua ngay. | F53: Button Mua ngay hiển thị đúng màu sắc, kích thước, vị trí theo design. Không bị ẩn hay bị block bởi element khác. | G53: Pass | H53: Pass | I53: Pass | J53: GiangDC2
A54: Block Thông Tin Sản Phẩm
A55: =IF(E55="","",$C$3&"."&COUNTA($E$11:E55)&"") -> TC_05.36 | B55: High | C55: Kiểm tra block Thông tin sản phẩm mặc định hiển thị dạng rút gọn với button Xem thêm | D55: Đang ở trang chi tiết dịch vụ với URL hợp lệ của 1 gói bán đang active. | E55: 1. Mở trang chi tiết dịch vụ. 2. Quan sát block Thông tin sản phẩm. | F55: Block Thông tin sản phẩm hiển thị nội dung dạng rút gọn (truncated). Button 'Xem thêm' hiển thị ở cuối phần rút gọn. | G55: Pass | H55: Pass | I55: Pass | J55: GiangDC2
A56: =IF(E56="","",$C$3&"."&COUNTA($E$11:E56)&"") -> TC_05.37 | B56: High | C56: Kiểm tra click Xem thêm → hiển thị full nội dung và xuất hiện button Thu gọn | D56: Đang ở trang chi tiết dịch vụ với URL hợp lệ của 1 gói bán đang active. | E56: 1. Mở trang chi tiết dịch vụ. 2. Click button 'Xem thêm' trong block Thông tin sản phẩm. | F56: Toàn bộ nội dung Thông tin sản phẩm được hiển thị đầy đủ. Button 'Xem thêm' biến mất, button 'Thu gọn' xuất hiện thay thế. | G56: Pass | H56: Pass | I56: Pass | J56: GiangDC2
A57: =IF(E57="","",$C$3&"."&COUNTA($E$11:E57)&"") -> TC_05.38 | B57: High | C57: Kiểm tra click Thu gọn → nội dung trở về dạng rút gọn | D57: Đang ở trang chi tiết dịch vụ với URL hợp lệ của 1 gói bán đang active. | E57: 1. Mở trang chi tiết dịch vụ. 2. Click button 'Xem thêm' để expand. 3. Click button 'Thu gọn'. | F57: Nội dung block Thông tin sản phẩm trở về dạng rút gọn. Button 'Thu gọn' biến mất, button 'Xem thêm' xuất hiện lại. | G57: Pass | H57: Pass | I57: Pass | J57: GiangDC2
A58: =IF(E58="","",$C$3&"."&COUNTA($E$11:E58)&"") -> TC_05.39 | B58: Medium | C58: Kiểm tra nội dung block Thông tin sản phẩm load từ CMS | D58: Đang ở trang chi tiết dịch vụ với URL hợp lệ của 1 gói bán đang active. | E58: 1. Mở trang chi tiết dịch vụ. 2. Click Xem thêm để xem full nội dung. 3. Đối chiếu nội dung hiển thị với cấu hình CMS. | F58: Nội dung block Thông tin sản phẩm khớp với dữ liệu đã cấu hình trên CMS. Không bị mất nội dung hay hiển thị sai. | G58: Pass | H58: Pass | I58: Pass | J58: GiangDC2 | L58: Hiện đang load từ mô tả dài của gói, ko có CMS
A59: Block Thông Tin Hay (sprint 12 chưa làm )
B60: Medium | C60: Kiểm tra block Thông tin hay load tối đa 5 bài đăng từ CMS | D60: Đang ở trang chi tiết dịch vụ với URL hợp lệ của 1 gói bán đang active. CMS có >= 6 bài đăng cho block Thông tin hay của dịch vụ này. | E60: 1. Mở trang chi tiết dịch vụ. 2. Đếm số bài đăng hiển thị trong block Thông tin hay. | F60: Hệ thống chỉ hiển thị tối đa 5 bài đăng. Bài thứ 6 trở đi không hiển thị.
B61: Medium | C61: Kiểm tra mỗi bài đăng hiển thị đủ: thời gian, hình ảnh, tiêu đề | D61: Đang ở trang chi tiết dịch vụ với URL hợp lệ của 1 gói bán đang active. Block Thông tin hay có ít nhất 1 bài đăng. | E61: 1. Mở trang chi tiết dịch vụ. 2. Quan sát từng card bài đăng trong block Thông tin hay. | F61: Mỗi bài đăng hiển thị đủ 3 thành phần: (1) Thời gian đăng, (2) Hình ảnh thumbnail, (3) Tiêu đề bài đăng. Không thiếu bất kỳ thành phần nào.
B62: Low | C62: Kiểm tra block Thông tin hay khi CMS có đúng 5 bài (boundary) | D62: Đang ở trang chi tiết dịch vụ với URL hợp lệ của 1 gói bán đang active. CMS có đúng 5 bài đăng cho block Thông tin hay. | E62: 1. Mở trang chi tiết dịch vụ. 2. Đếm số bài đăng hiển thị trong block Thông tin hay. | F62: Hiển thị đúng 5 bài đăng, không hơn không kém.
B63: Low | C63: Kiểm tra block Thông tin hay khi CMS không có bài đăng | D63: Đang ở trang chi tiết dịch vụ với URL hợp lệ của 1 gói bán đang active. CMS không có bài đăng nào cho block Thông tin hay của dịch vụ này. | E63: 1. Mở trang chi tiết dịch vụ. 2. Quan sát vị trí block Thông tin hay. | F63: Ẩn block không hiển thị
A64: Block Đã Xem Gần Đây
A65: =IF(E65="","",$C$3&"."&COUNTA($E$11:E65)&"") -> TC_05.44 | B65: High | C65: Kiểm tra block Đã xem gần đây hiển thị các sản phẩm đã xem trong phiên hiện tại | D65: User đã xem ít nhất 2 sản phẩm/dịch vụ khác trước đó trong cùng phiên trình duyệt. Đang ở trang chi tiết dịch vụ. | E65: 1. Mở trang chi tiết dịch vụ. 2. Quan sát block Đã xem gần đây. | F65: Block hiển thị các sản phẩm đã xem trước đó trong phiên hiện tại. Mỗi card hiển thị đúng: Hình ảnh, Tên sản phẩm/dịch vụ, Giá tiền. | G65: Pass | H65: Pass | I65: Pass | J65: GiangDC2
A66: =IF(E66="","",$C$3&"."&COUNTA($E$11:E66)&"") -> TC_05.45 | B66: High | C66: Kiểm tra thứ tự sản phẩm trong block Đã xem gần đây (mới nhất từ trái sang) | D66: User đã xem các sản phẩm theo thứ tự: A → B → C trong cùng phiên. Đang ở trang chi tiết dịch vụ khác. | E66: 1. Mở trang chi tiết dịch vụ. 2. Quan sát thứ tự hiển thị trong block Đã xem gần đây. | F66: Sản phẩm C (xem gần nhất) xuất hiện đầu tiên bên trái, tiếp theo là B, sau đó là A. Thứ tự đúng: mới nhất → cũ hơn từ trái sang phải. | G66: Pass | H66: Pass | I66: Pass | J66: GiangDC2
A67: =IF(E67="","",$C$3&"."&COUNTA($E$11:E67)&"") -> TC_05.46 | B67: High | C67: Kiểm tra giới hạn tối đa 10 sản phẩm trong block Đã xem gần đây | D67: User đã xem hơn 10 sản phẩm/dịch vụ khác nhau trong cùng phiên trình duyệt. | E67: 1. Mở trang chi tiết dịch vụ. 2. Đếm số card trong block Đã xem gần đây. | F67: Block chỉ hiển thị tối đa 10 sản phẩm gần nhất. Các sản phẩm xem cũ hơn không hiển thị. | G67: Pass | H67: Pass | I67: Pass | J67: GiangDC2 | K67: https://foxproject.atlassian.net/browse/EP-891 | L67: đã recheck OK
A68: =IF(E68="","",$C$3&"."&COUNTA($E$11:E68)&"") -> TC_05.47 | B68: Medium | C68: Kiểm tra block Đã xem gần đây ẩn khi chưa có lịch sử xem (phiên mới) | D68: User mở trình duyệt lần đầu (hoặc xóa session). Đang ở trang chi tiết dịch vụ. | E68: 1. Mở trang chi tiết dịch vụ. 2. Quan sát vị trí block Đã xem gần đây. | F68: Ẩn block không hiển thị | G68: Pass | H68: Pass | I68: Pass | J68: GiangDC2
A69: =IF(E69="","",$C$3&"."&COUNTA($E$11:E69)&"") -> TC_05.48 | B69: Medium | C69: Kiểm tra trang hiện tại không xuất hiện trong block Đã xem gần đây của chính nó | D69: User đã xem sản phẩm X và các sản phẩm khác. Hiện đang ở trang chi tiết sản phẩm X. | E69: 1. Mở trang chi tiết sản phẩm X. 2. Quan sát block Đã xem gần đây. | F69: Sản phẩm X (trang đang xem) không xuất hiện trong danh sách Đã xem gần đây của chính nó. Chỉ các sản phẩm khác mới được liệt kê. | G69: Pass | H69: Pass | I69: Pass | J69: GiangDC2
A70: =IF(E70="","",$C$3&"."&COUNTA($E$11:E70)&"") -> TC_05.49 | B70: Low | C70: Kiểm tra block Đã xem gần đây không lưu sau khi đóng trình duyệt (session-based) | D70: User đã xem sản phẩm trong phiên trước. | E70: 1. Mở trang Home và xem chi tiết dịch vụ bất kỳ 2. Đóng hoàn toàn trình duyệt. 3. Mở lại trình duyệt và điều hướng đến trang chi tiết dịch vụ. 4. Quan sát block Đã xem gần đây. | F70: Block Đã xem gần đây không hiển thị các sản phẩm từ phiên trước. Dữ liệu chỉ tồn tại trong phiên trình duyệt hiện tại (session-based, không persist qua session). | G70: Pass | H70: Pass | I70: Pass | J70: GiangDC2
A71: =IF(E71="","",$C$3&"."&COUNTA($E$11:E71)&"") -> TC_05.50 | B71: Low | C71: Kiểm tra click vào gói tại block Đã xem gần đây | D71: User đã xem sản phẩm trong phiên trước. | E71: 1. Mở trang chi tiết sản phẩm X. 2. Click vào block của 1 gói bất kỳ tại Block đã Xem gần đây | F71: Điều hướng qua đúng màn hình chi tiết của gói đó | G71: Pass | H71: Pass | I71: Pass | J71: GiangDC2 | K71: https://foxproject.atlassian.net/browse/EP-899 | L71: suggest, recheck OK
A72: =IF(E72="","",$C$3&"."&COUNTA($E$11:E72)&"") -> TC_05.51 | B72: Low | C72: Kiểm tra click vào gói tại block Đã xem gần đây>back về | D72: User đã xem sản phẩm trong phiên trước. | E72: 1. Mở trang chi tiết sản phẩm X. 2. Click vào gói bất kỳ tại Block đã Xem gần đây 3. Click Back trên trình duyệt | F72: Quay về đúng màn hình ban đầu | G72: Pass | H72: Pass | I72: Pass | J72: GiangDC2
A73: Câu Hỏi Thường Gặp (FAQ)
A74: =IF(E74="","",$C$3&"."&COUNTA($E$11:E74)&"") -> TC_05.52 | B74: High | C74: Kiểm tra block FAQ mặc định chỉ hiển thị câu hỏi, ẩn câu trả lời | D74: Đang ở trang chi tiết dịch vụ với URL hợp lệ của 1 gói bán đang active. CMS có cấu hình ít nhất 2 câu hỏi FAQ cho dịch vụ này. | E74: 1. Mở trang chi tiết dịch vụ. 2. Quan sát block Câu hỏi thường gặp. | F74: Tất cả các câu hỏi hiển thị. Câu trả lời ẩn hoàn toàn. Icon '+' hiển thị bên cạnh mỗi câu hỏi (trạng thái đóng). | G74: Pass | H74: Pass | I74: Pass | J74: GiangDC2
A75: =IF(E75="","",$C$3&"."&COUNTA($E$11:E75)&"") -> TC_05.53 | B75: High | C75: Kiểm tra click icon '+' mở rộng câu trả lời và icon chuyển thành '-' | D75: Đang ở trang chi tiết dịch vụ với URL hợp lệ của 1 gói bán đang active. Block FAQ có ít nhất 1 câu hỏi. | E75: 1. Mở trang chi tiết dịch vụ. 2. Click icon '+' của câu hỏi đầu tiên. | F75: Nội dung câu trả lời của câu hỏi đó xuất hiện (expand). Icon '+' chuyển thành '-'. Các câu hỏi khác không bị ảnh hưởng. | G75: Pass | H75: Pass | I75: Pass | J75: GiangDC2
A76: =IF(E76="","",$C$3&"."&COUNTA($E$11:E76)&"") -> TC_05.54 | B76: High | C76: Kiểm tra click icon '-' thu gọn câu trả lời và icon chuyển về '+' | D76: Đang ở trang chi tiết dịch vụ với URL hợp lệ của 1 gói bán đang active. Block FAQ có ít nhất 1 câu hỏi đang ở trạng thái mở (đã click '+'). | E76: 1. Mở trang chi tiết dịch vụ. 2. Click icon '+' của câu hỏi đầu tiên để mở. 3. Click icon '-' của câu hỏi đó. | F76: Câu trả lời bị ẩn (collapse). Icon '-' chuyển về '+'. Block trở về trạng thái ban đầu. | G76: Pass | H76: Pass | I76: Pass | J76: GiangDC2
A77: =IF(E77="","",$C$3&"."&COUNTA($E$11:E77)&"") -> TC_05.55 | B77: Medium | C77: Kiểm tra có thể mở nhiều câu hỏi FAQ đồng thời | D77: Đang ở trang chi tiết dịch vụ với URL hợp lệ của 1 gói bán đang active. Block FAQ có >= 2 câu hỏi. | E77: 1. Mở trang chi tiết dịch vụ. 2. Click '+' mở câu hỏi 1. 3. Click '+' mở câu hỏi 2. 4. Quan sát trạng thái block FAQ. | F77: Chỉ mở 1 câu hỏi mới nhất | G77: Pass | H77: Pass | I77: Pass | J77: GiangDC2
A78: =IF(E78="","",$C$3&"."&COUNTA($E$11:E78)&"") -> TC_05.56 | B78: Medium | C78: Kiểm tra nội dung FAQ load đúng từ CMS | D78: Đang ở trang chi tiết dịch vụ với URL hợp lệ của 1 gói bán đang active. CMS đã cấu hình FAQ cho dịch vụ này. | E78: 1. Mở trang chi tiết dịch vụ. 2. Click mở từng câu hỏi FAQ. 3. Đối chiếu câu hỏi và câu trả lời với cấu hình CMS. | F78: Nội dung câu hỏi và câu trả lời hiển thị đúng theo cấu hình CMS. Không bị thiếu câu hỏi hoặc sai nội dung. | G78: Pass | H78: Pass | I78: Pass | J78: GiangDC2
A79: =IF(E79="","",$C$3&"."&COUNTA($E$11:E79)&"") -> TC_05.57 | B79: Low | C79: Kiểm tra block FAQ khi CMS không có câu hỏi nào | D79: Đang ở trang chi tiết dịch vụ với URL hợp lệ của 1 gói bán đang active. CMS không cấu hình FAQ cho dịch vụ này. | E79: 1. Mở trang chi tiết dịch vụ. 2. Quan sát vị trí block Câu hỏi thường gặp. | F79: Ẩn block không hiển thị | G79: Pass | H79: Pass | I79: Pass | J79: GiangDC2
A80: UI/UX — Trải Nghiệm Người Dùng
A81: =IF(E81="","",$C$3&"."&COUNTA($E$11:E81)&"") -> TC_05.58 | B81: High | C81: Kiểm tra trang chi tiết dịch vụ responsive trên thiết bị mobile | D81: Mở trang trên thiết bị mobile hoặc DevTools với viewport 375px (iPhone SE). | E81: 1. Mở trang chi tiết dịch vụ trên viewport mobile (375px). 2. Scroll qua tất cả các block từ trên xuống dưới. 3. Quan sát layout và các thành phần UI. | F81: Tất cả block hiển thị đúng trên mobile. Không có element bị tràn ngang (overflow-x). Text không bị cắt. Button Mua ngay dễ dàng tap. Ảnh scale đúng tỷ lệ. | G81: Pass | H81: Pass | I81: Pass | J81: GiangDC2
A82: =IF(E82="","",$C$3&"."&COUNTA($E$11:E82)&"") -> TC_05.59 | B82: High | C82: Kiểm tra trang chi tiết dịch vụ responsive trên tablet (768px) | D82: Mở trang với viewport 768px. | E82: 1. Mở trang chi tiết dịch vụ trên viewport 768px. 2. Scroll qua tất cả các block. 3. Quan sát layout. | F82: Layout hiển thị phù hợp với viewport tablet. Không bị vỡ layout, overlap hay overflow. | G82: Pass | H82: Pass | I82: Pass | J82: GiangDC2
A83: =IF(E83="","",$C$3&"."&COUNTA($E$11:E83)&"") -> TC_05.60 | B83: Medium | C83: Kiểm tra loading state khi trang đang tải data từ ProductHub và CMS | D83: Đang ở trang chi tiết dịch vụ với URL hợp lệ của 1 gói bán đang active. Mạng chậm (simulate Slow 3G trong DevTools). | E83: 1. Mở trang chi tiết dịch vụ trong điều kiện mạng chậm. 2. Quan sát trạng thái hiển thị trong khi chờ data load. | F83: Trang hiển thị skeleton loader hoặc spinner trong khi data đang tải. Không hiển thị layout trống đột ngột hay lỗi layout trước khi data về. | G83: Pass | H83: Pass | I83: Pass | J83: GiangDC2

Sheet Trang tổng hợp dịch vụ
A3: Mã chức năng (Function ID) | C3: TC_06
A4: Tên chức năng (Function Name) | C4: Trang tổng hợp dịch vụ
A7: Testcase ID | B7: Mức Độ Ưu Tiên (Priority) | C7: Nội Dung Test (Test Title) | D7: Điều Kiện/ Dữ Liệu Test (Pre-condition/ Test Data) | E7: Các Bước Thực Hiện (Test Steps) | F7: Kết Quả Mong Đợi (Expected Results) | G7: =Summary!G8 -> Round 1 (09/04/2026 - 15/04/2026) | K7: =Summary!L8 -> Round 2 (dd/mm/yyyy - dd/mm/yyyy) | O7: =Summary!Q8 -> Round 3(dd/mm/yyyy - dd/mm/yyyy) | S7: =Summary!V8 -> Round 4 (dd/mm/yyyy - dd/mm/yyyy)
G8: Kết Quả Thực Hiện (Actual Result) | H8: Người Thực Hiện (Executed By) | I8: ID Bugs | J8: Ghi Chú (Remark) | K8: Kết Quả Thực Hiện (Actual Result) | L8: Người Thực Hiện (Executed By) | M8: ID Bugs | N8: Ghi Chú (Remark) | O8: Kết Quả Thực Hiện (Actual Result) | P8: Người Thực Hiện (Executed By) | Q8: ID Bugs | R8: Ghi Chú (Remark) | S8: Kết Quả Thực Hiện (Actual Result) | T8: Người Thực Hiện (Executed By) | U8: ID Bugs | V8: Ghi Chú (Remark)
A9: Tổng quan màn hình
A10: =IF(E10="","",$C$3&"."&COUNTA($E$9:E10)&"") -> TC_06.1 | B10: Medium | C10: Check tổng quan màn hình Trang danh mục tổng hợp Dịch vụ số — liệt kê đủ 9 block | D10: Trang danh mục tổng hợp dịch vụ số đã được cấu hình đầy đủ nội dung trên CMS | E10: 1. Truy cập trang danh mục tổng hợp dịch vụ số 2. Scroll từ trên xuống dưới, quan sát toàn bộ trang 3. Check số lượng block và tên từng block hiển thị theo thứ tự | F10: Trang hiển thị các block theo thứ tự từ trên xuống: - Header / Navigation - Breadcrumb - Banner Slider - Tab Menu danh mục (HyperFast | Ultra Fast) - Block HyperFast - Block Ultra Fast - Block Thiết bị và Dịch vụ số - Block Câu hỏi thường gặp - Footer | G10: Pass | H10: AnhDC4
A11: =IF(E11="","",$C$3&"."&COUNTA($E$9:E11)&"") -> TC_06.2 | B11: High | C11: Check trang hiển thị đúng khi truy cập bằng URL trực tiếp | D11: URL trang: https://staging.tongdaiwifi.vn/dich-vu-so | E11: 1. Nhập trực tiếp URL vào thanh địa chỉ browser 2. Check trang render 3. Check đủ các block hiển thị | F11: Trang render đầy đủ khi truy cập URL trực tiếp; tất cả block hiển thị đúng | G11: Pass | H11: AnhDC4
A12: Header / Navigation
A13: =IF(E13="","",$C$3&"."&COUNTA($E$9:E13)&"") -> TC_06.3 | B13: Medium | C13: Check hiển thị 2 tab khách hàng: Cá nhân và Doanh nghiệp trên top bar | D13: Trang danh mục tổng hợp đang hoạt động bình thường | E13: 1. Truy cập trang danh mục tổng hợp dịch vụ số 2. Quan sát top bar phía trên cùng 3. Check 2 tab hiển thị | F13: Hiển thị đúng 2 tab: 'Khách hàng cá nhân' và 'Khách hàng doanh nghiệp' | G13: Pass | H13: AnhDC4
A14: =IF(E14="","",$C$3&"."&COUNTA($E$9:E14)&"") -> TC_06.4 | B14: Medium | C14: Check hiển thị thông tin vị trí (Location) và nút Đăng nhập trên top bar | D14: Trang danh mục tổng hợp đang hoạt động bình thường | E14: 1. Truy cập trang danh mục tổng hợp dịch vụ số 2. Quan sát góc phải top bar 3. Check icon vị trí và nút đăng nhập | F14: Hiển thị icon/text vị trí (VD: Hồ Chí Minh) và nút 'Đăng nhập' đúng góc phải top bar | G14: Pass | H14: AnhDC4 | J14: không hiển thị Đăng nhập trong Sprint này
A15: =IF(E15="","",$C$3&"."&COUNTA($E$9:E15)&"") -> TC_06.5 | B15: High | C15: Check menu navigation chính hiển thị đủ các mục | D15: Trang danh mục đang hiển thị | E15: 1. Truy cập trang danh mục tổng hợp dịch vụ số 2. Quan sát thanh navigation chính 3. Check tên và số mục menu | F15: Navigation hiển thị đủ: Logo FPT Telecom, Sản phẩm dịch vụ, Tin tức, Đặc quyền hội viên, Thanh toán & hỗ trợ, Ô tìm kiếm | G15: Pass | H15: AnhDC4 | J15: không hiển thị Tìm kiếm trong sprint này
A16: =IF(E16="","",$C$3&"."&COUNTA($E$9:E16)&"") -> TC_06.6 | B16: Medium | C16: Check ô tìm kiếm trên header nhận input và trả kết quả | D16: Trang danh mục đang hiển thị với ô tìm kiếm visible | E16: 1. Truy cập trang danh mục tổng hợp dịch vụ số 2. Click vào ô tìm kiếm 3. Nhập từ khóa 'wifi' 4. Check kết quả tìm kiếm | F16: Ô tìm kiếm nhận focus khi click; hiển thị kết quả hoặc điều hướng đến trang tìm kiếm tương ứng | G16: Block | H16: AnhDC4 | J16: không hiển thị Tìm kiếm trong sprint này
A17: =IF(E17="","",$C$3&"."&COUNTA($E$9:E17)&"") -> TC_06.7 | B17: Medium | C17: Check click logo FPT Telecom điều hướng về trang chủ | D17: Đang ở trang danh mục dịch vụ số | E17: 1. Truy cập trang danh mục tổng hợp dịch vụ số 2. Click logo FPT Telecom trên header 3. Check URL sau điều hướng | F17: Hệ thống điều hướng về trang chủ FPT Telecom thành công | G17: Pass | H17: AnhDC4
A18: =IF(E18="","",$C$3&"."&COUNTA($E$9:E18)&"") -> TC_06.8 | B18: Low | C18: Check menu item có dropdown mở khi hover/click | D18: Menu 'Sản phẩm dịch vụ' có submenu dropdown | E18: 1. Truy cập trang danh mục tổng hợp dịch vụ số 2. Hover hoặc click vào 'Sản phẩm dịch vụ' 3. Check dropdown hiển thị | F18: Dropdown hiển thị các submenu tương ứng khi hover/click vào mục có mũi tên | G18: Pass | H18: AnhDC4
A19: Breadcrumb
A20: =IF(E20="","",$C$3&"."&COUNTA($E$9:E20)&"") -> TC_06.9 | B20: Medium | C20: Check breadcrumb hiển thị đúng path 'Dịch vụ tiện ích' | D20: Đang ở trang danh mục tổng hợp dịch vụ số | E20: 1. Truy cập trang danh mục tổng hợp dịch vụ số 2. Quan sát thanh breadcrumb phía dưới navigation 3. Check text và icon hiển thị | F20: Breadcrumb hiển thị: icon Home > 'Dịch vụ tiện ích' đúng path trang hiện tại | G20: Pass | H20: AnhDC4
A21: =IF(E21="","",$C$3&"."&COUNTA($E$9:E21)&"") -> TC_06.10 | B21: High | C21: Check click icon Home trên breadcrumb điều hướng về trang chủ | D21: Đang ở trang danh mục tổng hợp | E21: 1. Truy cập trang danh mục tổng hợp dịch vụ số 2. Click icon Home trên breadcrumb 3. Check URL sau điều hướng | F21: Hệ thống điều hướng về trang chủ tongdaiwifi thành công | G21: Pass | H21: AnhDC4
A22: =IF(E22="","",$C$3&"."&COUNTA($E$9:E22)&"") -> TC_06.11 | B22: Medium | C22: Check level hiện tại trên breadcrumb không thể click (không có link) | D22: Đang ở trang danh mục tổng hợp — level cuối | E22: 1. Truy cập trang danh mục tổng hợp dịch vụ số 2. Click vào text 'Dịch vụ tiện ích' trên breadcrumb 3. Check phản hồi | F22: Text 'Dịch vụ tiện ích' không điều hướng khi click; hiển thị trạng thái active, không có underline dạng link | G22: Pass | H22: AnhDC4
A23: =IF(E23="","",$C$3&"."&COUNTA($E$9:E23)&"") -> TC_06.12 | B23: Low | C23: Check breadcrumb cập nhật thêm level khi điều hướng vào trang chi tiết | D23: Đang ở trang danh mục tổng hợp dịch vụ số | E23: 1. Click vào một card sản phẩm để vào trang chi tiết 2. Quan sát breadcrumb trên trang chi tiết 3. Check nội dung breadcrumb | F23: Breadcrumb cập nhật thêm level trang chi tiết; level 'Dịch vụ tiện ích' vẫn hiển thị và có thể click | G23: Pass | H23: AnhDC4
A24: Banner Slider
A25: =IF(E25="","",$C$3&"."&COUNTA($E$9:E25)&"") -> TC_06.13 | B25: High | C25: Check banner hiển thị đúng hình ảnh và nội dung theo cấu hình CMS | D25: Banner đã được cấu hình trên CMS với ít nhất 1 item | E25: 1. Truy cập trang danh mục tổng hợp dịch vụ số 2. Quan sát khu vực banner đầu trang 3. Check hình ảnh và nội dung text | F25: Banner hiển thị đúng hình ảnh theo kích thước quy định; nội dung text (tiêu đề, mô tả, CTA) hiển thị rõ ràng không vỡ layout | G25: Pass | H25: AnhDC4
A26: =IF(E26="","",$C$3&"."&COUNTA($E$9:E26)&"") -> TC_06.14 | B26: High | C26: Check slider banner scroll sang phải bằng mũi tên '>' | D26: Banner slider có từ 2 item trở lên | E26: 1. Truy cập trang danh mục tổng hợp dịch vụ số 2. Click mũi tên '>' bên phải banner 3. Check banner chuyển đổi | F26: Banner chuyển sang item tiếp theo; dot indicator cập nhật đúng vị trí | G26: Pass | H26: AnhDC4
A27: =IF(E27="","",$C$3&"."&COUNTA($E$9:E27)&"") -> TC_06.15 | B27: High | C27: Check slider banner scroll sang trái bằng mũi tên '<' | D27: Banner slider đang ở item thứ 2 trở đi | E27: 1. Click mũi tên '>' để chuyển sang item 2 2. Click mũi tên '<' 3. Check banner | F27: Banner quay lại item trước đó; dot indicator cập nhật đúng | G27: Pass | H27: AnhDC4
A28: =IF(E28="","",$C$3&"."&COUNTA($E$9:E28)&"") -> TC_06.16 | B28: Medium | C28: Check dot indicator hiển thị đúng số lượng item và active đúng item đang hiển thị | D28: Banner có 3 item được cấu hình | E28: 1. Truy cập trang danh mục tổng hợp dịch vụ số 2. Quan sát dot indicator phía dưới banner 3. Click mũi tên chuyển slide 4. Check dot active | F28: Số dot = số item cấu hình; dot active tương ứng đúng banner đang hiển thị | G28: Pass | H28: AnhDC4
A29: =IF(E29="","",$C$3&"."&COUNTA($E$9:E29)&"") -> TC_06.17 | B29: Medium | C29: Check click trên banner điều hướng đúng URL cấu hình | D29: Banner có gắn URL đã cấu hình trên CMS | E29: 1. Truy cập trang danh mục tổng hợp dịch vụ số 2. Click vào vị trí bất kì trên banner 3. Check URL điều hướng | F29: Hệ thống điều hướng đến đúng URL đã cấu hình trên CMS | G29: Pass | H29: AnhDC4
A30: =IF(E30="","",$C$3&"."&COUNTA($E$9:E30)&"") -> TC_06.18 | B30: Medium | C30: Check banner cập nhật nội dung mới từ CMS không cần deploy | D30: Quyền CMS đang hoạt động; banner đã được cấu hình | E30: 1. Cập nhật nội dung banner mới trên CMS 2. Truy cập trang danh mục 3. Check banner hiển thị | F30: Banner hiển thị đúng nội dung vừa cập nhật trên CMS mà không cần deploy lại | G30: Pass | H30: AnhDC4
A31: =IF(E31="","",$C$3&"."&COUNTA($E$9:E31)&"") -> TC_06.19 | B31: Low | C31: Check banner không bị vỡ layout trên màn hình mobile/responsive | D31: Truy cập trang danh mục tổng hợp dịch vụ số trên thiết bị mobile hoặc responsive mode | E31: 1. Mở trang trên mobile/resize về mobile breakpoint 2. Quan sát khu vực banner 3. Check layout và kích thước | F31: Banner responsive đúng; không bị tràn, vỡ chữ hay mất phần ảnh quan trọng | G31: Pass | H31: AnhDC4
A32: Tab Menu Danh Mục (HyperFast | Ultra Fast)
A33: =IF(E33="","",$C$3&"."&COUNTA($E$9:E33)&"") -> TC_06.20 | B33: Medium | C33: Check tổng quan block Tab Menu danh mục — liệt kê đủ các trường thông tin | D33: Trang danh mục có cả 2 block HyperFast và Ultra Fast được cấu hình | E33: 1. Truy cập trang danh mục tổng hợp dịch vụ số 2. Quan sát thanh tab menu phía dưới banner 3. Check từng trường thông tin có mặt | F33: Tab Menu hiển thị đúng và đầy đủ các trường: - Tab 'HyperFast' — active mặc định, có underline/highlight - Tab 'Ultra Fast' — inactive mặc định - Trạng thái sticky — cố định dưới header khi scroll xuống - Highlight tự động theo block đang hiển thị khi scroll | G33: Pass | H33: AnhDC4
A34: =IF(E34="","",$C$3&"."&COUNTA($E$9:E34)&"") -> TC_06.21 | B34: High | C34: Check hiển thị 2 tab HyperFast và Ultra Fast, tab HyperFast active mặc định | D34: Trang danh mục có cả 2 block HyperFast và Ultra Fast được cấu hình | E34: 1. Truy cập trang danh mục tổng hợp dịch vụ số 2. Quan sát thanh tab menu phía dưới banner 3. Check tên tab và trạng thái active | F34: Hiển thị đúng 2 tab: 'HyperFast' và 'Ultra Fast'; tab 'HyperFast' active mặc định | G34: Pass | H34: AnhDC4
A35: =IF(E35="","",$C$3&"."&COUNTA($E$9:E35)&"") -> TC_06.22 | B35: High | C35: Check click tab HyperFast scroll đến block tương ứng và highlight tab | D35: Trang đang ở vị trí khác (không phải block HyperFast) | E35: 1. Truy cập trang danh mục tổng hợp dịch vụ số 2. Click tab 'HyperFast' trên menu 3. Check scroll và trạng thái tab | F35: Trang scroll đến đúng block HyperFast; tab 'HyperFast' được highlight; tab Ultra Fast bỏ highlight | G35: Pass | H35: AnhDC4
A36: =IF(E36="","",$C$3&"."&COUNTA($E$9:E36)&"") -> TC_06.23 | B36: High | C36: Check click tab Ultra Fast scroll đến block tương ứng và highlight tab | D36: Tab HyperFast đang active | E36: 1. Truy cập trang danh mục tổng hợp dịch vụ số 2. Click tab 'Ultra Fast' trên menu 3. Check scroll và trạng thái tab | F36: Trang scroll đến đúng block Ultra Fast; tab 'Ultra Fast' highlighted; HyperFast bỏ highlight | G36: Pass | H36: AnhDC4
A37: =IF(E37="","",$C$3&"."&COUNTA($E$9:E37)&"") -> TC_06.24 | B37: High | C37: Check tab menu sticky dưới header khi scroll xuống qua vị trí ban đầu | D37: Trang danh mục đang hiển thị bình thường | E37: 1. Truy cập trang danh mục tổng hợp dịch vụ số 2. Scroll xuống qua vị trí tab menu 3. Check vị trí tab menu | F37: Tab menu cố định dưới header khi scroll qua; không cuộn theo nội dung trang | G37: Pass | H37: AnhDC4
A38: =IF(E38="","",$C$3&"."&COUNTA($E$9:E38)&"") -> TC_06.25 | B38: Medium | C38: Check tab menu auto-highlight khi scroll tay đến block tương ứng | D38: Trang đang ở đầu trang, chưa click tab nào | E38: 1. Truy cập trang danh mục tổng hợp dịch vụ số 2. Scroll tay xuống đến khu vực block Ultra Fast 3. Check trạng thái tab menu (không click tab) | F38: Tab 'Ultra Fast' tự động được highlight khi block Ultra Fast vào vùng nhìn thấy | G38: Pass | H38: AnhDC4
A39: =IF(E39="","",$C$3&"."&COUNTA($E$9:E39)&"") -> TC_06.26 | B39: Medium | C39: Check top bar ẩn phần đăng nhập/location khi menu tab bắt đầu sticky | D39: Trang đang ở đầu trang với top bar đăng nhập/location visible | E39: 1. Truy cập trang danh mục tổng hợp dịch vụ số 2. Scroll xuống cho đến khi tab menu chạm vào header 3. Check top bar hiển thị | F39: Phần đăng nhập/location trên top bar bị ẩn song song với thời điểm menu tab sticky | G39: Pass | H39: AnhDC4
A40: =IF(E40="","",$C$3&"."&COUNTA($E$9:E40)&"") -> TC_06.27 | B40: Medium | C40: Check top bar đăng nhập/location hiện trở lại khi scroll lên đầu trang | D40: Menu tab đang ở trạng thái sticky | E40: 1. Truy cập trang danh mục tổng hợp dịch vụ số 2. Scroll lên đầu trang 3. Check top bar và vị trí tab menu | F40: Thanh đăng nhập/location hiển thị trở lại; tab menu trở về vị trí gốc (không sticky) | G40: Pass | H40: AnhDC4
A41: =IF(E41="","",$C$3&"."&COUNTA($E$9:E41)&"") -> TC_06.28 | B41: Low | C41: Check tab active có visual style khác biệt rõ so với tab không active | D41: Trang danh mục với tab HyperFast đang active | E41: 1. Truy cập trang danh mục tổng hợp dịch vụ số 2. Quan sát 2 tab trên menu 3. Check màu sắc, underline, font của tab active vs inactive | F41: Tab active hiển thị với underline hoặc màu nền/chữ khác biệt rõ so với tab inactive | G41: Pass | H41: AnhDC4
A42: Block HyperFast (Card Gói)
A43: =IF(E43="","",$C$3&"."&COUNTA($E$9:E43)&"") -> TC_06.29 | B43: Medium | C43: Check tổng quan block HyperFast | D43: Block HyperFast đã được cấu hình đầy đủ trên CMS | E43: 1. Truy cập trang danh mục tổng hợp dịch vụ số 2. Scroll đến block HyperFast 3. Quan sát toàn bộ block từ tiêu đề đến từng card gói 4. Check từng trường thông tin có mặt | F43: Block HyperFast hiển thị đúng và đầy đủ các trường: - Tiêu đề block: 'HyperFast – Giảm ping Giảm lag trên PC' - Banner dọc bên trái (Image) - Card gói sản phẩm | G43: N/A | H43: AnhDC4 | I43: https://foxproject.atlassian.net/browse/EP-920 | J43: bug won't fix
A44: =IF(E44="","",$C$3&"."&COUNTA($E$9:E44)&"") -> TC_06.30 | B44: High | C44: Check hiển thị block HyperFast | D44: Block HyperFast đã được cấu hìnhtrên CMS | E44: 1. Truy cập trang danh mục tổng hợp dịch vụ số 2. Scroll đến block HyperFast 3. Check hiển thị block HyperFast | F44: Block HyperFast hiển thị đúng theo config trên CMS - Section dịch vụ số | G44: Pass | H44: AnhDC4
A45: =IF(E45="","",$C$3&"."&COUNTA($E$9:E45)&"") -> TC_06.31 | B45: High | C45: Check tiêu đề block HyperFast hiển thị đúng | D45: Block HyperFast đã được cấu hình trên CMS | E45: 1. Truy cập trang danh mục tổng hợp dịch vụ số 2. Scroll đến block HyperFast 3. Check tiêu đề block | F45: Tiêu đề hiển thị đúng theo config trên CMS. Ví dụ: HyperFast – Giảm ping Giảm lag trên PC | G45: Pass | H45: AnhDC4
A46: =IF(E46="","",$C$3&"."&COUNTA($E$9:E46)&"") -> TC_06.32 | B46: High | C46: Check banner dọc bên trái block HyperFast hiển thị đúng hình ảnh | D46: Banner dọc HyperFast đã được upload trên CMS | E46: 1. Truy cập trang danh mục tổng hợp dịch vụ số 2. Scroll đến block HyperFast 3. Check ảnh banner dọc bên trái block | F46: Banner dọc hiển thị đúng hình ảnh, không vỡ, đúng tỉ lệ. Hiển thị đúng theo config trên CMS | G46: Pass | H46: AnhDC4
A47: =IF(E47="","",$C$3&"."&COUNTA($E$9:E47)&"") -> TC_06.33 | B47: High | C47: Check click vào banner dọc bên trái block HyperFast | D47: Banner dọc HyperFast đã được upload trên CMS | E47: 1. Truy cập trang danh mục tổng hợp dịch vụ số 2. Scroll đến block HyperFast 3. Check click vào banner dọc bên trái block HyperFast | F47: Hệ thống điều hướng màn hình theo link config trên CMS | G47: Pass | H47: AnhDC4
A48: =IF(E48="","",$C$3&"."&COUNTA($E$9:E48)&"") -> TC_06.34 | B48: High | C48: Check card gói HyperFast hiển thị đầy đủ các trường thông tin | D48: Card gói HyperFast đang hiển thị trên trang | E48: 1. Truy cập trang danh mục tổng hợp dịch vụ số 2. Scroll đến block HyperFast 3. Quan sát một card gói bất kỳ 4. Check từng trường thông tin | F48: Card hiển thị đủ mỗi card gồm: + Ảnh banner gói (Image) + Title Tên gói (Text, VD: 'HyperFast – 1 tháng') + Giá (Text, VD: '60.000đ/tháng') + Text Ghi chú VAT (Text: 'Đã bao gồm VAT') + Icon thông tin '!' — + Nội dung ưu đãi + Button Mua ngay | G48: Pass | H48: AnhDC4
A49: =IF(E49="","",$C$3&"."&COUNTA($E$9:E49)&"") -> TC_06.35 | B49: High | C49: Check hiển thị card gói HyperFast theo thứ tự của config trên CMS | D49: Block HyperFast có các card gói được cấu hình trên CMS | E49: 1. Scroll đến block HyperFast 2. Check hiển thị card gói HyperFast theo thứ tự của config trên CMS | F49: Hiển thị đúng danh sách card theo thứ tự card mới nhất sẽ hiển thị đầu tiên từ trái sang phải | G49: Pass | H49: AnhDC4
A50: =IF(E50="","",$C$3&"."&COUNTA($E$9:E50)&"") -> TC_06.36 | B50: High | C50: Check banner card gói dịch vụ HyperFast | D50: Banner card gói HyperFast đã được upload trên ProductHub | E50: 1. Truy cập trang danh mục tổng hợp dịch vụ số 2. Scroll đến block HyperFast 3. Quan sát một card gói bất kỳ 4. Check banner card gói dịch vụ HyperFast | F50: Banner card gói hiển thị đúng hình ảnh, không vỡ, đúng tỉ lệ. Hiển thị đúng theo config trên Product hub | G50: Pass | H50: AnhDC4
A51: =IF(E51="","",$C$3&"."&COUNTA($E$9:E51)&"") -> TC_06.37 | B51: High | C51: Check title Tên gói dịch vụ HyperFast | D51: Card gói HyperFast đang hiển thị | E51: 1. Truy cập trang danh mục tổng hợp dịch vụ số 2. Scroll đến block HyperFast 3. Quan sát một card gói bất kỳ 4. Check title Tên gói dịch vụ HyperFast | F51: Hiển thị tên sản phẩm/dịch vụ theo cấu hình trên ProductHub | G51: Pass | H51: AnhDC4
A52: =IF(E52="","",$C$3&"."&COUNTA($E$9:E52)&"") -> TC_06.38 | B52: High | C52: Check giá tại card gói dịch vụ HyperFast cập nhật theo khu vực sau khi chọn location | D52: Đã chọn địa chỉ khu vực có chính sách giá riêng cho HyperFast | E52: 1. Truy cập trang danh mục tổng hợp dịch vụ số 2. Chọn địa chỉ khu vực trên header 3. Scroll đến block HyperFast 4. Check giá hiển thị trên card | F52: Giá card HyperFast cập nhật đúng theo chính sách giá config trên Producthub của khu vực đã chọn | G52: Pass | H52: AnhDC4
A53: =IF(E53="","",$C$3&"."&COUNTA($E$9:E53)&"") -> TC_06.39 | B53: High | C53: Check giá tại card gói dịch vụ HyperFast khi chưa chọn location | D53: Chưa chọn location | E53: 1. Truy cập trang danh mục tổng hợp dịch vụ số 2. Scroll đến block HyperFast 3. Check giá hiển thị trên card | F53: Giá card gói dịch vụ HyperFast hiển thị đúng theo chính sách giá đã config trên ProductHub | G53: Pass | H53: AnhDC4
A54: =IF(E54="","",$C$3&"."&COUNTA($E$9:E54)&"") -> TC_06.40 | B54: High | C54: Check ẩn card gói dịch vụ HyperFast khi khu vực không có chính sách giá tương ứng | D54: Đã chọn khu vực không có chính sách giá cho HyperFast | E54: 1. Truy cập trang danh mục tổng hợp dịch vụ số 2. Chọn khu vực không có chính sách HyperFast 3. Scroll đến vị trí block HyperFast 4. Check card hiển thị | F54: Card gói không hiển thị trên block HyperFast | G54: Pass | H54: AnhDC4
A55: =IF(E55="","",$C$3&"."&COUNTA($E$9:E55)&"") -> TC_06.41 | B55: High | C55: Check giá hiển thị đúng format: số tiền/tháng kèm ghi chú 'Đã bao gồm VAT' | D55: Card gói HyperFast đang hiển thị | E55: 1. Truy cập trang danh mục tổng hợp dịch vụ số 2. Scroll đến block HyperFast 3. Quan sát trường giá trên từng card 4. Check format hiển thị | F55: Giá đúng format: [số tiền]đ/tháng; bên dưới có text 'Đã bao gồm VAT' | G55: Pass | H55: AnhDC4
... A60: =IF(E60="","",$C$3&"."&COUNTA($E$9:E60)&"") -> TC_06.46 | B60: Medium | C60: Check auto snap full card khi dừng scroll ngang | D60: Block HyperFast đang scroll ngang dở giữa 2 card | E60: 1. Truy cập trang danh mục tổng hợp dịch vụ số 2. Scroll ngang đến vị trí giữa 2 card 3. Dừng scroll 4. Check card hiển thị | F60: Hệ thống tự snap về full card, hiển thị đầy đủ card đang chiếm diện tích nhiều nhất | G60: Pass | H60: AnhDC4
A61: Block Ultra Fast (Card Gói)
A62: =IF(E62="","",$C$3&"."&COUNTA($E$9:E62)&"") -> TC_06.47 | B62: Medium | C62: Check tổng quan block Ultra Fast | D62: Block Ultra Fast đã được cấu hình đầy đủ trên CMS | E62: 1. Truy cập trang danh mục tổng hợp dịch vụ số 2. Scroll đến block Ultra Fast 3. Quan sát toàn bộ block từ tiêu đề đến từng card gói 4. Check từng trường thông tin có mặt | F62: Block Ultra Fast hiển thị đúng và đầy đủ các trường: - Tiêu đề block: ' Ultra Fast – Giảm ping Giảm lag trên Mobile' - Banner dọc bên trái (Image) - Card gói sản phẩm | G62: Pass | H62: AnhDC4
A63: =IF(E63="","",$C$3&"."&COUNTA($E$9:E63)&"") -> TC_06.48 | B63: High | C63: Check hiển thị block Ultra Fast | D63: Block Ultra Fast đã được cấu hìnhtrên CMS | E63: 1. Truy cập trang danh mục tổng hợp dịch vụ số 2. Scroll đến block Ultra Fast 3. Check hiển thị block Ultra Fast | F63: Block UltraFast hiển thị đúng theo config trên CMS - Section dịch vụ số | G63: Pass | H63: AnhDC4
A64: =IF(E64="","",$C$3&"."&COUNTA($E$9:E64)&"") -> TC_06.49 | B64: High | C64: Check tiêu đề block Ultra Fast hiển thị đúng | D64: Block Ultra Fast đã được cấu hình trên CMS | E64: 1. Truy cập trang danh mục tổng hợp dịch vụ số 2. Scroll đến block Ultra Fast 3. Check tiêu đề block | F64: Tiêu đề hiển thị đúng theo config trên CMS. Ví dụ: ' Ultra Fast – Giảm ping Giảm lag trên Mobile' | G64: Pass | H64: AnhDC4
A65: =IF(E65="","",$C$3&"."&COUNTA($E$9:E65)&"") -> TC_06.50 | B65: High | C65: Check banner dọc bên trái block Ultra Fast hiển thị đúng hình ảnh | D65: Banner dọc Ultra Fast đã được upload trên CMS | E65: 1. Truy cập trang danh mục tổng hợp dịch vụ số 2. Scroll đến block Ultra Fast 3. Check ảnh banner dọc bên trái block | F65: Banner dọc hiển thị đúng hình ảnh, không vỡ, đúng tỉ lệ. Hiển thị đúng theo config trên CMS | G65: Pass | H65: AnhDC4
A66: =IF(E66="","",$C$3&"."&COUNTA($E$9:E66)&"") -> TC_06.51 | B66: High | C66: Check click vào banner dọc bên trái block Ultra Fast | D66: Banner dọc Ultra Fast đã được upload trên CMS | E66: 1. Truy cập trang danh mục tổng hợp dịch vụ số 2. Scroll đến block Ultra Fast 3. Check click vào banner dọc bên trái block Ultra Fast | F66: Hệ thống điều hướng màn hình theo link config trên CMS | G66: Pass | H66: AnhDC4
A67: =IF(E67="","",$C$3&"."&COUNTA($E$9:E67)&"") -> TC_06.52 | B67: High | C67: Check card gói Ultra Fast hiển thị đầy đủ các trường thông tin | D67: Card gói Ultra Fast đang hiển thị trên trang | E67: 1. Truy cập trang danh mục tổng hợp dịch vụ số 2. Scroll đến block Ultra Fast 3. Quan sát một card gói bất kỳ 4. Check từng trường thông tin | F67: Card hiển thị đủ mỗi card gồm: + Ảnh banner gói (Image) + Title Tên gói (Text, VD: ' Ultra Fast – 1 tháng') + Giá (Text, VD: '40.000đ/tháng') + Text Ghi chú VAT (Text: 'Đã bao gồm VAT') + Icon thông tin '!' + Nội dung ưu đãi + Button Mua ngay | G67: Pass | H67: AnhDC4
A68: =IF(E68="","",$C$3&"."&COUNTA($E$9:E68)&"") -> TC_06.53 | B68: High | C68: Check hiển thị card gói Ultra Fast theo thứ tự của config trên CMS | D68: Block Ultra Fast có các card gói được cấu hình trên CMS | E68: 1. Scroll đến block Ultra Fast 2. Check hiển thị card gói Ultra Fast theo thứ tự của config trên CMS | F68: Hiển thị đúng danh sách card theo thứ tự card mới nhất sẽ hiển thị đầu tiên từ trái sang phải | G68: Pass | H68: AnhDC4
A69: =IF(E69="","",$C$3&"."&COUNTA($E$9:E69)&"") -> TC_06.54 | B69: High | C69: Check banner card gói dịch vụ Ultra Fast | D69: Banner card gói Ultra Fast đã được upload trên ProductHub | E69: 1. Truy cập trang danh mục tổng hợp dịch vụ số 2. Scroll đến block Ultra Fast 3. Quan sát một card gói bất kỳ 4. Check banner card gói dịch vụ Ultra Fast | F69: Banner card gói hiển thị đúng hình ảnh, không vỡ, đúng tỉ lệ. Hiển thị đúng theo config trên Product hub | G69: Pass | H69: AnhDC4
A70: =IF(E70="","",$C$3&"."&COUNTA($E$9:E70)&"") -> TC_06.55 | B70: High | C70: Check title Tên gói dịch vụ Ultra Fast | D70: Card gói Ultra Fast đang hiển thị | E70: 1. Truy cập trang danh mục tổng hợp dịch vụ số 2. Scroll đến block Ultra Fast 3. Quan sát một card gói bất kỳ 4. Check title Tên gói dịch vụ Ultra Fast | F70: Hiển thị tên sản phẩm/dịch vụ theo cấu hình trên ProductHub | G70: Pass | H70: AnhDC4
A71: =IF(E71="","",$C$3&"."&COUNTA($E$9:E71)&"") -> TC_06.56 | B71: High | C71: Check giá tại card gói dịch vụ Ultra Fast cập nhật theo khu vực sau khi chọn location | D71: Đã chọn địa chỉ khu vực có chính sách giá riêng cho Ultra Fast | E71: 1. Truy cập trang danh mục tổng hợp dịch vụ số 2. Chọn địa chỉ khu vực trên header 3. Scroll đến block Ultra Fast 4. Check giá hiển thị trên card | F71: Giá card Ultra Fast cập nhật đúng theo chính sách giá config trên Producthub của khu vực đã chọn | G71: Pass | H71: AnhDC4
A72: =IF(E72="","",$C$3&"."&COUNTA($E$9:E72)&"") -> TC_06.57 | B72: High | C72: Check giá tại card gói dịch vụ Ultra Fast khi chưa chọn location | D72: Chưa chọn location | E72: 1. Truy cập trang danh mục tổng hợp dịch vụ số 2. Scroll đến block Ultra Fast 3. Check giá hiển thị trên card | F72: Giá card gói dịch vụ Ultra Fast hiển thị đúng theo chính sách giá đã config trên ProductHub | G72: Pass | H72: AnhDC4
A73: =IF(E73="","",$C$3&"."&COUNTA($E$9:E73)&"") -> TC_06.58 | B73: High | C73: Check ẩn card gói dịch vụ Ultra Fast khi khu vực không có chính sách giá tương ứng | D73: Đã chọn khu vực không có chính sách giá cho Ultra Fast | E73: 1. Truy cập trang danh mục tổng hợp dịch vụ số 2. Chọn khu vực không có chính sách Ultra Fast 3. Scroll đến vị trí block Ultra Fast 4. Check card hiển thị | F73: Card gói không hiển thị trên block Ultra Fast | G73: Pass | H73: AnhDC4
... A79: =IF(E79="","",$C$3&"."&COUNTA($E$9:E79)&"") -> TC_06.64 | B79: Medium | C79: Check auto snap full card khi dừng scroll ngang | D79: Block Ultra Fast đang scroll ngang dở giữa 2 card | E79: 1. Truy cập trang danh mục tổng hợp dịch vụ số 2. Scroll ngang đến vị trí giữa 2 card 3. Dừng scroll 4. Check card hiển thị | F79: Hệ thống tự snap về full card, hiển thị đầy đủ card đang chiếm diện tích nhiều nhất | G79: Pass | H79: AnhDC4
A80: Block Thiết bị và Dịch vụ số
A81: =IF(E81="","",$C$3&"."&COUNTA($E$9:E81)&"") -> TC_06.65 | B81: Medium | C81: Check tổng quan block Thiết bị và Dịch vụ số — liệt kê đủ các trường thông tin | D81: Block mô tả đã được cấu hình nội dung trên CMS | E81: 1. Truy cập trang danh mục tổng hợp dịch vụ số 2. Scroll đến block 'Thiết bị và Dịch vụ số' 3. Quan sát toàn bộ block 4. Check từng trường thông tin có mặt | F81: Block hiển thị đúng và đầy đủ các trường: - Tiêu đề block: 'Thiết bị và dịch vụ số' - Ảnh minh họa - Nội dung mô tả - Button 'Xem thêm' — mở rộng toàn bộ nội dung - Button 'Rút gọn' — xuất hiện thay 'Xem thêm' sau khi mở rộng | G81: Pass | H81: AnhDC4
A82: =IF(E82="","",$C$3&"."&COUNTA($E$9:E82)&"") -> TC_06.66 | B82: High | C82: Check block 'Thiết bị và dịch vụ số' hiển thị tiêu đề, ảnh và nội dung mô tả | D82: Block mô tả đã được cấu hình nội dung trên CMS | E82: 1. Truy cập trang danh mục tổng hợp dịch vụ số 2. Scroll xuống block 'Thiết bị và dịch vụ số' 3. Check tiêu đề, ảnh và text mô tả | F82: Hiển thị đúng tiêu đề 'Thiết bị và dịch vụ số', ảnh đại diện và đoạn mô tả về FPT Telecom theo config trên CMS | G82: Pass | H82: AnhDC4
A83: =IF(E83="","",$C$3&"."&COUNTA($E$9:E83)&"") -> TC_06.67 | B83: High | C83: Check mặc định nội dung thu gọn và button 'Xem thêm' visible | D83: Block mô tả có nội dung dài đã được cấu hình | E83: 1. Truy cập trang danh mục tổng hợp dịch vụ số 2. Scroll đến block 'Thiết bị và dịch vụ số' 3. Quan sát trạng thái nội dung mặc định 4. Check button Xem thêm | F83: Nội dung ở trạng thái thu gọn; button 'Xem thêm' visible và có thể click | G83: Pass | H83: AnhDC4
A84: =IF(E84="","",$C$3&"."&COUNTA($E$9:E84)&"") -> TC_06.68 | B84: High | C84: Check click 'Xem thêm' mở rộng toàn bộ nội dung mô tả | D84: Block mô tả đang ở trạng thái thu gọn | E84: 1. Truy cập trang danh mục tổng hợp dịch vụ số 2. Scroll đến block 'Thiết bị và dịch vụ số' 3. Click button 'Xem thêm' 4. Check nội dung sau click button Xem thêm | F84: Toàn bộ nội dung được mở rộng; button 'Xem thêm' chuyển thành 'Rút gọn' | G84: Pass | H84: AnhDC4
A85: =IF(E85="","",$C$3&"."&COUNTA($E$9:E85)&"") -> TC_06.69 | B85: High | C85: Check click 'Rút gọn' thu gọn lại nội dung về trạng thái ban đầu | D85: Block mô tả đang ở trạng thái mở rộng (sau khi click 'Xem thêm') | E85: 1. Truy cập trang danh mục tổng hợp dịch vụ số 2. Scroll đến block 'Thiết bị và dịch vụ số' 3. Click button 'Rút gọn' 4. Check nội dung sau click | F85: Nội dung thu gọn về mặc định; button 'Rút gọn' chuyển lại thành 'Xem thêm' | G85: Pass | H85: AnhDC4
A86: =IF(E86="","",$C$3&"."&COUNTA($E$9:E86)&"") -> TC_06.70 | B86: Medium | C86: Check nội dung mô tả hỗ trợ render đúng định dạng HTML từ CMS | D86: Nội dung mô tả có chứa formatting HTML (bold, italic, link) | E86: 1. Truy cập trang danh mục tổng hợp dịch vụ số 2. Scroll đến block 'Thiết bị và dịch vụ số' 3. Click 'Xem thêm' 4. Check các formatting trong nội dung | F86: Nội dung render đúng: bold, italic hiển thị đúng; link có thể click được | G86: Pass | H86: AnhDC4
A87: =IF(E87="","",$C$3&"."&COUNTA($E$9:E87)&"") -> TC_06.71 | B87: Medium | C87: Check block mô tả ẩn khi setup không hiển thị trên CMS | D87: Block mô tả được cấu hình ẩn trên CMS | E87: 1. Truy cập trang danh mục 2. Scroll đến vị trí block mô tả 3. Check block có hiển thị không | F87: Block 'Thiết bị và dịch vụ số' không hiển thị trên trang | G87: Pass | H87: AnhDC4
A88: =IF(E88="","",$C$3&"."&COUNTA($E$9:E88)&"") -> TC_06.72 | B88: Low | C88: Check ảnh trong block mô tả hiển thị đúng kích thước và tỉ lệ | D88: Block mô tả đang hiển thị với ảnh đã được upload | E88: 1. Truy cập trang danh mục tổng hợp dịch vụ số 2. Scroll đến block 'Thiết bị và dịch vụ số' 3. Quan sát ảnh minh họa 4. Check kích thước và tỉ lệ | F88: Ảnh hiển thị đúng kích thước, không bị vỡ hoặc kéo giãn; tỉ lệ đúng theo thiết kế theo config CMS | G88: Pass | H88: AnhDC4
A89: Block Câu hỏi thường gặp (FAQ)
A90: =IF(E90="","",$C$3&"."&COUNTA($E$9:E90)&"") -> TC_06.73 | B90: Medium | C90: Check tổng quan block Câu hỏi thường gặp (FAQ) | D90: block Câu hỏi thường gặp đã được cấu hình ít nhất 1 câu hỏi trên CMS | E90: 1. Truy cập trang danh mục tổng hợp dịch vụ số 2. Scroll đến block 'Câu hỏi thường gặp' 3. Quan sát toàn bộ block 4. Check tổng quan block Câu hỏi thường gặp (FAQ) | F90: block Câu hỏi thường gặp hiển thị đúng và đầy đủ các trường: - Tiêu đề block: 'Câu hỏi thường gặp' (Text) - Danh sách FAQ, mỗi câu gồm: + Nội dung câu hỏi (Text) + Icon '+' — click để mở câu trả lời + Nội dung câu trả lời (Text — ẩn mặc định) + Icon '-' — xuất hiện thay '+' khi câu trả lời đang mở, click để đóng | G90: Pass | H90: AnhDC4
A91: =IF(E91="","",$C$3&"."&COUNTA($E$9:E91)&"") -> TC_06.74 | B91: High | C91: Check block Câu hỏi thường gặp hiển thị tiêu đề 'Câu hỏi thường gặp' và danh sách câu hỏi | D91: block Câu hỏi thường gặp được cấu hình với ít nhất 3 câu hỏi trên CMS | E91: 1. Truy cập trang danh mục tổng hợp dịch vụ số 2. Scroll đến block 'Câu hỏi thường gặp' 3. Check tiêu đề và danh sách | F91: Hiển thị tiêu đề 'Câu hỏi thường gặp'; danh sách câu hỏi đầy đủ theo cấu hình CMS | G91: Pass | H91: AnhDC4
A92: =IF(E92="","",$C$3&"."&COUNTA($E$9:E92)&"") -> TC_06.75 | B92: High | C92: Check mặc định chỉ hiển thị câu hỏi, câu trả lời bị ẩn với icon '+' | D92: block Câu hỏi thường gặp đang hiển thị | E92: 1. Truy cập trang danh mục tổng hợp dịch vụ số 2. Scroll đến block 'Câu hỏi thường gặp' 3. Quan sát trạng thái mặc định từng câu hỏi | F92: Mặc định chỉ thấy câu hỏi kèm icon '+'; câu trả lời hoàn toàn ẩn | G92: Pass | H92: AnhDC4
A93: =IF(E93="","",$C$3&"."&COUNTA($E$9:E93)&"") -> TC_06.76 | B93: High | C93: Check click icon '+' hiển thị câu trả lời và chuyển thành icon '-' | D93: block Câu hỏi thường gặp đang ở trạng thái mặc định (câu trả lời ẩn) | E93: 1. Truy cập trang danh mục tổng hợp dịch vụ số 2. Scroll đến block 'Câu hỏi thường gặp' 3. Click icon '+' bên cạnh câu hỏi đầu tiên 4. Check câu trả lời và icon | F93: Câu trả lời hiển thị đầy đủ; icon '+' chuyển thành icon '-' | G93: Pass | H93: AnhDC4
A94: =IF(E94="","",$C$3&"."&COUNTA($E$9:E94)&"") -> TC_06.77 | B94: High | C94: Check click icon '-' ẩn câu trả lời và chuyển lại thành icon '+' | D94: Câu trả lời của một câu hỏi đang được mở (icon '-' visible) | E94: 1. Truy cập trang danh mục tổng hợp dịch vụ số 2. Scroll đến block 'Câu hỏi thường gặp' 3. Click icon '-' bên cạnh câu hỏi đang mở 4. Check câu trả lời và icon | F94: Câu trả lời ẩn đi; icon '-' chuyển lại thành '+' | G94: Pass | H94: AnhDC4
A95: =IF(E95="","",$C$3&"."&COUNTA($E$9:E95)&"") -> TC_06.78 | B95: Medium | C95: Check behavior khi mở nhiều câu hỏi đồng thời | D95: block Câu hỏi thường gặp có ít nhất 2 câu hỏi | E95: 1. Truy cập trang danh mục tổng hợp dịch vụ số 2. Scroll đến block 'Câu hỏi thường gặp' 3. Click icon '+' câu hỏi thứ 1 4. Click icon '+' câu hỏi thứ 2 5. Check trạng thái 2 câu hỏi | F95: chỉ cho phép 1 câu mở, câu cũ tự đóng | G95: Pass | H95: AnhDC4
A96: =IF(E96="","",$C$3&"."&COUNTA($E$9:E96)&"") -> TC_06.79 | B96: Medium | C96: Check nội dung câu hỏi và câu trả lời đúng với cấu hình trên CMS | D96: block Câu hỏi thường gặp đã được cấu hình nội dung trên CMS | E96: 1. Truy cập trang danh mục tổng hợp dịch vụ số 2. Scroll đến block 'Câu hỏi thường gặp' 3. Mở từng câu hỏi 4. So sánh nội dung với cấu hình CMS | F96: Nội dung câu hỏi và câu trả lời khớp đúng với nội dung đã setup trên CMS | G96: Pass | H96: AnhDC4
A97: =IF(E97="","",$C$3&"."&COUNTA($E$9:E97)&"") -> TC_06.80 | B97: Medium | C97: Check số lượng câu hỏi hiển thị đúng theo cấu hình CMS | D97: block Câu hỏi thường gặp được cấu hình 5 câu hỏi | E97: 1. Truy cập trang danh mục tổng hợp dịch vụ số 2. Scroll đến block 'Câu hỏi thường gặp' 3. Đếm tổng số câu hỏi hiển thị | F97: Số câu hỏi hiển thị = số câu hỏi đã cấu hình (5 câu); không thừa không thiếu | G97: Pass | H97: AnhDC4
A98: =IF(E98="","",$C$3&"."&COUNTA($E$9:E98)&"") -> TC_06.81 | B98: Medium | C98: Check câu trả lời dài hiển thị đầy đủ nội dung khi mở rộng | D98: Có câu hỏi FAQ có câu trả lời nhiều dòng | E98: 1. Truy cập trang danh mục tổng hợp dịch vụ số 2. Scroll đến block 'Câu hỏi thường gặp' 3. Click icon '+' của câu hỏi có câu trả lời dài 4. Check nội dung hiển thị | F98: Toàn bộ câu trả lời dài được hiển thị đầy đủ sau khi mở; không bị cắt bớt | G98: Pass | H98: AnhDC4
A99: =IF(E99="","",$C$3&"."&COUNTA($E$9:E99)&"") -> TC_06.82 | B99: Low | C99: Check block Câu hỏi thường gặp ẩn khi setup không hiển thị trên CMS | D99: block Câu hỏi thường gặp được cấu hình ẩn trên CMS | E99: 1. Truy cập trang danh mục tổng hợp dịch vụ số 2. Scroll đến block 'Câu hỏi thường gặp' 3. Check block có hiển thị không | F99: block Câu hỏi thường gặp không hiển thị trên trang | G99: Pass | H99: AnhDC4
A100: =IF(E100="","",$C$3&"."&COUNTA($E$9:E100)&"") -> TC_06.83 | B100: Low | C100: Check FAQ tái sử dụng đồng bộ nội dung khi hiển thị trên nhiều trang | D100: Câu hỏi FAQ được cấu hình dùng chung trên ít nhất 2 trang | E100: 1. Truy cập trang danh mục tổng hợp dịch vụ số và check câu hỏi FAQ 2. Truy cập trang danh mục khác và check câu hỏi FAQ tương tự 3. So sánh nội dung | F100: Nội dung câu hỏi giống nhau trên cả 2 trang; chỉnh sửa 1 nơi đồng bộ sang nơi kia | G100: Pass | H100: AnhDC4
A101: Footer
A102: =IF(E102="","",$C$3&"."&COUNTA($E$9:E102)&"") -> TC_06.84 | B102: Medium | C102: Check tổng quan Footer | D102: Trang danh mục đang hoạt động bình thường | E102: 1. Truy cập trang danh mục tổng hợp dịch vụ số 2. Scroll xuống footer 3. Quan sát toàn bộ footer 4. Check từng trường thông tin có mặt | F102: Footer hiển thị đúng và đầy đủ các trường: - Logo FPT Telecom - Social icons: HiFPT | YouTube | Instagram | Zalo | Facebook - Hotline: 1900 6600 - Text: Tongdaiwifi.vn - Website chính thức thuộc Công Ty Cổ Phần Viễn Thông FPT - Thông tin công ty: Tên, số ĐKKD, địa chỉ trụ sở, email, người đại diện - Navigation links cột 'Về FPT Telecom' - Navigation links cột 'Khách hàng FPT Telecom' - Navigation links cột 'Sản phẩm dịch vụ' - Logo chứng nhận / đảm bảo | G102: Pass | H102: AnhDC4
A103: =IF(E103="","",$C$3&"."&COUNTA($E$9:E103)&"") -> TC_06.85 | B103: Medium | C103: Check click icon HiFPT ở footer | D103: Footer hiển thị với icon social HiFPT | E103: 1. Truy cập trang danh mục tổng hợp dịch vụ số 2. Scroll xuống footer 3. Click icon social HiFPT 4. Check URL điều hướng và tab | F103: Điều hướng đúng trang web HiFPT | G103: Pass | H103: AnhDC4
A104: =IF(E104="","",$C$3&"."&COUNTA($E$9:E104)&"") -> TC_06.86 | B104: Medium | C104: Check click icon Youtube ở footer | D104: Footer hiển thị với icon social Youtube | E104: 1. Truy cập trang danh mục tổng hợp dịch vụ số 2. Scroll xuống footer 3. Click icon social Youtube 4. Check URL điều hướng và tab | F104: Điều hướng đúng trang mạng xã hội Youtube | G104: Pass | H104: AnhDC4
A105: =IF(E105="","",$C$3&"."&COUNTA($E$9:E105)&"") -> TC_06.87 | B105: Medium | C105: Check click icon Instagram ở footer | D105: Footer hiển thị với icon social Instagram | E105: 1. Truy cập trang danh mục tổng hợp dịch vụ số 2. Scroll xuống footer 3. Click icon social Instagram 4. Check URL điều hướng và tab | F105: Điều hướng đúng trang mạng xã hội Instagram | G105: Pass | H105: AnhDC4
A106: =IF(E106="","",$C$3&"."&COUNTA($E$9:E106)&"") -> TC_06.88 | B106: Medium | C106: Check click icon Zalo ở footer | D106: Footer hiển thị với icon social Zalo | E106: 1. Truy cập trang danh mục tổng hợp dịch vụ số 2. Scroll xuống footer 3. Click icon social Zalo 4. Check URL điều hướng và tab | F106: Điều hướng đúng trang mạng xã hội Zalo | G106: Pass | H106: AnhDC4
A107: =IF(E107="","",$C$3&"."&COUNTA($E$9:E107)&"") -> TC_06.89 | B107: Medium | C107: Check click icon Facebook ở footer | D107: Footer hiển thị với icon social Facebook | E107: 1. Truy cập trang danh mục tổng hợp dịch vụ số 2. Scroll xuống footer 3. Click icon social Facebook 4. Check URL điều hướng và tab | F107: Điều hướng đúng trang mạng xã hội Facebook | G107: Pass | H107: AnhDC4
A108: =IF(E108="","",$C$3&"."&COUNTA($E$9:E108)&"") -> TC_06.90 | B108: Medium | C108: Check hotline 1900 6600 hiển thị đúng và click được gọi trên mobile | D108: Footer đang hiển thị | E108: 1. Truy cập trang danh mục tổng hợp dịch vụ số 2. Scroll xuống footer 3. Check số hotline hiển thị 4. Trên mobile: click số điện thoại | F108: Hotline 1900 6600 hiển thị đúng; trên mobile click mở giao diện gọi điện | G108: Pass | H108: AnhDC4
A109: =IF(E109="","",$C$3&"."&COUNTA($E$9:E109)&"") -> TC_06.91 | B109: Medium | C109: Check các navigation links trong footer điều hướng đúng trang tương ứng | D109: Footer hiển thị với đầy đủ navigation links | E109: 1. Truy cập trang danh mục tổng hợp dịch vụ số 2. Scroll xuống footer 3. Click link 'Về FPT Telecom' 4. Check URL 5. Lặp lại với vài link khác | F109: Các link footer điều hướng đúng trang tương ứng: Về FPT Telecom, Khách hàng, Sản phẩm dịch vụ | G109: Pass | H109: AnhDC4
A110: =IF(E110="","",$C$3&"."&COUNTA($E$9:E110)&"") -> TC_06.92 | B110: Medium | C110: Check link 'Giới thiệu chung' trong cột 'Về FPT Telecom' điều hướng đúng trang | D110: Footer đang hiển thị với navigation links visible | E110: 1. Truy cập trang danh mục tổng hợp dịch vụ số 2. Scroll xuống footer 3. Tìm cột 'Về FPT Telecom' 4. Click link 'Giới thiệu chung' 5. Check URL trang đích | F110: Điều hướng đến trang Giới thiệu chung FPT Telecom; URL và nội dung trang đúng | G110: Pass | H110: AnhDC4
A111: =IF(E111="","",$C$3&"."&COUNTA($E$9:E111)&"") -> TC_06.93 | B111: Medium | C111: Check link 'Liên kết - Thành viên' trong cột 'Về FPT Telecom' điều hướng đúng trang | D111: Footer đang hiển thị với navigation links visible | E111: 1. Truy cập trang danh mục tổng hợp dịch vụ số 2. Scroll xuống footer 3. Tìm cột 'Về FPT Telecom' 4. Click link 'Liên kết - Thành viên' 5. Check URL | F111: Điều hướng đến trang Liên kết - Thành viên FPT Telecom đúng | G111: Pass | H111: AnhDC4
A112: =IF(E112="","",$C$3&"."&COUNTA($E$9:E112)&"") -> TC_06.94 | B112: Medium | C112: Check link 'Quan hệ cổ đông' trong cột 'Về FPT Telecom' điều hướng đúng trang | D112: Footer đang hiển thị với navigation links visible | E112: 1. Truy cập trang danh mục tổng hợp dịch vụ số 2. Scroll xuống footer 3. Tìm cột 'Về FPT Telecom' 4. Click link 'Quan hệ cổ đông' 5. Check URL | F112: Điều hướng đến trang Quan hệ cổ đông FPT Telecom đúng | G112: Pass | H112: AnhDC4
A113: =IF(E113="","",$C$3&"."&COUNTA($E$9:E113)&"") -> TC_06.95 | B113: Medium | C113: Check link 'Tập đoàn FPT' trong cột 'Về FPT Telecom' điều hướng đúng trang | D113: Footer đang hiển thị với navigation links visible | E113: 1. Truy cập trang danh mục tổng hợp dịch vụ số 2. Scroll xuống footer 3. Tìm cột 'Về FPT Telecom' 4. Click link 'Tập đoàn FPT' 5. Check URL | F113: Điều hướng đến trang chủ Tập đoàn FPT đúng; mở tab mới nếu là external link | G113: Pass | H113: AnhDC4
...

Sheet check out
F1: Không đẩy data ghi chú vào PTC: https://foxproject.atlassian.net/browse/EP-908 Thanh toán thành công như vẫn tạo KHTN: https://foxproject.atlassian.net/browse/EP-909 Không tìm được đơn hàng thanh toán thất bại: https://foxproject.atlassian.net/browse/EP-913 - > bug won't fix Đơn hàng timeout không back về màn thanh toán thất bại https://foxproject.atlassian.net/browse/EP-953
A2: Gói | B2: PTTT | C2: Data test | D2: Đánh giá | E2: Ghi chú | F2: ID Bug
A3: goi-giga | B3: COD | C3: SGABN9053 | F3: Không đẩy data ghi chú vào PTC: https://foxproject.atlassian.net/browse/EP-908
B4: MOMO | C4: SGABN8943
B5: VISA | C5: SGABN8945 | F5: https://foxproject.atlassian.net/browse/EP-896 : đang báo lỗi xảy ra trong quá trình thanh toán => bug won't fix
B6: ATM | C6: SGABN8944
B7: Chuyển khoản | C7: SGABN9030 | E7: có thể thanh toán zlp, ghi nhận tt fox pay
B8: Zalo pay | C8: SGABN9029 | E8: ghi nhận foxpay
B9: VietQR | C9: SGABN9070
A10: combo-sky-ibb | B10: COD | C10: SGABN9094
B11: MOMO | C11: SGABN9224/SGABN9221 | E11: có đẩy khtn
B12: VISA | C12: SGABN9095/BDAAF0191 | E12: có đẩy khtn
B13: ATM | C13: SGABN9171 | E13: có đẩy kntn
B14: Chuyển khoản | C14: SGABN9184 | E14: có đẩy kntn
B15: Zalo pay | C15: SGABN9182 | E15: có đẩy kntn
B16: VietQR | C16: SGABN9174 | E16: có đẩy kntn
